City,Year,avg_city_temp
Abidjan,1849,25.582583333333336
Abidjan,1850,25.518250000000005
Abidjan,1851,25.672333333333338
Abidjan,1856,26.27733333333333
Abidjan,1857,25.16909090909091
Abidjan,1858,25.48675
Abidjan,1859,25.920916666666667
Abidjan,1860,25.464363636363636
Abidjan,1861,25.6718
Abidjan,1862,25.173499999999997
Abidjan,1873,25.6185
Abidjan,1874,25.681818181818183
Abidjan,1875,25.247833333333336
Abidjan,1876,25.144166666666663
Abidjan,1877,25.846500000000002
Abidjan,1878,25.87433333333333
Abidjan,1879,25.383999999999997
Abidjan,1880,25.957083333333333
Abidjan,1881,26.073333333333338
Abidjan,1882,25.68716666666667
Abidjan,1883,26.131333333333334
Abidjan,1884,26.366625
Abidjan,1885,26.0685
Abidjan,1886,25.47416666666666
Abidjan,1887,24.91175
Abidjan,1888,24.946166666666667
Abidjan,1889,25.121750000000002
Abidjan,1890,24.857499999999998
Abidjan,1891,25.109083333333334
Abidjan,1892,25.16725
Abidjan,1893,25.330916666666663
Abidjan,1894,25.040499999999998
Abidjan,1895,25.371166666666667
Abidjan,1896,25.33316666666667
Abidjan,1897,25.642166666666668
Abidjan,1898,25.47125000000001
Abidjan,1899,26.463666666666665
Abidjan,1900,26.118499999999997
Abidjan,1901,25.918249999999997
Abidjan,1902,25.58941666666667
Abidjan,1903,25.48175
Abidjan,1904,25.236916666666673
Abidjan,1905,25.783083333333334
Abidjan,1906,26.075583333333338
Abidjan,1907,25.685083333333335
Abidjan,1908,25.796750000000003
Abidjan,1909,25.56608333333334
Abidjan,1910,25.702166666666667
Abidjan,1911,25.414749999999998
Abidjan,1912,26.417
Abidjan,1913,26.325750000000003
Abidjan,1914,26.27716666666667
Abidjan,1915,26.28725
Abidjan,1916,26.131916666666665
Abidjan,1917,26.473333333333333
Abidjan,1918,25.932666666666673
Abidjan,1919,26.192583333333328
Abidjan,1920,26.324166666666667
Abidjan,1921,26.42025
Abidjan,1922,26.22916666666666
Abidjan,1923,25.962166666666665
Abidjan,1924,26.09216666666667
Abidjan,1925,26.09141666666667
Abidjan,1926,26.792999999999996
Abidjan,1927,26.230749999999997
Abidjan,1928,26.162916666666664
Abidjan,1929,26.50066666666667
Abidjan,1930,26.391416666666668
Abidjan,1931,26.43641666666667
Abidjan,1932,25.807333333333332
Abidjan,1933,26.545749999999998
Abidjan,1934,26.375083333333333
Abidjan,1935,26.152083333333337
Abidjan,1936,25.881666666666664
Abidjan,1937,26.53758333333333
Abidjan,1938,26.534583333333334
Abidjan,1939,25.84233333333334
Abidjan,1940,26.606083333333334
Abidjan,1941,26.77141666666667
Abidjan,1942,26.342250000000003
Abidjan,1943,26.06425
Abidjan,1944,26.55683333333333
Abidjan,1945,26.515416666666667
Abidjan,1946,26.250250000000005
Abidjan,1947,26.371083333333335
Abidjan,1948,26.147666666666666
Abidjan,1949,26.505999999999997
Abidjan,1950,26.195416666666663
Abidjan,1951,26.324750000000005
Abidjan,1952,26.2795
Abidjan,1953,26.244416666666666
Abidjan,1954,26.01108333333333
Abidjan,1955,26.02783333333333
Abidjan,1956,25.895166666666668
Abidjan,1957,26.276750000000003
Abidjan,1958,26.18641666666667
Abidjan,1959,26.38650000000001
Abidjan,1960,26.363833333333332
Abidjan,1961,26.252750000000002
Abidjan,1962,26.185083333333328
Abidjan,1963,26.551916666666667
Abidjan,1964,25.960000000000004
Abidjan,1965,25.97425
Abidjan,1966,26.447583333333338
Abidjan,1967,26.05116666666667
Abidjan,1968,26.287916666666664
Abidjan,1969,26.545749999999998
Abidjan,1970,26.510999999999996
Abidjan,1971,26.10466666666667
Abidjan,1972,26.282750000000004
Abidjan,1973,26.80333333333333
Abidjan,1974,26.212166666666665
Abidjan,1975,26.118416666666672
Abidjan,1976,25.841916666666666
Abidjan,1977,26.40025
Abidjan,1978,26.161916666666666
Abidjan,1979,26.665666666666667
Abidjan,1980,26.47075
Abidjan,1981,26.425416666666667
Abidjan,1982,26.17125
Abidjan,1983,26.662916666666664
Abidjan,1984,26.63508333333333
Abidjan,1985,26.296083333333332
Abidjan,1986,26.35375
Abidjan,1987,27.261166666666668
Abidjan,1988,26.783666666666665
Abidjan,1989,26.649666666666665
Abidjan,1990,26.59925
Abidjan,1991,26.517583333333334
Abidjan,1992,26.36425
Abidjan,1993,26.56175
Abidjan,1994,26.566833333333335
Abidjan,1995,26.87483333333333
Abidjan,1996,26.583333333333332
Abidjan,1997,26.539916666666667
Abidjan,1998,27.16333333333333
Abidjan,1999,26.696250000000003
Abidjan,2000,26.753083333333336
Abidjan,2001,26.693583333333333
Abidjan,2002,26.840999999999998
Abidjan,2003,27.05066666666667
Abidjan,2004,26.986000000000004
Abidjan,2005,26.976583333333327
Abidjan,2006,26.988083333333332
Abidjan,2007,27.006833333333333
Abidjan,2008,26.944499999999994
Abidjan,2009,26.982
Abidjan,2010,27.445416666666663
Abidjan,2011,27.017583333333334
Abidjan,2012,26.766333333333332
Abidjan,2013,27.228499999999997
Addis Abeba,1850,16.86481818181818
Addis Abeba,1859,16.922800000000002
Addis Abeba,1864,16.9375
Addis Abeba,1875,16.312875
Addis Abeba,1876,16.830833333333334
Addis Abeba,1877,17.44125
Addis Abeba,1878,17.650000000000002
Addis Abeba,1880,17.27663636363636
Addis Abeba,1881,17.612272727272725
Addis Abeba,1882,17.159333333333333
Addis Abeba,1883,16.92716666666667
Addis Abeba,1884,16.78308333333333
Addis Abeba,1885,17.050083333333333
Addis Abeba,1886,17.087083333333332
Addis Abeba,1887,16.820249999999998
Addis Abeba,1888,16.813750000000002
Addis Abeba,1889,17.367333333333335
Addis Abeba,1890,17.369416666666666
Addis Abeba,1891,17.18216666666667
Addis Abeba,1892,17.049333333333333
Addis Abeba,1893,17.008916666666668
Addis Abeba,1894,16.983583333333332
Addis Abeba,1895,17.15525
Addis Abeba,1896,17.185750000000002
Addis Abeba,1897,17.429333333333336
Addis Abeba,1898,17.791999999999998
Addis Abeba,1899,17.43625
Addis Abeba,1900,17.31141666666667
Addis Abeba,1901,17.611250000000002
Addis Abeba,1902,17.224666666666668
Addis Abeba,1903,17.1375
Addis Abeba,1904,17.20025
Addis Abeba,1905,17.18766666666667
Addis Abeba,1906,17.113833333333336
Addis Abeba,1907,16.83158333333333
Addis Abeba,1908,17.16375
Addis Abeba,1909,16.743166666666667
Addis Abeba,1910,17.579166666666666
Addis Abeba,1911,17.515
Addis Abeba,1912,17.04858333333333
Addis Abeba,1913,16.86883333333334
Addis Abeba,1914,17.81716666666667
Addis Abeba,1915,17.866666666666667
Addis Abeba,1916,16.99025
Addis Abeba,1917,16.66875
Addis Abeba,1918,16.944916666666664
Addis Abeba,1919,17.847249999999995
Addis Abeba,1920,17.33275
Addis Abeba,1921,17.218333333333334
Addis Abeba,1922,16.98725
Addis Abeba,1923,16.94583333333333
Addis Abeba,1924,17.377333333333336
Addis Abeba,1925,17.234416666666664
Addis Abeba,1926,17.414666666666665
Addis Abeba,1927,17.3875
Addis Abeba,1928,17.276833333333332
Addis Abeba,1929,17.377333333333333
Addis Abeba,1930,17.51575
Addis Abeba,1931,17.822
Addis Abeba,1932,17.187416666666667
Addis Abeba,1933,17.65641666666667
Addis Abeba,1934,17.378666666666664
Addis Abeba,1935,17.614916666666666
Addis Abeba,1936,17.36283333333333
Addis Abeba,1937,17.52141666666667
Addis Abeba,1938,17.52825
Addis Abeba,1939,17.648166666666665
Addis Abeba,1940,17.847583333333333
Addis Abeba,1941,18.013166666666667
Addis Abeba,1942,17.792583333333333
Addis Abeba,1943,17.500083333333336
Addis Abeba,1944,17.671333333333333
Addis Abeba,1945,17.689916666666665
Addis Abeba,1946,17.677500000000006
Addis Abeba,1947,17.791666666666668
Addis Abeba,1948,17.296166666666668
Addis Abeba,1949,17.291916666666665
Addis Abeba,1950,17.080166666666667
Addis Abeba,1951,17.397166666666667
Addis Abeba,1952,17.787833333333335
Addis Abeba,1953,17.795083333333334
Addis Abeba,1954,17.511416666666666
Addis Abeba,1955,17.554916666666667
Addis Abeba,1956,17.133
Addis Abeba,1957,17.421000000000003
Addis Abeba,1958,17.837666666666667
Addis Abeba,1959,17.777833333333334
Addis Abeba,1960,17.428583333333332
Addis Abeba,1961,17.303
Addis Abeba,1962,17.38575
Addis Abeba,1963,17.696416666666668
Addis Abeba,1964,17.456333333333337
Addis Abeba,1965,17.527416666666667
Addis Abeba,1966,17.519333333333336
Addis Abeba,1967,17.154
Addis Abeba,1968,17.168166666666664
Addis Abeba,1969,17.640583333333332
Addis Abeba,1970,17.630333333333336
Addis Abeba,1971,17.224083333333333
Addis Abeba,1972,17.578416666666666
Addis Abeba,1973,17.925916666666666
Addis Abeba,1974,17.207749999999997
Addis Abeba,1975,17.291833333333333
Addis Abeba,1976,17.501166666666666
Addis Abeba,1977,17.58825
Addis Abeba,1978,17.545
Addis Abeba,1979,17.76066666666667
Addis Abeba,1980,18.02616666666667
Addis Abeba,1981,17.76375
Addis Abeba,1982,17.771416666666667
Addis Abeba,1983,17.994333333333337
Addis Abeba,1984,17.724
Addis Abeba,1985,17.491249999999997
Addis Abeba,1986,17.68125
Addis Abeba,1987,18.122083333333336
Addis Abeba,1988,17.998833333333334
Addis Abeba,1989,17.334916666666665
Addis Abeba,1990,17.8525
Addis Abeba,1991,17.924666666666663
Addis Abeba,1992,17.708833333333335
Addis Abeba,1993,17.413750000000004
Addis Abeba,1994,17.698
Addis Abeba,1995,17.99775
Addis Abeba,1996,17.90075
Addis Abeba,1997,17.99125
Addis Abeba,1998,18.244416666666666
Addis Abeba,1999,17.857416666666666
Addis Abeba,2000,18.241250000000004
Addis Abeba,2001,18.29641666666667
Addis Abeba,2002,18.46975
Addis Abeba,2003,18.320916666666665
Addis Abeba,2004,18.292749999999998
Addis Abeba,2005,18.31283333333333
Addis Abeba,2006,18.427083333333332
Addis Abeba,2007,18.142583333333334
Addis Abeba,2008,18.165
Addis Abeba,2009,18.765333333333334
Addis Abeba,2010,18.29825
Addis Abeba,2011,18.60675
Addis Abeba,2012,18.448583333333332
Addis Abeba,2013,19.539
Ahmadabad,1796,26.350916666666667
Ahmadabad,1797,27.4531
Ahmadabad,1798,25.8176
Ahmadabad,1799,26.616
Ahmadabad,1800,26.560833333333335
Ahmadabad,1801,25.7303
Ahmadabad,1802,27.010000000000005
Ahmadabad,1803,26.76675
Ahmadabad,1804,27.0925
Ahmadabad,1805,26.665666666666667
Ahmadabad,1806,26.574749999999998
Ahmadabad,1807,26.099699999999995
Ahmadabad,1813,25.917833333333334
Ahmadabad,1814,25.256545454545456
Ahmadabad,1815,25.449583333333333
Ahmadabad,1816,25.014916666666664
Ahmadabad,1817,25.227583333333328
Ahmadabad,1818,25.783916666666666
Ahmadabad,1819,25.359250000000003
Ahmadabad,1820,25.52208333333333
Ahmadabad,1821,26.147083333333338
Ahmadabad,1822,26.20208333333333
Ahmadabad,1823,26.032083333333336
Ahmadabad,1824,26.676083333333334
Ahmadabad,1825,26.45566666666667
Ahmadabad,1826,26.491166666666672
Ahmadabad,1827,26.65266666666666
Ahmadabad,1828,26.264250000000004
Ahmadabad,1829,26.078666666666667
Ahmadabad,1830,26.367000000000004
Ahmadabad,1831,25.8415
Ahmadabad,1832,25.993900000000004
Ahmadabad,1833,26.183666666666664
Ahmadabad,1834,26.221
Ahmadabad,1835,25.364916666666662
Ahmadabad,1836,25.85183333333333
Ahmadabad,1837,25.756750000000007
Ahmadabad,1838,25.778666666666666
Ahmadabad,1839,25.885166666666674
Ahmadabad,1840,26.005749999999995
Ahmadabad,1841,25.77983333333334
Ahmadabad,1842,26.12608333333333
Ahmadabad,1843,25.97775
Ahmadabad,1844,25.737583333333333
Ahmadabad,1845,25.99366666666667
Ahmadabad,1846,26.590083333333336
Ahmadabad,1847,26.033416666666664
Ahmadabad,1848,25.955666666666662
Ahmadabad,1849,25.91875
Ahmadabad,1850,26.082333333333334
Ahmadabad,1851,26.073999999999998
Ahmadabad,1852,26.07108333333333
Ahmadabad,1853,26.236166666666673
Ahmadabad,1854,26.371750000000006
Ahmadabad,1855,26.412909090909093
Ahmadabad,1856,25.355909090909087
Ahmadabad,1857,25.64058333333334
Ahmadabad,1865,27.774888888888892
Ahmadabad,1866,26.396666666666665
Ahmadabad,1867,26.715
Ahmadabad,1868,26.005272727272725
Ahmadabad,1869,26.523416666666673
Ahmadabad,1870,26.213583333333332
Ahmadabad,1871,26.203833333333336
Ahmadabad,1872,26.22216666666667
Ahmadabad,1873,26.336916666666667
Ahmadabad,1874,26.358833333333333
Ahmadabad,1875,26.509083333333333
Ahmadabad,1876,26.423166666666663
Ahmadabad,1877,26.660749999999997
Ahmadabad,1878,26.735833333333336
Ahmadabad,1879,26.150583333333334
Ahmadabad,1880,26.565750000000005
Ahmadabad,1881,26.331333333333333
Ahmadabad,1882,26.249750000000002
Ahmadabad,1883,25.8445
Ahmadabad,1884,25.764083333333335
Ahmadabad,1885,25.962416666666666
Ahmadabad,1886,26.342333333333332
Ahmadabad,1887,26.0625
Ahmadabad,1888,26.12841666666667
Ahmadabad,1889,26.521749999999997
Ahmadabad,1890,26.41241666666667
Ahmadabad,1891,26.3185
Ahmadabad,1892,26.696166666666667
Ahmadabad,1893,25.452916666666663
Ahmadabad,1894,26.028249999999996
Ahmadabad,1895,26.49716666666667
Ahmadabad,1896,26.99141666666667
Ahmadabad,1897,26.553500000000003
Ahmadabad,1898,26.937583333333336
Ahmadabad,1899,27.070666666666668
Ahmadabad,1900,26.902666666666665
Ahmadabad,1901,26.831499999999995
Ahmadabad,1902,27.295833333333334
Ahmadabad,1903,26.276
Ahmadabad,1904,26.622250000000005
Ahmadabad,1905,26.236166666666673
Ahmadabad,1906,26.189083333333333
Ahmadabad,1907,26.36333333333333
Ahmadabad,1908,26.07116666666667
Ahmadabad,1909,26.04908333333334
Ahmadabad,1910,26.08725
Ahmadabad,1911,26.599750000000004
Ahmadabad,1912,26.888083333333338
Ahmadabad,1913,26.439333333333334
Ahmadabad,1914,26.561000000000003
Ahmadabad,1915,27.005333333333336
Ahmadabad,1916,26.497749999999996
Ahmadabad,1917,25.59516666666667
Ahmadabad,1918,26.474999999999998
Ahmadabad,1919,26.391666666666666
Ahmadabad,1920,26.652583333333336
Ahmadabad,1921,27.05158333333333
Ahmadabad,1922,26.42675
Ahmadabad,1923,26.444833333333335
Ahmadabad,1924,26.633750000000006
Ahmadabad,1925,26.664833333333334
Ahmadabad,1926,26.551000000000002
Ahmadabad,1927,26.076249999999998
Ahmadabad,1928,26.600583333333333
Ahmadabad,1929,26.757666666666665
Ahmadabad,1930,26.581500000000005
Ahmadabad,1931,26.948916666666673
Ahmadabad,1932,26.904499999999995
Ahmadabad,1933,26.290666666666667
Ahmadabad,1934,26.347500000000007
Ahmadabad,1935,26.097166666666666
Ahmadabad,1936,26.36175
Ahmadabad,1937,26.23708333333333
Ahmadabad,1938,26.459749999999996
Ahmadabad,1939,26.612750000000005
Ahmadabad,1940,26.5445
Ahmadabad,1941,27.233916666666662
Ahmadabad,1942,26.71341666666667
Ahmadabad,1943,26.68766666666667
Ahmadabad,1944,26.47266666666667
Ahmadabad,1945,25.990916666666664
Ahmadabad,1946,26.645833333333332
Ahmadabad,1947,26.795833333333334
Ahmadabad,1948,27.129833333333337
Ahmadabad,1949,27.110916666666668
Ahmadabad,1950,26.06108333333333
Ahmadabad,1951,27.026166666666665
Ahmadabad,1952,27.08
Ahmadabad,1953,27.14233333333333
Ahmadabad,1954,26.709999999999997
Ahmadabad,1955,26.677166666666675
Ahmadabad,1956,26.279416666666666
Ahmadabad,1957,26.608166666666662
Ahmadabad,1958,27.279833333333332
Ahmadabad,1959,26.721083333333336
Ahmadabad,1960,26.765333333333334
Ahmadabad,1961,26.293083333333332
Ahmadabad,1962,26.640416666666667
Ahmadabad,1963,27.096833333333336
Ahmadabad,1964,26.50725
Ahmadabad,1965,26.8175
Ahmadabad,1966,26.88966666666667
Ahmadabad,1967,26.460750000000004
Ahmadabad,1968,26.536333333333335
Ahmadabad,1969,27.259249999999998
Ahmadabad,1970,26.714249999999996
Ahmadabad,1971,26.568416666666668
Ahmadabad,1972,26.882833333333334
Ahmadabad,1973,26.721499999999995
Ahmadabad,1974,27.02316666666667
Ahmadabad,1975,26.225666666666665
Ahmadabad,1976,26.792083333333334
Ahmadabad,1977,27.174249999999997
Ahmadabad,1978,26.773333333333337
Ahmadabad,1979,26.96591666666667
Ahmadabad,1980,27.218166666666665
Ahmadabad,1981,26.889833333333332
Ahmadabad,1982,26.740166666666667
Ahmadabad,1983,26.208250000000003
Ahmadabad,1984,26.533333333333335
Ahmadabad,1985,27.12675
Ahmadabad,1986,26.963916666666666
Ahmadabad,1987,28.060750000000002
Ahmadabad,1988,27.608500000000003
Ahmadabad,1989,26.76091666666667
Ahmadabad,1990,26.882500000000004
Ahmadabad,1991,26.896833333333333
Ahmadabad,1992,26.82325
Ahmadabad,1993,27.461249999999996
Ahmadabad,1994,26.737750000000002
Ahmadabad,1995,27.199416666666664
Ahmadabad,1996,27.06216666666667
Ahmadabad,1997,26.45091666666667
Ahmadabad,1998,27.484750000000002
Ahmadabad,1999,27.208916666666667
Ahmadabad,2000,27.436000000000003
Ahmadabad,2001,27.198083333333333
Ahmadabad,2002,27.71908333333334
Ahmadabad,2003,27.403833333333335
Ahmadabad,2004,27.628333333333334
Ahmadabad,2005,26.828083333333336
Ahmadabad,2006,27.282833333333333
Ahmadabad,2007,27.511166666666668
Ahmadabad,2008,27.0485
Ahmadabad,2009,28.095833333333335
Ahmadabad,2010,28.01783333333334
Ahmadabad,2011,27.290416666666662
Ahmadabad,2012,27.02725
Ahmadabad,2013,27.608625
Aleppo,1808,11.36
Aleppo,1809,16.00375
Aleppo,1810,16.090083333333332
Aleppo,1811,16.104499999999998
Aleppo,1812,16.06233333333333
Aleppo,1813,16.57225
Aleppo,1814,16.755666666666666
Aleppo,1815,16.35533333333333
Aleppo,1816,15.976666666666667
Aleppo,1817,16.202583333333333
Aleppo,1818,17.02825
Aleppo,1819,16.580499999999997
Aleppo,1820,16.643083333333333
Aleppo,1821,16.762916666666673
Aleppo,1822,16.485
Aleppo,1823,17.032750000000004
Aleppo,1824,17.919083333333333
Aleppo,1825,17.002666666666666
Aleppo,1826,16.924166666666665
Aleppo,1827,17.963333333333335
Aleppo,1828,16.979916666666664
Aleppo,1829,16.99758333333333
Aleppo,1830,17.31058333333333
Aleppo,1831,16.660416666666666
Aleppo,1832,15.81816666666667
Aleppo,1833,16.892416666666666
Aleppo,1834,16.719250000000002
Aleppo,1835,16.352416666666667
Aleppo,1836,16.802916666666665
Aleppo,1837,16.4695
Aleppo,1838,16.199583333333333
Aleppo,1839,16.478583333333336
Aleppo,1840,16.43108333333333
Aleppo,1841,17.02075
Aleppo,1842,16.98875
Aleppo,1843,16.956
Aleppo,1844,16.742416666666667
Aleppo,1845,17.039
Aleppo,1846,17.56925
Aleppo,1847,17.19933333333334
Aleppo,1848,17.21525
Aleppo,1849,17.166166666666665
Aleppo,1850,16.596500000000002
Aleppo,1851,17.623916666666666
Aleppo,1852,17.191666666666666
Aleppo,1853,17.83908333333334
Aleppo,1854,16.74475
Aleppo,1855,17.373083333333334
Aleppo,1856,16.81525
Aleppo,1857,16.34991666666667
Aleppo,1858,16.952
Aleppo,1859,17.218249999999998
Aleppo,1860,17.62216666666667
Aleppo,1861,16.136
Aleppo,1862,16.127666666666666
Aleppo,1863,16.569
Aleppo,1864,17.104250000000004
Aleppo,1865,17.433333333333334
Aleppo,1866,17.260833333333334
Aleppo,1867,17.2055
Aleppo,1868,16.929250000000003
Aleppo,1869,17.517500000000002
Aleppo,1870,17.37008333333333
Aleppo,1871,16.987583333333337
Aleppo,1872,17.708333333333336
Aleppo,1873,17.849666666666668
Aleppo,1874,17.0265
Aleppo,1875,16.428416666666667
Aleppo,1876,17.538833333333333
Aleppo,1877,17.79925
Aleppo,1878,17.802333333333337
Aleppo,1879,18.084083333333336
Aleppo,1880,16.322583333333334
Aleppo,1881,17.11733333333333
Aleppo,1882,16.642916666666668
Aleppo,1883,17.254166666666666
Aleppo,1884,16.67125
Aleppo,1885,17.504
Aleppo,1886,17.01816666666667
Aleppo,1887,17.47291666666667
Aleppo,1888,17.36641666666667
Aleppo,1889,17.536833333333334
Aleppo,1890,17.2255
Aleppo,1891,17.206333333333333
Aleppo,1892,17.561249999999998
Aleppo,1893,16.938583333333334
Aleppo,1894,16.478333333333335
Aleppo,1895,17.075833333333332
Aleppo,1896,16.7715
Aleppo,1897,16.626166666666666
Aleppo,1898,16.923333333333332
Aleppo,1899,17.404500000000002
Aleppo,1900,17.582916666666666
Aleppo,1901,18.37025
Aleppo,1902,17.577749999999998
Aleppo,1903,17.080750000000002
Aleppo,1904,16.946666666666665
Aleppo,1905,16.89066666666667
Aleppo,1906,16.93466666666667
Aleppo,1907,16.507583333333333
Aleppo,1908,16.716166666666666
Aleppo,1909,17.729583333333334
Aleppo,1910,16.93166666666667
Aleppo,1911,16.065916666666666
Aleppo,1912,17.379416666666668
Aleppo,1913,16.572916666666668
Aleppo,1914,16.81741666666667
Aleppo,1915,17.600416666666664
Aleppo,1916,17.9445
Aleppo,1917,17.81225
Aleppo,1918,17.31625
Aleppo,1919,17.701583333333335
Aleppo,1920,16.241500000000002
Aleppo,1921,16.672166666666666
Aleppo,1922,17.790916666666668
Aleppo,1923,17.794
Aleppo,1924,17.586250000000003
Aleppo,1925,17.39916666666667
Aleppo,1926,17.700416666666666
Aleppo,1927,17.838583333333336
Aleppo,1928,17.610249999999997
Aleppo,1929,17.544583333333335
Aleppo,1930,18.222333333333328
Aleppo,1931,17.587
Aleppo,1932,17.511083333333335
Aleppo,1933,16.78825
Aleppo,1934,17.540166666666668
Aleppo,1935,18.103666666666665
Aleppo,1936,17.606499999999997
Aleppo,1937,18.18816666666667
Aleppo,1938,17.478916666666667
Aleppo,1939,17.76391666666667
Aleppo,1940,17.822333333333333
Aleppo,1941,17.697750000000003
Aleppo,1942,17.576333333333334
Aleppo,1943,17.27058333333333
Aleppo,1944,17.608083333333337
Aleppo,1945,17.03525
Aleppo,1946,17.666500000000003
Aleppo,1947,18.60833333333333
Aleppo,1948,17.118166666666664
Aleppo,1949,16.771916666666666
Aleppo,1950,17.15491666666667
Aleppo,1951,17.791999999999998
Aleppo,1952,18.09808333333333
Aleppo,1953,16.938333333333333
Aleppo,1954,17.995083333333334
Aleppo,1955,18.668333333333337
Aleppo,1956,17.10375
Aleppo,1957,17.664250000000006
Aleppo,1958,17.891833333333338
Aleppo,1959,17.062416666666667
Aleppo,1960,18.56833333333333
Aleppo,1961,17.672583333333332
Aleppo,1962,18.900250000000003
Aleppo,1963,18.08775
Aleppo,1964,17.101583333333334
Aleppo,1965,17.4915
Aleppo,1966,18.810750000000002
Aleppo,1967,16.639416666666666
Aleppo,1968,17.705000000000002
Aleppo,1969,17.84108333333333
Aleppo,1970,18.318833333333334
Aleppo,1971,17.589916666666667
Aleppo,1972,16.6995
Aleppo,1973,17.576666666666668
Aleppo,1974,17.64075
Aleppo,1975,17.556749999999997
Aleppo,1976,17.09575
Aleppo,1977,17.8595
Aleppo,1978,18.168166666666668
Aleppo,1979,18.54816666666667
Aleppo,1980,17.639333333333333
Aleppo,1981,18.117250000000002
Aleppo,1982,16.985583333333334
Aleppo,1983,17.16208333333333
Aleppo,1984,17.621833333333335
Aleppo,1985,17.958166666666667
Aleppo,1986,18.094666666666665
Aleppo,1987,17.55683333333333
Aleppo,1988,17.359666666666666
Aleppo,1989,18.100666666666665
Aleppo,1990,18.042833333333334
Aleppo,1991,17.84475
Aleppo,1992,16.43358333333333
Aleppo,1993,17.460166666666666
Aleppo,1994,18.57033333333333
Aleppo,1995,17.876666666666665
Aleppo,1996,18.198583333333332
Aleppo,1997,17.27291666666667
Aleppo,1998,18.764416666666666
Aleppo,1999,18.71425
Aleppo,2000,18.14925
Aleppo,2001,18.75066666666667
Aleppo,2002,18.219
Aleppo,2003,18.203083333333336
Aleppo,2004,18.145916666666665
Aleppo,2005,18.105666666666668
Aleppo,2006,18.166083333333333
Aleppo,2007,18.392166666666668
Aleppo,2008,18.590083333333332
Aleppo,2009,18.43808333333333
Aleppo,2010,19.979416666666662
Aleppo,2011,18.016583333333333
Aleppo,2012,18.691916666666664
Aleppo,2013,19.503625
Alexandria,1811,17.31822222222222
Alexandria,1819,19.43891666666667
Alexandria,1820,19.72575
Alexandria,1821,19.687583333333333
Alexandria,1822,19.365636363636366
Alexandria,1823,18.446222222222225
Alexandria,1824,20.52391666666667
Alexandria,1825,20.027250000000006
Alexandria,1826,19.95866666666667
Alexandria,1827,20.703
Alexandria,1828,20.08425
Alexandria,1829,19.97583333333333
Alexandria,1830,20.316499999999998
Alexandria,1831,19.611083333333337
Alexandria,1832,19.234583333333333
Alexandria,1833,19.887416666666667
Alexandria,1834,19.740416666666672
Alexandria,1835,19.23091666666667
Alexandria,1836,19.670666666666666
Alexandria,1837,19.294166666666666
Alexandria,1838,19.3035
Alexandria,1839,18.469
Alexandria,1840,19.645666666666664
Alexandria,1841,20.08475
Alexandria,1842,19.91925
Alexandria,1843,19.906000000000002
Alexandria,1844,19.766416666666668
Alexandria,1845,20.0545
Alexandria,1846,20.666666666666668
Alexandria,1847,20.1675
Alexandria,1848,20.00391666666667
Alexandria,1849,19.999666666666666
Alexandria,1850,19.446749999999998
Alexandria,1851,20.206166666666668
Alexandria,1852,20.133750000000003
Alexandria,1853,20.75225
Alexandria,1854,19.750833333333336
Alexandria,1855,20.177
Alexandria,1856,19.605666666666664
Alexandria,1857,19.332416666666667
Alexandria,1858,19.882166666666667
Alexandria,1859,20.03975
Alexandria,1860,20.489
Alexandria,1861,19.387416666666667
Alexandria,1862,19.429
Alexandria,1863,19.796333333333333
Alexandria,1864,20.293499999999998
Alexandria,1865,20.585500000000003
Alexandria,1866,20.42716666666667
Alexandria,1867,20.41266666666667
Alexandria,1868,20.02916666666667
Alexandria,1869,20.54516666666667
Alexandria,1870,20.439083333333333
Alexandria,1871,20.051583333333337
Alexandria,1872,20.372083333333336
Alexandria,1873,20.564083333333333
Alexandria,1874,19.808583333333335
Alexandria,1875,19.127
Alexandria,1876,20.17775
Alexandria,1877,20.364583333333332
Alexandria,1878,20.399416666666664
Alexandria,1879,20.563750000000002
Alexandria,1880,20.156750000000002
Alexandria,1881,20.449250000000003
Alexandria,1882,19.294833333333333
Alexandria,1883,19.775250000000003
Alexandria,1884,19.338833333333337
Alexandria,1885,20.11566666666667
Alexandria,1886,19.758166666666664
Alexandria,1887,20.34208333333333
Alexandria,1888,20.044583333333332
Alexandria,1889,20.10191666666667
Alexandria,1890,20.106416666666668
Alexandria,1891,20.09425
Alexandria,1892,20.422166666666666
Alexandria,1893,19.66241666666667
Alexandria,1894,19.987750000000002
Alexandria,1895,20.141499999999997
Alexandria,1896,20.174250000000004
Alexandria,1897,19.853833333333334
Alexandria,1898,20.132250000000003
Alexandria,1899,20.181333333333335
Alexandria,1900,20.72683333333333
Alexandria,1901,20.885249999999996
Alexandria,1902,20.41075
Alexandria,1903,19.585416666666667
Alexandria,1904,19.778583333333334
Alexandria,1905,19.902916666666666
Alexandria,1906,20.1455
Alexandria,1907,19.470666666666666
Alexandria,1908,19.39525
Alexandria,1909,20.40075
Alexandria,1910,19.616249999999997
Alexandria,1911,19.73108333333333
Alexandria,1912,19.885833333333334
Alexandria,1913,19.652833333333334
Alexandria,1914,19.92308333333333
Alexandria,1915,20.644499999999997
Alexandria,1916,20.860333333333333
Alexandria,1917,20.254416666666668
Alexandria,1918,20.57791666666667
Alexandria,1919,20.375
Alexandria,1920,19.921666666666663
Alexandria,1921,19.966833333333334
Alexandria,1922,20.605249999999998
Alexandria,1923,20.656833333333335
Alexandria,1924,20.822916666666664
Alexandria,1925,20.481333333333332
Alexandria,1926,20.471916666666665
Alexandria,1927,20.957916666666666
Alexandria,1928,20.795833333333334
Alexandria,1929,20.20841666666667
Alexandria,1930,20.813000000000002
Alexandria,1931,20.687416666666667
Alexandria,1932,20.551500000000004
Alexandria,1933,20.07433333333334
Alexandria,1934,20.530916666666663
Alexandria,1935,20.684750000000005
Alexandria,1936,20.937
Alexandria,1937,20.956916666666665
Alexandria,1938,20.12158333333333
Alexandria,1939,20.945583333333328
Alexandria,1940,20.556666666666665
Alexandria,1941,20.87816666666666
Alexandria,1942,20.612250000000003
Alexandria,1943,20.59266666666667
Alexandria,1944,20.480166666666666
Alexandria,1945,20.119083333333332
Alexandria,1946,20.889499999999998
Alexandria,1947,21.03783333333333
Alexandria,1948,19.957083333333333
Alexandria,1949,19.708250000000003
Alexandria,1950,20.57225
Alexandria,1951,20.828083333333336
Alexandria,1952,20.840833333333332
Alexandria,1953,20.107166666666668
Alexandria,1954,20.431166666666666
Alexandria,1955,21.2315
Alexandria,1956,20.453083333333336
Alexandria,1957,20.563583333333334
Alexandria,1958,20.91716666666667
Alexandria,1959,20.109916666666663
Alexandria,1960,21.367166666666662
Alexandria,1961,20.34808333333333
Alexandria,1962,21.125083333333333
Alexandria,1963,21.09575
Alexandria,1964,20.2175
Alexandria,1965,20.51725
Alexandria,1966,21.082000000000004
Alexandria,1967,20.110333333333333
Alexandria,1968,20.631666666666668
Alexandria,1969,20.751583333333333
Alexandria,1970,20.641333333333336
Alexandria,1971,20.509666666666668
Alexandria,1972,20.70416666666667
Alexandria,1973,20.53725
Alexandria,1974,20.554166666666664
Alexandria,1975,20.449333333333332
Alexandria,1976,20.21633333333333
Alexandria,1977,20.63716666666667
Alexandria,1978,20.613249999999997
Alexandria,1979,21.065500000000004
Alexandria,1980,20.4425
Alexandria,1981,20.59725
Alexandria,1982,20.162833333333335
Alexandria,1983,19.86975
Alexandria,1984,20.50533333333333
Alexandria,1985,20.843666666666667
Alexandria,1986,20.59
Alexandria,1987,20.21441666666667
Alexandria,1988,20.63308333333333
Alexandria,1989,20.459166666666665
Alexandria,1990,20.730833333333333
Alexandria,1991,20.63925
Alexandria,1992,20.090416666666666
Alexandria,1993,20.740000000000002
Alexandria,1994,21.096416666666666
Alexandria,1995,20.624
Alexandria,1996,20.851166666666668
Alexandria,1997,20.516416666666668
Alexandria,1998,21.29375
Alexandria,1999,21.461
Alexandria,2000,20.744500000000002
Alexandria,2001,21.454583333333336
Alexandria,2002,21.456166666666665
Alexandria,2003,21.221416666666666
Alexandria,2004,21.064166666666665
Alexandria,2005,21.08233333333333
Alexandria,2006,21.14816666666667
Alexandria,2007,21.50775
Alexandria,2008,21.739000000000004
Alexandria,2009,21.670499999999993
Alexandria,2010,22.45958333333333
Alexandria,2011,21.1815
Alexandria,2012,21.55258333333333
Alexandria,2013,21.4385
Ankara,1777,11.4485
Ankara,1778,10.739666666666666
Ankara,1779,10.823916666666667
Ankara,1780,10.965083333333334
Ankara,1781,10.47016666666667
Ankara,1782,9.959583333333335
Ankara,1783,10.021
Ankara,1784,10.308416666666668
Ankara,1785,9.507916666666668
Ankara,1786,10.095083333333333
Ankara,1787,10.445833333333331
Ankara,1788,10.482333333333335
Ankara,1789,10.610249999999999
Ankara,1790,10.369416666666666
Ankara,1791,10.865416666666668
Ankara,1792,10.255666666666668
Ankara,1793,10.150750000000002
Ankara,1794,10.651833333333334
Ankara,1795,10.578583333333334
Ankara,1796,10.445416666666667
Ankara,1797,10.960750000000003
Ankara,1798,10.794000000000002
Ankara,1799,10.333916666666665
Ankara,1800,10.581583333333334
Ankara,1801,11.164000000000001
Ankara,1802,11.278916666666667
Ankara,1803,10.345666666666666
Ankara,1804,10.640500000000001
Ankara,1805,10.224083333333331
Ankara,1806,10.693833333333332
Ankara,1807,10.744750000000002
Ankara,1808,9.69675
Ankara,1809,9.13325
Ankara,1810,9.35225
Ankara,1811,9.454
Ankara,1812,9.123416666666666
Ankara,1813,9.492166666666664
Ankara,1814,9.747333333333332
Ankara,1815,9.370916666666666
Ankara,1816,9.101083333333333
Ankara,1817,9.432083333333333
Ankara,1818,10.076916666666667
Ankara,1819,9.837250000000003
Ankara,1820,9.792583333333333
Ankara,1821,9.747666666666667
Ankara,1822,9.634416666666667
Ankara,1823,10.212916666666667
Ankara,1824,11.1175
Ankara,1825,9.887833333333333
Ankara,1826,9.835
Ankara,1827,11.03133333333333
Ankara,1828,9.928500000000001
Ankara,1829,9.761416666666669
Ankara,1830,10.18575
Ankara,1831,9.68425
Ankara,1832,8.52925
Ankara,1833,9.873666666666667
Ankara,1834,9.784583333333332
Ankara,1835,9.408833333333336
Ankara,1836,9.967666666666668
Ankara,1837,9.411333333333333
Ankara,1838,9.186833333333333
Ankara,1839,9.551583333333333
Ankara,1840,9.246333333333334
Ankara,1841,10.39325
Ankara,1842,9.866333333333332
Ankara,1843,9.992583333333334
Ankara,1844,9.761583333333334
Ankara,1845,10.306833333333334
Ankara,1846,10.6725
Ankara,1847,10.314
Ankara,1848,10.460833333333333
Ankara,1849,10.095583333333334
Ankara,1850,9.660583333333333
Ankara,1851,10.712916666666665
Ankara,1852,10.161583333333335
Ankara,1853,11.129166666666668
Ankara,1854,9.83525
Ankara,1855,10.390500000000001
Ankara,1856,9.827333333333334
Ankara,1857,9.25875
Ankara,1858,9.793166666666666
Ankara,1859,10.347500000000002
Ankara,1860,10.764000000000001
Ankara,1861,9.323833333333333
Ankara,1862,9.526416666666668
Ankara,1863,9.984833333333334
Ankara,1864,9.954583333333332
Ankara,1865,10.25625
Ankara,1866,10.130916666666668
Ankara,1867,9.90766666666667
Ankara,1868,9.970083333333333
Ankara,1869,10.4725
Ankara,1870,10.240250000000001
Ankara,1871,10.061583333333333
Ankara,1872,11.027166666666666
Ankara,1873,10.862833333333333
Ankara,1874,10.192
Ankara,1875,9.442
Ankara,1876,10.485333333333333
Ankara,1877,10.572916666666666
Ankara,1878,10.783916666666668
Ankara,1879,11.024416666666667
Ankara,1880,9.223249999999998
Ankara,1881,9.753833333333336
Ankara,1882,9.810083333333333
Ankara,1883,10.152
Ankara,1884,9.649333333333335
Ankara,1885,10.578916666666665
Ankara,1886,10.31
Ankara,1887,10.561833333333333
Ankara,1888,10.008166666666668
Ankara,1889,10.25425
Ankara,1890,10.153333333333332
Ankara,1891,10.067083333333331
Ankara,1892,10.676750000000004
Ankara,1893,9.620833333333335
Ankara,1894,9.544916666666666
Ankara,1895,10.4065
Ankara,1896,9.893833333333335
Ankara,1897,9.970083333333333
Ankara,1898,10.163999999999998
Ankara,1899,10.44
Ankara,1900,10.88
Ankara,1901,11.116666666666665
Ankara,1902,10.348666666666666
Ankara,1903,10.204333333333333
Ankara,1904,10.034916666666668
Ankara,1905,10.1285
Ankara,1906,10.132833333333332
Ankara,1907,9.523750000000001
Ankara,1908,9.533083333333332
Ankara,1909,10.725166666666667
Ankara,1910,10.261916666666668
Ankara,1911,9.344583333333333
Ankara,1912,10.275833333333333
Ankara,1913,9.694333333333335
Ankara,1914,9.918333333333335
Ankara,1915,10.840666666666666
Ankara,1916,11.229916666666668
Ankara,1917,10.76475
Ankara,1918,10.572833333333334
Ankara,1919,10.807
Ankara,1920,9.4395
Ankara,1921,9.655166666666668
Ankara,1922,10.824000000000003
Ankara,1923,11.148000000000001
Ankara,1924,10.518833333333333
Ankara,1925,10.651416666666664
Ankara,1926,10.985833333333334
Ankara,1927,11.171416666666666
Ankara,1928,10.496999999999998
Ankara,1929,10.289833333333334
Ankara,1930,11.243999999999998
Ankara,1931,10.633500000000002
Ankara,1932,10.273833333333334
Ankara,1933,9.627166666666668
Ankara,1934,10.617416666666667
Ankara,1935,11.091916666666668
Ankara,1936,10.913916666666665
Ankara,1937,11.761583333333332
Ankara,1938,10.617500000000001
Ankara,1939,11.072666666666668
Ankara,1940,10.858583333333334
Ankara,1941,10.370166666666668
Ankara,1942,10.300583333333334
Ankara,1943,10.118833333333335
Ankara,1944,10.9365
Ankara,1945,10.076666666666668
Ankara,1946,10.993833333333333
Ankara,1947,11.512083333333331
Ankara,1948,10.041916666666665
Ankara,1949,9.392000000000001
Ankara,1950,10.05875
Ankara,1951,10.817
Ankara,1952,11.371249999999998
Ankara,1953,9.626000000000001
Ankara,1954,10.87175
Ankara,1955,11.777249999999997
Ankara,1956,9.8935
Ankara,1957,11.394583333333335
Ankara,1958,11.169666666666666
Ankara,1959,9.853916666666665
Ankara,1960,11.287999999999998
Ankara,1961,10.6695
Ankara,1962,12.128
Ankara,1963,11.105500000000001
Ankara,1964,9.983833333333335
Ankara,1965,10.58825
Ankara,1966,12.284166666666666
Ankara,1967,9.646916666666668
Ankara,1968,10.820750000000002
Ankara,1969,10.878749999999998
Ankara,1970,11.351916666666668
Ankara,1971,10.84741666666667
Ankara,1972,9.841583333333332
Ankara,1973,10.147833333333333
Ankara,1974,10.290999999999999
Ankara,1975,10.309333333333333
Ankara,1976,9.600000000000001
Ankara,1977,10.638749999999998
Ankara,1978,11.009083333333331
Ankara,1979,11.697333333333333
Ankara,1980,10.697333333333335
Ankara,1981,11.54466666666667
Ankara,1982,10.304416666666667
Ankara,1983,10.224083333333333
Ankara,1984,10.670499999999999
Ankara,1985,10.632083333333332
Ankara,1986,11.196666666666665
Ankara,1987,10.298333333333334
Ankara,1988,10.519166666666665
Ankara,1989,10.672083333333335
Ankara,1990,10.505249999999998
Ankara,1991,10.36875
Ankara,1992,9.061916666666667
Ankara,1993,9.957416666666669
Ankara,1994,11.704749999999999
Ankara,1995,10.926833333333336
Ankara,1996,11.290083333333333
Ankara,1997,10.12925
Ankara,1998,11.724916666666667
Ankara,1999,11.690166666666663
Ankara,2000,10.38925
Ankara,2001,12.3195
Ankara,2002,10.808333333333332
Ankara,2003,11.284333333333334
Ankara,2004,10.9915
Ankara,2005,11.237916666666665
Ankara,2006,11.118499999999997
Ankara,2007,11.871583333333334
Ankara,2008,11.330750000000002
Ankara,2009,11.628250000000001
Ankara,2010,13.268583333333332
Ankara,2011,10.389666666666667
Ankara,2012,11.452416666666666
Ankara,2013,13.267124999999998
Baghdad,1819,20.13125
Baghdad,1820,21.57842857142857
Baghdad,1821,22.829666666666665
Baghdad,1822,20.871545454545455
Baghdad,1823,18.95877777777778
Baghdad,1824,22.95616666666667
Baghdad,1825,22.361666666666668
Baghdad,1826,22.275750000000002
Baghdad,1827,23.15283333333333
Baghdad,1828,22.212666666666667
Baghdad,1829,22.282166666666665
Baghdad,1830,22.61075
Baghdad,1831,21.736666666666665
Baghdad,1832,21.301083333333338
Baghdad,1833,22.131249999999998
Baghdad,1834,21.907
Baghdad,1835,21.51
Baghdad,1836,21.940499999999997
Baghdad,1837,21.781750000000002
Baghdad,1838,21.49008333333333
Baghdad,1839,21.71383333333333
Baghdad,1840,21.79091666666667
Baghdad,1841,21.847083333333334
Baghdad,1842,22.376999999999995
Baghdad,1843,22.1815
Baghdad,1844,21.927583333333335
Baghdad,1845,22.036916666666666
Baghdad,1846,22.645083333333332
Baghdad,1847,22.34766666666667
Baghdad,1848,22.106749999999995
Baghdad,1849,22.344583333333336
Baghdad,1850,21.754583333333333
Baghdad,1851,22.747
Baghdad,1852,22.336250000000003
Baghdad,1853,22.671499999999998
Baghdad,1854,21.96116666666667
Baghdad,1855,22.556166666666666
Baghdad,1856,21.962500000000002
Baghdad,1857,21.51825
Baghdad,1858,22.478750000000005
Baghdad,1859,22.477999999999998
Baghdad,1860,22.616833333333332
Baghdad,1861,21.344583333333336
Baghdad,1862,21.258416666666665
Baghdad,1863,21.587833333333332
Baghdad,1864,22.28616666666667
Baghdad,1865,22.58966666666667
Baghdad,1866,22.1885
Baghdad,1867,22.407166666666665
Baghdad,1868,22.35325
Baghdad,1869,22.721416666666673
Baghdad,1870,22.629833333333327
Baghdad,1871,22.259833333333333
Baghdad,1872,22.64125
Baghdad,1873,22.891166666666667
Baghdad,1874,22.380583333333334
Baghdad,1875,22.07258333333333
Baghdad,1876,22.605416666666667
Baghdad,1877,23.052750000000003
Baghdad,1878,22.92441666666667
Baghdad,1879,23.119250000000005
Baghdad,1880,21.71475
Baghdad,1881,22.76691666666667
Baghdad,1882,21.88625
Baghdad,1883,22.67233333333333
Baghdad,1884,22.036916666666666
Baghdad,1885,22.347083333333334
Baghdad,1886,22.08708333333334
Baghdad,1887,22.53316666666667
Baghdad,1888,23.073666666666668
Baghdad,1889,22.88525
Baghdad,1890,22.065416666666664
Baghdad,1891,22.56958333333333
Baghdad,1892,22.85875
Baghdad,1893,22.42425
Baghdad,1894,21.631249999999998
Baghdad,1895,22.046666666666663
Baghdad,1896,21.66716666666667
Baghdad,1897,21.916249999999994
Baghdad,1898,21.876500000000004
Baghdad,1899,22.696083333333334
Baghdad,1900,22.456333333333333
Baghdad,1901,23.655333333333335
Baghdad,1902,23.2145
Baghdad,1903,22.09866666666667
Baghdad,1904,22.276916666666665
Baghdad,1905,22.078583333333338
Baghdad,1906,22.16316666666667
Baghdad,1907,21.528833333333335
Baghdad,1908,22.261
Baghdad,1909,23.123166666666666
Baghdad,1910,22.18608333333334
Baghdad,1911,20.984583333333333
Baghdad,1912,22.701333333333334
Baghdad,1913,21.996083333333335
Baghdad,1914,22.1665
Baghdad,1915,22.997666666666664
Baghdad,1916,22.645583333333335
Baghdad,1917,22.932083333333335
Baghdad,1918,22.17625
Baghdad,1919,22.873833333333337
Baghdad,1920,21.510749999999998
Baghdad,1921,22.197000000000003
Baghdad,1922,22.931583333333332
Baghdad,1923,22.579250000000002
Baghdad,1924,22.919250000000005
Baghdad,1925,22.346833333333333
Baghdad,1926,22.50458333333334
Baghdad,1927,22.697499999999994
Baghdad,1928,22.5955
Baghdad,1929,22.79358333333334
Baghdad,1930,22.997416666666666
Baghdad,1931,22.622583333333335
Baghdad,1932,22.366500000000002
Baghdad,1933,21.86458333333334
Baghdad,1934,22.307666666666666
Baghdad,1935,23.281999999999996
Baghdad,1936,22.6905
Baghdad,1937,23.040583333333334
Baghdad,1938,22.546083333333332
Baghdad,1939,22.47383333333333
Baghdad,1940,23.2775
Baghdad,1941,22.89933333333333
Baghdad,1942,23.017916666666668
Baghdad,1943,22.436666666666664
Baghdad,1944,22.95883333333333
Baghdad,1945,22.160749999999997
Baghdad,1946,22.523500000000002
Baghdad,1947,23.63083333333334
Baghdad,1948,22.113916666666668
Baghdad,1949,21.852249999999998
Baghdad,1950,21.933333333333334
Baghdad,1951,23.009583333333335
Baghdad,1952,23.013916666666663
Baghdad,1953,22.23925
Baghdad,1954,23.145250000000004
Baghdad,1955,23.149583333333336
Baghdad,1956,22.34166666666667
Baghdad,1957,22.327083333333334
Baghdad,1958,23.16633333333333
Baghdad,1959,22.1525
Baghdad,1960,23.697833333333335
Baghdad,1961,22.74608333333333
Baghdad,1962,23.908
Baghdad,1963,23.122
Baghdad,1964,22.18658333333333
Baghdad,1965,23.077583333333333
Baghdad,1966,23.90691666666667
Baghdad,1967,21.997583333333335
Baghdad,1968,22.856833333333338
Baghdad,1969,23.296999999999997
Baghdad,1970,23.41725
Baghdad,1971,22.646833333333333
Baghdad,1972,22.105666666666668
Baghdad,1973,22.904000000000007
Baghdad,1974,22.357666666666663
Baghdad,1975,22.668499999999998
Baghdad,1976,22.479000000000003
Baghdad,1977,23.02966666666667
Baghdad,1978,23.20341666666667
Baghdad,1979,24.19633333333333
Baghdad,1980,23.249416666666665
Baghdad,1981,23.236833333333337
Baghdad,1982,22.03125
Baghdad,1983,22.353416666666664
Baghdad,1984,22.737583333333333
Baghdad,1985,23.017666666666667
Baghdad,1986,23.15233333333333
Baghdad,1987,23.538916666666665
Baghdad,1988,22.937749999999998
Baghdad,1989,23.049416666666662
Baghdad,1990,23.405916666666666
Baghdad,1991,23.209
Baghdad,1992,21.522000000000002
Baghdad,1993,22.8595
Baghdad,1994,23.465833333333332
Baghdad,1995,23.317999999999998
Baghdad,1996,23.958
Baghdad,1997,22.744249999999997
Baghdad,1998,24.333000000000002
Baghdad,1999,24.42358333333333
Baghdad,2000,23.89633333333333
Baghdad,2001,24.445916666666665
Baghdad,2002,23.764749999999996
Baghdad,2003,23.88
Baghdad,2004,23.721500000000002
Baghdad,2005,23.578333333333333
Baghdad,2006,23.81625
Baghdad,2007,23.924750000000007
Baghdad,2008,24.089499999999997
Baghdad,2009,23.867333333333335
Baghdad,2010,25.493916666666664
Baghdad,2011,23.4375
Baghdad,2012,24.344833333333337
Baghdad,2013,25.142875
Bangalore,1796,24.488666666666663
Bangalore,1797,25.1819
Bangalore,1798,24.6459
Bangalore,1799,24.806749999999997
Bangalore,1800,24.85466666666667
Bangalore,1801,24.494300000000003
Bangalore,1802,25.439583333333335
Bangalore,1803,25.223583333333334
Bangalore,1804,25.671000000000006
Bangalore,1805,25.009416666666667
Bangalore,1806,24.87008333333333
Bangalore,1807,24.250999999999998
Bangalore,1813,24.22666666666667
Bangalore,1814,23.91009090909091
Bangalore,1815,23.785333333333337
Bangalore,1816,23.301750000000002
Bangalore,1817,23.597166666666666
Bangalore,1818,23.936416666666663
Bangalore,1819,23.859750000000002
Bangalore,1820,23.914666666666673
Bangalore,1821,24.3985
Bangalore,1822,24.32508333333333
Bangalore,1823,24.623750000000005
Bangalore,1824,25.099083333333336
Bangalore,1825,24.690083333333334
Bangalore,1826,24.884833333333336
Bangalore,1827,24.669750000000004
Bangalore,1828,24.61066666666667
Bangalore,1829,24.456833333333336
Bangalore,1830,24.39391666666667
Bangalore,1831,24.430833333333336
Bangalore,1832,24.657
Bangalore,1833,24.46133333333334
Bangalore,1834,24.59325
Bangalore,1835,23.887
Bangalore,1836,24.119833333333332
Bangalore,1837,24.125666666666664
Bangalore,1838,24.286083333333337
Bangalore,1839,24.244
Bangalore,1840,24.243166666666667
Bangalore,1841,24.04891666666667
Bangalore,1842,24.221833333333333
Bangalore,1843,23.986833333333333
Bangalore,1844,24.22775
Bangalore,1845,24.46291666666667
Bangalore,1846,24.898583333333335
Bangalore,1847,24.347166666666666
Bangalore,1848,24.34566666666667
Bangalore,1849,24.324916666666667
Bangalore,1850,24.381083333333333
Bangalore,1851,24.454916666666673
Bangalore,1852,24.434916666666666
Bangalore,1853,24.674333333333337
Bangalore,1854,24.729583333333334
Bangalore,1855,24.747583333333335
Bangalore,1856,24.212583333333328
Bangalore,1857,23.86583333333333
Bangalore,1858,24.592916666666667
Bangalore,1859,24.550916666666666
Bangalore,1860,24.414916666666667
Bangalore,1861,24.21408333333333
Bangalore,1862,23.59233333333334
Bangalore,1865,25.0625
Bangalore,1866,24.997249999999998
Bangalore,1867,24.9555
Bangalore,1868,25.068083333333334
Bangalore,1869,24.9195
Bangalore,1870,24.421083333333332
Bangalore,1871,24.473499999999998
Bangalore,1872,24.48291666666667
Bangalore,1873,24.511583333333334
Bangalore,1874,24.557750000000002
Bangalore,1875,24.64425
Bangalore,1876,24.83633333333334
Bangalore,1877,25.227666666666668
Bangalore,1878,25.149416666666667
Bangalore,1879,24.38525
Bangalore,1880,24.576833333333337
Bangalore,1881,24.762416666666667
Bangalore,1882,24.326583333333335
Bangalore,1883,24.253416666666663
Bangalore,1884,24.351583333333338
Bangalore,1885,24.615583333333333
Bangalore,1886,24.532583333333335
Bangalore,1887,24.305500000000006
Bangalore,1888,24.63
Bangalore,1889,24.729833333333332
Bangalore,1890,24.460083333333333
Bangalore,1891,24.953666666666663
Bangalore,1892,24.592333333333332
Bangalore,1893,24.38433333333333
Bangalore,1894,24.749499999999998
Bangalore,1895,24.78325
Bangalore,1896,25.115416666666672
Bangalore,1897,25.3035
Bangalore,1898,24.867416666666667
Bangalore,1899,24.736333333333334
Bangalore,1900,25.439000000000004
Bangalore,1901,25.089916666666667
Bangalore,1902,25.064333333333334
Bangalore,1903,24.816
Bangalore,1904,24.530333333333335
Bangalore,1905,24.916583333333335
Bangalore,1906,25.09091666666667
Bangalore,1907,24.744333333333334
Bangalore,1908,24.659666666666666
Bangalore,1909,24.610666666666663
Bangalore,1910,24.423833333333334
Bangalore,1911,24.762749999999997
Bangalore,1912,25.001416666666668
Bangalore,1913,24.99641666666666
Bangalore,1914,25.016750000000002
Bangalore,1915,25.218833333333336
Bangalore,1916,24.745833333333337
Bangalore,1917,24.456666666666667
Bangalore,1918,24.740750000000002
Bangalore,1919,25.064666666666668
Bangalore,1920,24.986916666666662
Bangalore,1921,24.875333333333334
Bangalore,1922,24.738833333333332
Bangalore,1923,24.842250000000003
Bangalore,1924,24.894666666666666
Bangalore,1925,24.685750000000002
Bangalore,1926,25.143416666666667
Bangalore,1927,25.059833333333334
Bangalore,1928,25.059583333333332
Bangalore,1929,24.869250000000005
Bangalore,1930,24.85525
Bangalore,1931,25.24116666666667
Bangalore,1932,24.67808333333333
Bangalore,1933,24.605
Bangalore,1934,24.813999999999997
Bangalore,1935,24.932333333333332
Bangalore,1936,24.993583333333333
Bangalore,1937,24.95741666666667
Bangalore,1938,24.905666666666665
Bangalore,1939,24.838000000000005
Bangalore,1940,24.92291666666667
Bangalore,1941,25.550666666666668
Bangalore,1942,25.230666666666668
Bangalore,1943,24.69016666666667
Bangalore,1944,24.91658333333333
Bangalore,1945,25.046666666666667
Bangalore,1946,24.970583333333334
Bangalore,1947,25.023833333333332
Bangalore,1948,25.210166666666666
Bangalore,1949,24.924750000000003
Bangalore,1950,24.847000000000005
Bangalore,1951,25.02808333333334
Bangalore,1952,25.11616666666667
Bangalore,1953,25.180916666666672
Bangalore,1954,24.922
Bangalore,1955,24.778750000000002
Bangalore,1956,24.72816666666667
Bangalore,1957,25.107
Bangalore,1958,25.292749999999998
Bangalore,1959,25.24466666666667
Bangalore,1960,25.067833333333336
Bangalore,1961,24.967416666666665
Bangalore,1962,24.900999999999996
Bangalore,1963,25.03725
Bangalore,1964,25.087666666666667
Bangalore,1965,25.037000000000003
Bangalore,1966,25.321500000000004
Bangalore,1967,24.873249999999995
Bangalore,1968,24.998166666666666
Bangalore,1969,25.36008333333334
Bangalore,1970,24.9505
Bangalore,1971,24.741583333333335
Bangalore,1972,25.216416666666664
Bangalore,1973,25.40025
Bangalore,1974,24.936999999999998
Bangalore,1975,24.862333333333336
Bangalore,1976,25.134083333333336
Bangalore,1977,25.197666666666674
Bangalore,1978,25.069666666666674
Bangalore,1979,25.436666666666667
Bangalore,1980,25.45358333333333
Bangalore,1981,25.174166666666665
Bangalore,1982,25.415666666666663
Bangalore,1983,25.592499999999998
Bangalore,1984,25.077166666666667
Bangalore,1985,25.312249999999995
Bangalore,1986,25.507166666666667
Bangalore,1987,25.814000000000004
Bangalore,1988,25.499333333333336
Bangalore,1989,25.19841666666667
Bangalore,1990,25.254833333333334
Bangalore,1991,25.487083333333334
Bangalore,1992,25.15925
Bangalore,1993,25.21675
Bangalore,1994,25.21775
Bangalore,1995,25.436166666666665
Bangalore,1996,25.410083333333333
Bangalore,1997,25.682833333333335
Bangalore,1998,26.006166666666672
Bangalore,1999,25.288
Bangalore,2000,25.33791666666667
Bangalore,2001,25.528166666666664
Bangalore,2002,25.755333333333336
Bangalore,2003,25.924749999999992
Bangalore,2004,25.25208333333333
Bangalore,2005,25.4765
Bangalore,2006,25.418250000000004
Bangalore,2007,25.46433333333334
Bangalore,2008,25.35258333333334
Bangalore,2009,25.725749999999994
Bangalore,2010,25.705250000000007
Bangalore,2011,25.362083333333334
Bangalore,2012,26.042333333333335
Bangalore,2013,26.610500000000002
Bangkok,1816,25.9609
Bangkok,1817,25.832250000000002
Bangkok,1818,26.483499999999996
Bangkok,1819,25.89791666666667
Bangkok,1820,26.421272727272722
Bangkok,1821,26.80933333333333
Bangkok,1822,26.927583333333335
Bangkok,1823,26.780909090909088
Bangkok,1825,27.111666666666668
Bangkok,1833,26.832916666666666
Bangkok,1834,26.820999999999998
Bangkok,1835,25.889083333333332
Bangkok,1836,26.363363636363644
Bangkok,1837,25.8395
Bangkok,1838,27.080428571428573
Bangkok,1839,26.594444444444445
Bangkok,1840,26.82783333333333
Bangkok,1841,27.575
Bangkok,1842,26.88066666666667
Bangkok,1843,26.894833333333338
Bangkok,1844,26.390999999999995
Bangkok,1845,26.129166666666674
Bangkok,1846,26.55125
Bangkok,1847,26.177666666666667
Bangkok,1848,26.519166666666667
Bangkok,1849,26.61708333333334
Bangkok,1850,26.71516666666666
Bangkok,1851,26.848583333333337
Bangkok,1852,26.673416666666665
Bangkok,1853,26.94175
Bangkok,1854,26.936000000000007
Bangkok,1855,26.836
Bangkok,1856,26.564833333333336
Bangkok,1857,26.717200000000002
Bangkok,1858,26.953083333333336
Bangkok,1859,26.878833333333336
Bangkok,1860,26.64983333333333
Bangkok,1861,26.594083333333334
Bangkok,1862,25.370666666666665
Bangkok,1863,26.608333333333334
Bangkok,1864,26.490166666666664
Bangkok,1865,26.93416666666667
Bangkok,1866,27.044833333333333
Bangkok,1867,26.8395
Bangkok,1868,26.922333333333338
Bangkok,1869,26.353916666666667
Bangkok,1870,26.399666666666672
Bangkok,1871,26.74666666666667
Bangkok,1872,26.883
Bangkok,1873,26.98675
Bangkok,1874,26.914583333333336
Bangkok,1875,26.54375
Bangkok,1876,26.500250000000005
Bangkok,1877,27.087416666666666
Bangkok,1878,27.582083333333333
Bangkok,1879,26.95141666666667
Bangkok,1880,26.82533333333333
Bangkok,1881,27.026416666666666
Bangkok,1882,26.852166666666665
Bangkok,1883,26.69775
Bangkok,1884,26.49575
Bangkok,1885,26.971416666666666
Bangkok,1886,26.869666666666664
Bangkok,1887,26.615916666666667
Bangkok,1888,27.119083333333332
Bangkok,1889,27.214916666666667
Bangkok,1890,26.77716666666667
Bangkok,1891,27.12875
Bangkok,1892,26.590500000000006
Bangkok,1893,26.366416666666662
Bangkok,1894,26.679166666666664
Bangkok,1895,27.04766666666666
Bangkok,1896,27.151083333333332
Bangkok,1897,27.188833333333335
Bangkok,1898,26.8325
Bangkok,1899,26.83875
Bangkok,1900,27.36341666666667
Bangkok,1901,27.281000000000006
Bangkok,1902,27.188333333333333
Bangkok,1903,27.137666666666664
Bangkok,1904,26.508000000000006
Bangkok,1905,27.217583333333334
Bangkok,1906,27.4785
Bangkok,1907,26.796000000000003
Bangkok,1908,26.89366666666667
Bangkok,1909,26.977000000000004
Bangkok,1910,26.948583333333335
Bangkok,1911,27.135
Bangkok,1912,27.239583333333332
Bangkok,1913,27.09475
Bangkok,1914,27.27966666666667
Bangkok,1915,27.267916666666668
Bangkok,1916,26.823333333333338
Bangkok,1917,26.766166666666663
Bangkok,1918,26.783833333333334
Bangkok,1919,27.511583333333334
Bangkok,1920,27.227083333333336
Bangkok,1921,26.89475
Bangkok,1922,27.139750000000003
Bangkok,1923,26.91008333333333
Bangkok,1924,27.043916666666664
Bangkok,1925,26.90566666666666
Bangkok,1926,27.485583333333334
Bangkok,1927,27.070666666666668
Bangkok,1928,27.12566666666667
Bangkok,1929,26.957333333333327
Bangkok,1930,27.155333333333335
Bangkok,1931,27.647500000000004
Bangkok,1932,27.168333333333333
Bangkok,1933,27.36808333333334
Bangkok,1934,26.9965
Bangkok,1935,27.53766666666667
Bangkok,1936,27.177249999999997
Bangkok,1937,27.51166666666667
Bangkok,1938,27.227333333333334
Bangkok,1939,27.11616666666666
Bangkok,1940,27.554166666666674
Bangkok,1941,28.176833333333335
Bangkok,1942,27.486416666666667
Bangkok,1943,27.072000000000006
Bangkok,1944,27.551166666666663
Bangkok,1945,27.46225
Bangkok,1946,27.37958333333333
Bangkok,1947,27.746499999999997
Bangkok,1948,27.159833333333335
Bangkok,1949,27.389166666666668
Bangkok,1950,27.168000000000003
Bangkok,1951,27.56566666666667
Bangkok,1952,27.56241666666666
Bangkok,1953,27.480416666666667
Bangkok,1954,27.545166666666663
Bangkok,1955,26.99083333333334
Bangkok,1956,26.977833333333336
Bangkok,1957,27.601249999999997
Bangkok,1958,27.68133333333333
Bangkok,1959,27.82983333333333
Bangkok,1960,27.849666666666664
Bangkok,1961,27.423499999999994
Bangkok,1962,27.36708333333333
Bangkok,1963,27.33583333333333
Bangkok,1964,27.379083333333337
Bangkok,1965,27.43791666666667
Bangkok,1966,27.92883333333334
Bangkok,1967,27.351249999999997
Bangkok,1968,27.62766666666667
Bangkok,1969,27.78375
Bangkok,1970,27.545583333333337
Bangkok,1971,26.891416666666668
Bangkok,1972,27.551083333333334
Bangkok,1973,27.625416666666666
Bangkok,1974,27.05475000000001
Bangkok,1975,27.2885
Bangkok,1976,27.080166666666667
Bangkok,1977,27.685333333333332
Bangkok,1978,27.770416666666673
Bangkok,1979,28.173666666666662
Bangkok,1980,28.090000000000003
Bangkok,1981,27.352833333333333
Bangkok,1982,27.303416666666674
Bangkok,1983,27.541083333333333
Bangkok,1984,27.406416666666672
Bangkok,1985,27.435750000000002
Bangkok,1986,27.272000000000002
Bangkok,1987,27.836250000000007
Bangkok,1988,27.602833333333333
Bangkok,1989,27.664083333333334
Bangkok,1990,27.96208333333333
Bangkok,1991,27.851666666666663
Bangkok,1992,27.55425
Bangkok,1993,27.584833333333332
Bangkok,1994,27.760416666666668
Bangkok,1995,27.683416666666663
Bangkok,1996,27.374333333333336
Bangkok,1997,28.008416666666665
Bangkok,1998,28.44125
Bangkok,1999,27.337083333333336
Bangkok,2000,27.523
Bangkok,2001,27.812833333333334
Bangkok,2002,27.981499999999997
Bangkok,2003,27.790000000000006
Bangkok,2004,27.797666666666668
Bangkok,2005,27.924333333333337
Bangkok,2006,27.918083333333332
Bangkok,2007,27.787166666666664
Bangkok,2008,27.480916666666673
Bangkok,2009,27.785666666666668
Bangkok,2010,28.53691666666667
Bangkok,2011,27.558333333333334
Bangkok,2012,28.483833333333333
Bangkok,2013,28.98475
Belo Horizonte,1832,20.307416666666665
Belo Horizonte,1833,21.289999999999996
Belo Horizonte,1834,20.58316666666667
Belo Horizonte,1835,19.988749999999996
Belo Horizonte,1836,20.210250000000002
Belo Horizonte,1837,19.652666666666665
Belo Horizonte,1838,20.093833333333333
Belo Horizonte,1839,19.893583333333336
Belo Horizonte,1840,20.571666666666665
Belo Horizonte,1841,20.258416666666665
Belo Horizonte,1842,20.691166666666664
Belo Horizonte,1843,20.82841666666667
Belo Horizonte,1851,20.800833333333333
Belo Horizonte,1852,20.96025
Belo Horizonte,1853,20.975833333333334
Belo Horizonte,1854,21.064083333333333
Belo Horizonte,1855,21.103083333333334
Belo Horizonte,1856,20.136083333333332
Belo Horizonte,1857,20.621
Belo Horizonte,1858,19.786416666666668
Belo Horizonte,1859,20.430000000000003
Belo Horizonte,1860,21.130666666666666
Belo Horizonte,1861,20.342583333333334
Belo Horizonte,1862,20.30375
Belo Horizonte,1863,20.333333333333336
Belo Horizonte,1864,20.328166666666668
Belo Horizonte,1865,20.23625
Belo Horizonte,1866,20.435500000000005
Belo Horizonte,1867,20.60725
Belo Horizonte,1868,21.461083333333335
Belo Horizonte,1869,21.401666666666667
Belo Horizonte,1870,21.377000000000006
Belo Horizonte,1871,21.071416666666664
Belo Horizonte,1872,20.996333333333336
Belo Horizonte,1873,21.21708333333333
Belo Horizonte,1874,20.576833333333333
Belo Horizonte,1875,20.142666666666667
Belo Horizonte,1876,20.39241666666667
Belo Horizonte,1877,21.126833333333334
Belo Horizonte,1878,21.551916666666667
Belo Horizonte,1879,20.19758333333333
Belo Horizonte,1880,21.179416666666665
Belo Horizonte,1881,20.611666666666668
Belo Horizonte,1882,20.053
Belo Horizonte,1883,20.289666666666665
Belo Horizonte,1884,20.169
Belo Horizonte,1885,21.050583333333332
Belo Horizonte,1886,20.30525
Belo Horizonte,1887,20.796416666666666
Belo Horizonte,1888,21.165583333333334
Belo Horizonte,1889,21.404750000000003
Belo Horizonte,1890,20.630416666666665
Belo Horizonte,1891,20.825666666666667
Belo Horizonte,1892,20.617500000000003
Belo Horizonte,1893,20.01133333333333
Belo Horizonte,1894,20.888583333333333
Belo Horizonte,1895,20.671833333333336
Belo Horizonte,1896,20.703500000000002
Belo Horizonte,1897,20.651750000000003
Belo Horizonte,1898,20.89825
Belo Horizonte,1899,21.169249999999998
Belo Horizonte,1900,20.941999999999997
Belo Horizonte,1901,20.73691666666667
Belo Horizonte,1902,21.237166666666663
Belo Horizonte,1903,20.999916666666667
Belo Horizonte,1904,20.0305
Belo Horizonte,1905,21.2855
Belo Horizonte,1906,20.93083333333333
Belo Horizonte,1907,20.634
Belo Horizonte,1908,20.945083333333333
Belo Horizonte,1909,20.564083333333333
Belo Horizonte,1910,20.806749999999997
Belo Horizonte,1911,20.702749999999998
Belo Horizonte,1912,20.72975
Belo Horizonte,1913,21.039
Belo Horizonte,1914,21.457583333333332
Belo Horizonte,1915,21.455083333333334
Belo Horizonte,1916,20.83066666666667
Belo Horizonte,1917,20.017000000000003
Belo Horizonte,1918,20.515083333333333
Belo Horizonte,1919,20.906833333333335
Belo Horizonte,1920,20.790583333333334
Belo Horizonte,1921,20.647166666666667
Belo Horizonte,1922,21.151250000000005
Belo Horizonte,1923,20.7945
Belo Horizonte,1924,20.69966666666667
Belo Horizonte,1925,20.7715
Belo Horizonte,1926,21.05425
Belo Horizonte,1927,21.13158333333333
Belo Horizonte,1928,21.43225
Belo Horizonte,1929,21.121083333333335
Belo Horizonte,1930,21.266750000000002
Belo Horizonte,1931,20.993166666666664
Belo Horizonte,1932,21.540833333333335
Belo Horizonte,1933,20.4845
Belo Horizonte,1934,21.10825
Belo Horizonte,1935,21.27058333333333
Belo Horizonte,1936,21.37216666666667
Belo Horizonte,1937,21.040750000000003
Belo Horizonte,1938,21.256833333333333
Belo Horizonte,1939,21.385833333333334
Belo Horizonte,1940,21.4675
Belo Horizonte,1941,21.488583333333327
Belo Horizonte,1942,21.159999999999997
Belo Horizonte,1943,20.736583333333332
Belo Horizonte,1944,21.099833333333336
Belo Horizonte,1945,20.766333333333332
Belo Horizonte,1946,21.548083333333338
Belo Horizonte,1947,20.843666666666667
Belo Horizonte,1948,21.141499999999997
Belo Horizonte,1949,20.72583333333333
Belo Horizonte,1950,21.114833333333337
Belo Horizonte,1951,21.1295
Belo Horizonte,1952,21.138
Belo Horizonte,1953,21.167833333333334
Belo Horizonte,1954,21.646083333333337
Belo Horizonte,1955,20.94658333333334
Belo Horizonte,1956,20.67158333333333
Belo Horizonte,1957,20.961916666666667
Belo Horizonte,1958,21.492500000000003
Belo Horizonte,1959,21.902749999999997
Belo Horizonte,1960,21.025583333333334
Belo Horizonte,1961,21.692500000000006
Belo Horizonte,1962,20.736583333333332
Belo Horizonte,1963,21.950999999999997
Belo Horizonte,1964,20.731083333333334
Belo Horizonte,1965,21.319250000000004
Belo Horizonte,1966,21.40825
Belo Horizonte,1967,21.528999999999996
Belo Horizonte,1968,20.51125
Belo Horizonte,1969,21.662166666666664
Belo Horizonte,1970,21.427083333333332
Belo Horizonte,1971,21.021166666666662
Belo Horizonte,1972,21.60608333333333
Belo Horizonte,1973,21.868
Belo Horizonte,1974,21.136083333333335
Belo Horizonte,1975,20.92583333333334
Belo Horizonte,1976,21.072416666666665
Belo Horizonte,1977,21.677000000000003
Belo Horizonte,1978,20.94233333333333
Belo Horizonte,1979,20.872333333333334
Belo Horizonte,1980,21.62875
Belo Horizonte,1981,21.1895
Belo Horizonte,1982,21.497833333333332
Belo Horizonte,1983,21.483666666666668
Belo Horizonte,1984,22.136916666666668
Belo Horizonte,1985,21.39425
Belo Horizonte,1986,21.836666666666662
Belo Horizonte,1987,22.05383333333333
Belo Horizonte,1988,21.627
Belo Horizonte,1989,21.132833333333334
Belo Horizonte,1990,21.87666666666667
Belo Horizonte,1991,21.42975
Belo Horizonte,1992,21.354499999999998
Belo Horizonte,1993,21.94141666666667
Belo Horizonte,1994,21.91291666666667
Belo Horizonte,1995,22.07166666666667
Belo Horizonte,1996,21.561083333333332
Belo Horizonte,1997,21.90516666666667
Belo Horizonte,1998,22.35225
Belo Horizonte,1999,21.589833333333335
Belo Horizonte,2000,21.694916666666668
Belo Horizonte,2001,22.141499999999997
Belo Horizonte,2002,22.497333333333334
Belo Horizonte,2003,22.078916666666668
Belo Horizonte,2004,21.588583333333332
Belo Horizonte,2005,22.054666666666673
Belo Horizonte,2006,21.817916666666672
Belo Horizonte,2007,22.189333333333334
Belo Horizonte,2008,21.857916666666664
Belo Horizonte,2009,22.24875
Belo Horizonte,2010,22.116333333333333
Belo Horizonte,2011,21.7405
Belo Horizonte,2012,22.1615
Belo Horizonte,2013,21.586125
Berlin,1743,6.3260000000000005
Berlin,1744,10.36025
Berlin,1745,1.4264999999999999
Berlin,1750,9.827090909090908
Berlin,1751,9.747375000000002
Berlin,1752,4.839333333333333
Berlin,1753,8.715666666666666
Berlin,1754,8.492833333333335
Berlin,1755,8.261083333333334
Berlin,1756,9.624833333333333
Berlin,1757,9.153666666666666
Berlin,1758,8.250833333333334
Berlin,1759,9.039249999999997
Berlin,1760,8.989166666666668
Berlin,1761,9.47275
Berlin,1762,8.526250000000003
Berlin,1763,8.619916666666667
Berlin,1764,8.91366666666667
Berlin,1765,8.539666666666667
Berlin,1766,8.865166666666667
Berlin,1767,8.138416666666666
Berlin,1768,8.029250000000001
Berlin,1769,8.463583333333334
Berlin,1770,8.4975
Berlin,1771,7.453999999999998
Berlin,1772,9.13475
Berlin,1773,9.522083333333333
Berlin,1774,8.458666666666668
Berlin,1775,10.096666666666668
Berlin,1776,8.363000000000001
Berlin,1777,8.293333333333333
Berlin,1778,9.43375
Berlin,1779,10.47225
Berlin,1780,8.775083333333333
Berlin,1781,9.984166666666667
Berlin,1782,8.612583333333331
Berlin,1783,9.756083333333335
Berlin,1784,7.674666666666667
Berlin,1785,7.421916666666667
Berlin,1786,7.676083333333332
Berlin,1787,9.269916666666667
Berlin,1788,8.333166666666665
Berlin,1789,8.987499999999999
Berlin,1790,9.089833333333335
Berlin,1791,9.546
Berlin,1792,8.898166666666667
Berlin,1793,9.182
Berlin,1794,10.021750000000003
Berlin,1795,8.86625
Berlin,1796,9.006749999999998
Berlin,1797,10.070666666666668
Berlin,1798,9.334916666666667
Berlin,1799,6.724916666666668
Berlin,1800,8.599583333333333
Berlin,1801,9.61275
Berlin,1802,9.0815
Berlin,1803,8.024500000000002
Berlin,1804,8.358333333333333
Berlin,1805,7.195416666666667
Berlin,1806,9.666666666666668
Berlin,1807,9.415249999999999
Berlin,1808,8.154166666666667
Berlin,1809,8.66175
Berlin,1810,8.459999999999999
Berlin,1811,9.926416666666668
Berlin,1812,7.352666666666667
Berlin,1813,8.65775
Berlin,1814,7.456916666666667
Berlin,1815,8.378416666666666
Berlin,1816,7.745666666666668
Berlin,1817,8.924666666666667
Berlin,1818,8.9975
Berlin,1819,9.425416666666667
Berlin,1820,7.860500000000002
Berlin,1821,9.1515
Berlin,1822,10.052083333333334
Berlin,1823,8.256333333333334
Berlin,1824,9.608666666666666
Berlin,1825,9.3225
Berlin,1826,9.345666666666666
Berlin,1827,8.991416666666668
Berlin,1828,8.944250000000002
Berlin,1829,6.517166666666665
Berlin,1830,8.079333333333334
Berlin,1831,8.933666666666667
Berlin,1832,8.338166666666664
Berlin,1833,8.885083333333332
Berlin,1834,10.3985
Berlin,1835,8.809416666666667
Berlin,1836,8.884083333333335
Berlin,1837,8.12275
Berlin,1838,6.977583333333333
Berlin,1839,8.629750000000001
Berlin,1840,7.744416666666667
Berlin,1841,9.064166666666667
Berlin,1842,8.50925
Berlin,1843,9.176083333333333
Berlin,1844,7.846250000000001
Berlin,1845,7.921833333333335
Berlin,1846,9.844499999999998
Berlin,1847,8.235833333333334
Berlin,1848,8.745499999999998
Berlin,1849,8.030583333333334
Berlin,1850,8.202916666666667
Berlin,1851,8.497666666666667
Berlin,1852,9.54225
Berlin,1853,7.554083333333335
Berlin,1854,8.692583333333333
Berlin,1855,7.068416666666668
Berlin,1856,8.503333333333332
Berlin,1857,9.387333333333332
Berlin,1858,7.968083333333333
Berlin,1859,9.595833333333333
Berlin,1860,7.999666666666666
Berlin,1861,8.865666666666668
Berlin,1862,8.911583333333335
Berlin,1863,9.812083333333332
Berlin,1864,6.98525
Berlin,1865,8.87825
Berlin,1866,9.43925
Berlin,1867,8.409166666666666
Berlin,1868,10.240583333333335
Berlin,1869,9.062416666666667
Berlin,1870,7.5655
Berlin,1871,7.079916666666667
Berlin,1872,9.972250000000003
Berlin,1873,9.266916666666667
Berlin,1874,9.07741666666667
Berlin,1875,8.04025
Berlin,1876,8.640833333333333
Berlin,1877,8.951916666666667
Berlin,1878,9.384166666666667
Berlin,1879,7.4567499999999995
Berlin,1880,9.084833333333334
Berlin,1881,7.748916666666666
Berlin,1882,9.283750000000001
Berlin,1883,8.540166666666668
Berlin,1884,9.197833333333334
Berlin,1885,8.465083333333334
Berlin,1886,8.551416666666666
Berlin,1887,7.934083333333334
Berlin,1888,7.607333333333333
Berlin,1889,8.342916666666666
Berlin,1890,8.350666666666667
Berlin,1891,8.476
Berlin,1892,8.277583333333332
Berlin,1893,8.50325
Berlin,1894,8.96025
Berlin,1895,8.278666666666663
Berlin,1896,8.571
Berlin,1897,8.685166666666666
Berlin,1898,9.417416666666666
Berlin,1899,8.959833333333334
Berlin,1900,9.161499999999998
Berlin,1901,8.581416666666668
Berlin,1902,7.634249999999999
Berlin,1903,9.283166666666668
Berlin,1904,9.15108333333333
Berlin,1905,8.898250000000003
Berlin,1906,9.313583333333332
Berlin,1907,8.5245
Berlin,1908,8.351416666666667
Berlin,1909,8.160333333333334
Berlin,1910,9.331000000000001
Berlin,1911,9.890666666666666
Berlin,1912,8.491999999999999
Berlin,1913,9.413
Berlin,1914,9.503333333333332
Berlin,1915,8.557166666666665
Berlin,1916,9.296916666666668
Berlin,1917,8.386916666666666
Berlin,1918,9.419416666666669
Berlin,1919,8.0015
Berlin,1920,9.369083333333334
Berlin,1921,9.781833333333333
Berlin,1922,7.757083333333333
Berlin,1923,8.578166666666666
Berlin,1924,8.298499999999999
Berlin,1925,9.32325
Berlin,1926,9.574250000000001
Berlin,1927,8.724416666666665
Berlin,1928,8.917333333333334
Berlin,1929,7.9925
Berlin,1930,9.48375
Berlin,1931,8.354083333333334
Berlin,1932,9.233833333333335
Berlin,1933,8.32025
Berlin,1934,10.692666666666666
Berlin,1935,9.336833333333333
Berlin,1936,9.301166666666667
Berlin,1937,9.412166666666666
Berlin,1938,9.766833333333333
Berlin,1939,9.322083333333333
Berlin,1940,7.038999999999999
Berlin,1941,7.6178333333333335
Berlin,1942,7.804750000000001
Berlin,1943,9.671
Berlin,1944,9.309083333333334
Berlin,1945,9.638666666666666
Berlin,1946,9.122333333333332
Berlin,1947,8.787583333333332
Berlin,1948,9.960249999999998
Berlin,1949,10.035333333333334
Berlin,1950,9.369416666666666
Berlin,1951,9.724666666666668
Berlin,1952,8.609166666666667
Berlin,1953,10.132583333333335
Berlin,1954,8.414583333333333
Berlin,1955,8.359
Berlin,1956,7.572583333333333
Berlin,1957,9.46125
Berlin,1958,9.051083333333333
Berlin,1959,9.876416666666668
Berlin,1960,9.221583333333335
Berlin,1961,9.81258333333333
Berlin,1962,8.129583333333334
Berlin,1963,8.116166666666667
Berlin,1964,8.843166666666667
Berlin,1965,8.334
Berlin,1966,9.336833333333333
Berlin,1967,10.083333333333332
Berlin,1968,9.280583333333333
Berlin,1969,8.431750000000001
Berlin,1970,8.427333333333335
Berlin,1971,9.542416666666666
Berlin,1972,8.882583333333335
Berlin,1973,9.23875
Berlin,1974,9.89375
Berlin,1975,10.082416666666667
Berlin,1976,9.152083333333334
Berlin,1977,9.535916666666669
Berlin,1978,8.860333333333333
Berlin,1979,8.530416666666666
Berlin,1980,8.262749999999999
Berlin,1981,9.181
Berlin,1982,10.078166666666666
Berlin,1983,10.211416666666667
Berlin,1984,8.937083333333334
Berlin,1985,8.460916666666666
Berlin,1986,8.783166666666668
Berlin,1987,8.090666666666666
Berlin,1988,10.02325
Berlin,1989,10.720166666666664
Berlin,1990,10.710916666666668
Berlin,1991,9.35825
Berlin,1992,10.3755
Berlin,1993,9.344583333333334
Berlin,1994,10.430916666666667
Berlin,1995,9.753333333333334
Berlin,1996,7.883166666666667
Berlin,1997,9.725916666666668
Berlin,1998,10.050833333333332
Berlin,1999,10.583583333333332
Berlin,2000,10.963666666666667
Berlin,2001,9.690249999999999
Berlin,2002,10.264416666666666
Berlin,2003,10.06575
Berlin,2004,9.822583333333332
Berlin,2005,9.919083333333333
Berlin,2006,10.545333333333334
Berlin,2007,10.883166666666666
Berlin,2008,10.657750000000002
Berlin,2009,10.0625
Berlin,2010,8.606833333333332
Berlin,2011,10.556416666666665
Berlin,2012,9.964333333333334
Berlin,2013,10.1215
Bogotá,1824,19.925727272727276
Bogotá,1825,19.945249999999998
Bogotá,1826,19.849299999999996
Bogotá,1827,20.212090909090907
Bogotá,1828,19.661363636363635
Bogotá,1829,19.5111
Bogotá,1850,20.251
Bogotá,1851,19.624416666666665
Bogotá,1852,19.411166666666666
Bogotá,1853,19.485833333333336
Bogotá,1854,19.610083333333332
Bogotá,1855,19.681749999999997
Bogotá,1856,19.687749999999998
Bogotá,1857,19.138833333333334
Bogotá,1858,19.426916666666667
Bogotá,1859,19.452416666666668
Bogotá,1860,19.380833333333335
Bogotá,1861,19.402666666666672
Bogotá,1862,19.156249999999996
Bogotá,1863,19.507250000000003
Bogotá,1864,19.425833333333337
Bogotá,1865,19.549833333333332
Bogotá,1866,19.3505
Bogotá,1867,19.73758333333333
Bogotá,1868,19.7205
Bogotá,1869,20.216166666666666
Bogotá,1870,19.543583333333334
Bogotá,1871,19.46375
Bogotá,1872,19.873250000000002
Bogotá,1873,19.659083333333335
Bogotá,1874,19.659333333333336
Bogotá,1875,19.44033333333333
Bogotá,1876,19.758666666666667
Bogotá,1877,20.17791666666667
Bogotá,1878,20.665499999999998
Bogotá,1879,19.76433333333333
Bogotá,1880,19.285083333333333
Bogotá,1881,19.778916666666667
Bogotá,1882,19.28825
Bogotá,1883,19.14175
Bogotá,1884,19.168000000000003
Bogotá,1885,19.517416666666666
Bogotá,1886,19.50075
Bogotá,1887,19.248749999999998
Bogotá,1888,19.449749999999998
Bogotá,1889,20.00875
Bogotá,1890,19.0035
Bogotá,1891,19.81483333333333
Bogotá,1892,19.410416666666666
Bogotá,1893,19.11041666666667
Bogotá,1894,19.30141666666667
Bogotá,1895,19.679333333333332
Bogotá,1896,19.799416666666666
Bogotá,1897,19.866666666666667
Bogotá,1898,19.415833333333335
Bogotá,1899,19.717916666666664
Bogotá,1900,20.13591666666667
Bogotá,1901,19.81491666666667
Bogotá,1902,19.93725
Bogotá,1903,19.941666666666666
Bogotá,1904,19.4395
Bogotá,1905,19.86283333333333
Bogotá,1906,19.844083333333334
Bogotá,1907,19.45175
Bogotá,1908,19.468749999999996
Bogotá,1909,19.330583333333333
Bogotá,1910,19.29108333333333
Bogotá,1911,19.665166666666664
Bogotá,1912,19.996750000000002
Bogotá,1913,19.559916666666666
Bogotá,1914,20.054250000000003
Bogotá,1915,20.301916666666667
Bogotá,1916,19.64075
Bogotá,1917,19.16408333333333
Bogotá,1918,19.386916666666668
Bogotá,1919,19.93225
Bogotá,1920,19.839916666666667
Bogotá,1921,19.671583333333334
Bogotá,1922,19.826333333333338
Bogotá,1923,19.638500000000004
Bogotá,1924,19.808083333333332
Bogotá,1925,19.62066666666667
Bogotá,1926,20.333833333333335
Bogotá,1927,19.8255
Bogotá,1928,19.860249999999997
Bogotá,1929,19.9315
Bogotá,1930,20.03408333333333
Bogotá,1931,20.287916666666668
Bogotá,1932,19.892916666666665
Bogotá,1933,19.71441666666667
Bogotá,1934,19.618
Bogotá,1935,19.819166666666668
Bogotá,1936,20.13108333333334
Bogotá,1937,20.104499999999998
Bogotá,1938,19.8775
Bogotá,1939,20.2
Bogotá,1940,20.595166666666668
Bogotá,1941,20.756916666666665
Bogotá,1942,20.361583333333336
Bogotá,1943,19.740666666666666
Bogotá,1944,19.982833333333335
Bogotá,1945,20.202583333333333
Bogotá,1946,20.240416666666672
Bogotá,1947,20.323833333333337
Bogotá,1948,20.40516666666667
Bogotá,1949,20.18075
Bogotá,1950,19.81383333333333
Bogotá,1951,20.08308333333333
Bogotá,1952,20.26841666666667
Bogotá,1953,20.3855
Bogotá,1954,19.95583333333333
Bogotá,1955,19.7535
Bogotá,1956,19.718333333333334
Bogotá,1957,20.452583333333337
Bogotá,1958,20.761166666666668
Bogotá,1959,20.311833333333333
Bogotá,1960,20.157166666666665
Bogotá,1961,20.26425
Bogotá,1962,20.15216666666667
Bogotá,1963,20.31766666666667
Bogotá,1964,20.15983333333334
Bogotá,1965,20.353916666666667
Bogotá,1966,20.40091666666667
Bogotá,1967,20.035416666666666
Bogotá,1968,19.990333333333336
Bogotá,1969,20.42891666666667
Bogotá,1970,20.214333333333332
Bogotá,1971,19.77841666666666
Bogotá,1972,20.435916666666667
Bogotá,1973,20.459666666666667
Bogotá,1974,19.881500000000003
Bogotá,1975,19.79975
Bogotá,1976,20.16325
Bogotá,1977,20.687333333333335
Bogotá,1978,20.450416666666666
Bogotá,1979,20.48766666666667
Bogotá,1980,20.840416666666666
Bogotá,1981,20.43358333333333
Bogotá,1982,20.46375
Bogotá,1983,20.990166666666667
Bogotá,1984,20.023250000000004
Bogotá,1985,20.409166666666668
Bogotá,1986,20.359583333333337
Bogotá,1987,21.007416666666664
Bogotá,1988,20.368833333333335
Bogotá,1989,20.137583333333335
Bogotá,1990,20.5485
Bogotá,1991,20.5865
Bogotá,1992,20.87908333333333
Bogotá,1993,20.525166666666667
Bogotá,1994,20.513083333333334
Bogotá,1995,20.580250000000003
Bogotá,1996,20.23325
Bogotá,1997,21.003249999999998
Bogotá,1998,21.181166666666666
Bogotá,1999,20.047416666666667
Bogotá,2000,20.224416666666666
Bogotá,2001,20.741583333333335
Bogotá,2002,20.922416666666667
Bogotá,2003,20.89966666666667
Bogotá,2004,20.851
Bogotá,2005,20.92291666666667
Bogotá,2006,20.788
Bogotá,2007,20.73091666666667
Bogotá,2008,20.336666666666662
Bogotá,2009,21.006916666666665
Bogotá,2010,20.954250000000005
Bogotá,2011,20.54425
Bogotá,2012,20.751583333333336
Bogotá,2013,21.016
Bombay,1796,26.397833333333335
Bombay,1797,26.988000000000007
Bombay,1798,26.6813
Bombay,1799,26.679999999999996
Bombay,1800,26.65791666666667
Bombay,1801,26.573500000000003
Bombay,1802,27.150583333333334
Bombay,1803,26.915916666666664
Bombay,1804,27.28075
Bombay,1805,26.778916666666664
Bombay,1806,26.67233333333333
Bombay,1807,26.5999
Bombay,1813,26.019666666666666
Bombay,1814,25.74354545454545
Bombay,1815,25.560083333333335
Bombay,1816,25.104249999999997
Bombay,1817,25.34875
Bombay,1818,25.849666666666664
Bombay,1819,25.5325
Bombay,1820,25.655833333333334
Bombay,1821,26.226333333333333
Bombay,1822,26.235500000000002
Bombay,1823,26.222250000000003
Bombay,1824,26.814333333333327
Bombay,1825,26.533833333333337
Bombay,1826,26.620250000000002
Bombay,1827,26.66116666666667
Bombay,1828,26.378249999999998
Bombay,1829,26.202583333333337
Bombay,1830,26.37858333333334
Bombay,1831,26.03291666666667
Bombay,1832,26.0151
Bombay,1833,26.273083333333336
Bombay,1834,26.34875
Bombay,1835,25.546999999999997
Bombay,1836,25.933499999999995
Bombay,1837,25.872583333333335
Bombay,1838,25.939333333333327
Bombay,1839,26.00125
Bombay,1840,26.07558333333333
Bombay,1841,25.84883333333333
Bombay,1842,26.201916666666673
Bombay,1843,25.94425
Bombay,1844,25.880166666666664
Bombay,1845,26.151083333333332
Bombay,1846,26.70766666666667
Bombay,1847,26.14675
Bombay,1848,26.1585
Bombay,1849,26.069416666666665
Bombay,1850,26.199083333333338
Bombay,1851,26.126166666666666
Bombay,1852,26.189666666666664
Bombay,1853,26.365333333333336
Bombay,1854,26.499750000000006
Bombay,1855,26.514166666666664
Bombay,1856,26.035416666666666
Bombay,1857,25.700833333333335
Bombay,1858,26.32341666666667
Bombay,1859,26.395083333333332
Bombay,1860,26.168916666666664
Bombay,1861,26.04525
Bombay,1862,23.38033333333333
Bombay,1865,26.594083333333334
Bombay,1866,26.60541666666667
Bombay,1867,26.672416666666663
Bombay,1868,26.6155
Bombay,1869,26.672250000000002
Bombay,1870,26.27458333333333
Bombay,1871,26.26891666666667
Bombay,1872,26.298333333333336
Bombay,1873,26.39558333333333
Bombay,1874,26.435916666666667
Bombay,1875,26.465833333333336
Bombay,1876,26.839000000000002
Bombay,1877,27.07241666666667
Bombay,1878,26.88358333333333
Bombay,1879,25.99925
Bombay,1880,26.505583333333334
Bombay,1881,26.551083333333334
Bombay,1882,26.23633333333333
Bombay,1883,25.896500000000003
Bombay,1884,25.957916666666666
Bombay,1885,26.256416666666667
Bombay,1886,26.377
Bombay,1887,25.963250000000002
Bombay,1888,26.63575
Bombay,1889,26.627083333333335
Bombay,1890,26.40908333333333
Bombay,1891,26.58316666666667
Bombay,1892,26.65925
Bombay,1893,26.020583333333338
Bombay,1894,26.51133333333334
Bombay,1895,26.542
Bombay,1896,27.130916666666668
Bombay,1897,26.676583333333337
Bombay,1898,26.83375
Bombay,1899,26.75491666666667
Bombay,1900,27.001083333333337
Bombay,1901,26.76308333333333
Bombay,1902,27.297833333333333
Bombay,1903,26.341416666666664
Bombay,1904,26.684916666666666
Bombay,1905,26.3625
Bombay,1906,26.420749999999995
Bombay,1907,26.58816666666667
Bombay,1908,26.279666666666667
Bombay,1909,26.334583333333338
Bombay,1910,26.22016666666667
Bombay,1911,26.72575
Bombay,1912,26.957000000000004
Bombay,1913,26.536749999999998
Bombay,1914,26.71183333333333
Bombay,1915,26.790000000000003
Bombay,1916,26.603583333333333
Bombay,1917,26.108166666666666
Bombay,1918,26.747416666666663
Bombay,1919,26.693583333333336
Bombay,1920,26.89233333333333
Bombay,1921,26.777083333333334
Bombay,1922,26.5895
Bombay,1923,26.557333333333332
Bombay,1924,26.84691666666667
Bombay,1925,26.758083333333328
Bombay,1926,26.85108333333333
Bombay,1927,26.451833333333337
Bombay,1928,26.704583333333332
Bombay,1929,26.884500000000003
Bombay,1930,26.60766666666667
Bombay,1931,26.9395
Bombay,1932,26.830333333333332
Bombay,1933,26.578666666666667
Bombay,1934,26.379500000000004
Bombay,1935,26.428333333333338
Bombay,1936,26.652583333333336
Bombay,1937,26.42741666666667
Bombay,1938,26.364083333333337
Bombay,1939,26.632583333333333
Bombay,1940,26.696250000000003
Bombay,1941,27.497833333333332
Bombay,1942,26.926166666666663
Bombay,1943,26.65233333333333
Bombay,1944,26.793666666666667
Bombay,1945,26.43675
Bombay,1946,26.847333333333335
Bombay,1947,26.787416666666672
Bombay,1948,27.033250000000006
Bombay,1949,26.80525
Bombay,1950,26.369916666666665
Bombay,1951,26.912999999999997
Bombay,1952,26.865666666666666
Bombay,1953,27.007416666666668
Bombay,1954,26.71558333333333
Bombay,1955,26.701166666666666
Bombay,1956,26.52591666666667
Bombay,1957,26.81566666666666
Bombay,1958,27.186999999999998
Bombay,1959,27.03933333333333
Bombay,1960,27.026750000000003
Bombay,1961,26.60116666666667
Bombay,1962,26.71525
Bombay,1963,26.9725
Bombay,1964,26.474666666666668
Bombay,1965,26.928916666666666
Bombay,1966,27.21858333333334
Bombay,1967,26.979749999999996
Bombay,1968,26.693833333333334
Bombay,1969,27.273
Bombay,1970,26.720083333333335
Bombay,1971,26.59841666666667
Bombay,1972,27.23241666666667
Bombay,1973,27.02666666666667
Bombay,1974,26.926000000000002
Bombay,1975,26.500083333333333
Bombay,1976,27.019249999999996
Bombay,1977,27.361250000000002
Bombay,1978,26.886166666666664
Bombay,1979,27.11775
Bombay,1980,27.1805
Bombay,1981,27.072333333333333
Bombay,1982,27.154166666666665
Bombay,1983,26.546166666666664
Bombay,1984,26.970916666666664
Bombay,1985,26.930416666666662
Bombay,1986,27.15858333333333
Bombay,1987,27.73575
Bombay,1988,27.340666666666667
Bombay,1989,26.91308333333333
Bombay,1990,26.975250000000006
Bombay,1991,26.961166666666667
Bombay,1992,27.074416666666664
Bombay,1993,27.167583333333337
Bombay,1994,26.98375
Bombay,1995,27.25883333333334
Bombay,1996,27.251083333333337
Bombay,1997,27.185083333333335
Bombay,1998,27.547
Bombay,1999,27.202833333333334
Bombay,2000,27.203666666666667
Bombay,2001,27.243666666666666
Bombay,2002,27.62866666666667
Bombay,2003,27.578416666666666
Bombay,2004,27.318749999999994
Bombay,2005,27.035749999999993
Bombay,2006,27.3815
Bombay,2007,27.63466666666667
Bombay,2008,27.177750000000003
Bombay,2009,27.8445
Bombay,2010,27.765416666666667
Bombay,2011,27.38491666666667
Bombay,2012,27.1925
Bombay,2013,26.712999999999997
Brasília,1832,20.9145
Brasília,1833,21.725250000000003
Brasília,1834,21.303166666666666
Brasília,1835,20.594583333333333
Brasília,1836,20.902166666666663
Brasília,1837,20.475083333333334
Brasília,1838,20.74441666666667
Brasília,1839,20.691499999999998
Brasília,1840,21.165333333333333
Brasília,1841,20.931500000000003
Brasília,1842,21.339999999999993
Brasília,1843,21.467916666666667
Brasília,1851,21.405500000000004
Brasília,1852,21.480416666666667
Brasília,1853,21.488166666666668
Brasília,1854,21.606583333333337
Brasília,1855,21.627666666666666
Brasília,1856,20.85758333333333
Brasília,1857,21.084583333333335
Brasília,1858,20.72675
Brasília,1859,21.274833333333337
Brasília,1860,21.614833333333337
Brasília,1861,21.04825
Brasília,1862,20.92625
Brasília,1863,21.161916666666666
Brasília,1864,21.046250000000004
Brasília,1865,21.04958333333333
Brasília,1866,21.21241666666667
Brasília,1867,21.395166666666668
Brasília,1868,21.849083333333336
Brasília,1869,21.89466666666667
Brasília,1870,21.78325
Brasília,1871,21.589833333333335
Brasília,1872,21.54641666666667
Brasília,1873,21.837
Brasília,1874,21.363
Brasília,1875,20.836
Brasília,1876,21.144166666666667
Brasília,1877,21.816416666666665
Brasília,1878,22.1105
Brasília,1879,21.00583333333333
Brasília,1880,21.59433333333334
Brasília,1881,21.350250000000003
Brasília,1882,20.928416666666667
Brasília,1883,21.011583333333334
Brasília,1884,20.90008333333333
Brasília,1885,21.570000000000004
Brasília,1886,21.050416666666667
Brasília,1887,21.419
Brasília,1888,21.723166666666668
Brasília,1889,21.865083333333335
Brasília,1890,21.221166666666665
Brasília,1891,21.36158333333333
Brasília,1892,21.212750000000003
Brasília,1893,20.7995
Brasília,1894,21.46966666666667
Brasília,1895,21.401833333333332
Brasília,1896,21.487583333333333
Brasília,1897,21.389916666666664
Brasília,1898,21.548666666666662
Brasília,1899,21.557916666666667
Brasília,1900,21.832000000000004
Brasília,1901,21.838000000000005
Brasília,1902,21.794750000000004
Brasília,1903,21.649083333333337
Brasília,1904,20.565499999999997
Brasília,1905,22.00225
Brasília,1906,21.543249999999997
Brasília,1907,21.35116666666667
Brasília,1908,21.704333333333338
Brasília,1909,21.3355
Brasília,1910,21.67941666666667
Brasília,1911,21.360333333333333
Brasília,1912,21.345499999999998
Brasília,1913,21.672749999999997
Brasília,1914,22.018583333333336
Brasília,1915,22.2055
Brasília,1916,21.533
Brasília,1917,20.730416666666667
Brasília,1918,21.211333333333332
Brasília,1919,21.623250000000002
Brasília,1920,21.251583333333333
Brasília,1921,21.23158333333333
Brasília,1922,21.72191666666667
Brasília,1923,21.22383333333333
Brasília,1924,21.47208333333333
Brasília,1925,21.41383333333334
Brasília,1926,21.98725
Brasília,1927,21.78408333333333
Brasília,1928,22.094083333333334
Brasília,1929,21.723583333333334
Brasília,1930,21.698916666666666
Brasília,1931,21.751416666666668
Brasília,1932,22.213666666666665
Brasília,1933,21.537000000000003
Brasília,1934,21.858083333333337
Brasília,1935,22.051666666666662
Brasília,1936,22.16058333333333
Brasília,1937,22.019000000000002
Brasília,1938,21.9815
Brasília,1939,22.19183333333333
Brasília,1940,22.098666666666663
Brasília,1941,22.229249999999997
Brasília,1942,21.768416666666667
Brasília,1943,21.304583333333333
Brasília,1944,21.794916666666666
Brasília,1945,21.44716666666667
Brasília,1946,22.10966666666667
Brasília,1947,21.578166666666664
Brasília,1948,21.807083333333335
Brasília,1949,21.452249999999996
Brasília,1950,21.422833333333333
Brasília,1951,21.749499999999998
Brasília,1952,21.82133333333333
Brasília,1953,21.904999999999998
Brasília,1954,22.110583333333334
Brasília,1955,21.838833333333337
Brasília,1956,21.409083333333328
Brasília,1957,21.594916666666663
Brasília,1958,22.043833333333335
Brasília,1959,22.369750000000007
Brasília,1960,21.663083333333333
Brasília,1961,22.19758333333333
Brasília,1962,21.721333333333334
Brasília,1963,22.360500000000002
Brasília,1964,21.536166666666663
Brasília,1965,21.90716666666667
Brasília,1966,21.754833333333334
Brasília,1967,21.853083333333334
Brasília,1968,21.250166666666665
Brasília,1969,22.349666666666668
Brasília,1970,22.12183333333333
Brasília,1971,21.771916666666666
Brasília,1972,22.266750000000002
Brasília,1973,22.634
Brasília,1974,21.815916666666666
Brasília,1975,21.758583333333334
Brasília,1976,21.731750000000005
Brasília,1977,22.207166666666666
Brasília,1978,21.658916666666666
Brasília,1979,21.81658333333333
Brasília,1980,22.130166666666668
Brasília,1981,21.69141666666667
Brasília,1982,22.207833333333337
Brasília,1983,22.12708333333333
Brasília,1984,22.291500000000003
Brasília,1985,21.8135
Brasília,1986,22.153000000000002
Brasília,1987,22.683833333333336
Brasília,1988,22.14366666666667
Brasília,1989,21.917083333333334
Brasília,1990,22.403250000000003
Brasília,1991,21.96766666666667
Brasília,1992,21.83741666666667
Brasília,1993,22.508916666666668
Brasília,1994,22.55366666666667
Brasília,1995,22.462000000000003
Brasília,1996,22.45475
Brasília,1997,22.231666666666666
Brasília,1998,23.277666666666665
Brasília,1999,22.50466666666667
Brasília,2000,22.45616666666667
Brasília,2001,22.56533333333333
Brasília,2002,23.175500000000003
Brasília,2003,22.749000000000006
Brasília,2004,22.606583333333333
Brasília,2005,22.73675
Brasília,2006,22.349166666666672
Brasília,2007,22.998
Brasília,2008,22.595333333333333
Brasília,2009,22.663
Brasília,2010,23.03516666666667
Brasília,2011,22.38716666666667
Brasília,2012,22.84358333333334
Brasília,2013,22.601375
Cairo,1811,17.706555555555557
Cairo,1819,20.309250000000002
Cairo,1820,20.575833333333332
Cairo,1821,20.63075
Cairo,1822,20.08609090909091
Cairo,1823,18.74722222222222
Cairo,1824,21.436000000000007
Cairo,1825,20.99825
Cairo,1826,20.939249999999998
Cairo,1827,21.632500000000004
Cairo,1828,20.98933333333333
Cairo,1829,20.909249999999997
Cairo,1830,21.249583333333334
Cairo,1831,20.517000000000003
Cairo,1832,20.20416666666667
Cairo,1833,20.8145
Cairo,1834,20.688499999999998
Cairo,1835,20.171416666666666
Cairo,1836,20.59075
Cairo,1837,20.267916666666665
Cairo,1838,20.210333333333335
Cairo,1839,19.0245
Cairo,1840,20.55783333333334
Cairo,1841,20.90975
Cairo,1842,20.92075
Cairo,1843,20.828750000000003
Cairo,1844,20.65775
Cairo,1845,20.90125
Cairo,1846,21.569083333333335
Cairo,1847,21.0975
Cairo,1848,20.88675
Cairo,1849,20.902
Cairo,1850,20.388166666666667
Cairo,1851,21.1115
Cairo,1852,21.041166666666665
Cairo,1853,21.52725
Cairo,1854,20.736416666666667
Cairo,1855,21.038333333333338
Cairo,1856,20.494083333333332
Cairo,1857,20.294166666666666
Cairo,1858,20.899499999999996
Cairo,1859,20.981833333333338
Cairo,1860,21.333249999999996
Cairo,1861,20.209416666666666
Cairo,1862,20.223333333333333
Cairo,1863,20.604833333333335
Cairo,1864,21.248083333333334
Cairo,1865,21.550583333333332
Cairo,1866,21.352999999999998
Cairo,1867,21.44916666666666
Cairo,1868,20.939583333333335
Cairo,1869,21.414416666666668
Cairo,1870,21.294999999999998
Cairo,1871,20.871999999999996
Cairo,1872,21.14325
Cairo,1873,21.403333333333332
Cairo,1874,20.76608333333333
Cairo,1875,19.990583333333337
Cairo,1876,21.05483333333333
Cairo,1877,21.394333333333336
Cairo,1878,21.542333333333335
Cairo,1879,21.487000000000005
Cairo,1880,21.201083333333337
Cairo,1881,21.559833333333334
Cairo,1882,20.378250000000005
Cairo,1883,20.646916666666666
Cairo,1884,20.232166666666664
Cairo,1885,20.91483333333333
Cairo,1886,20.54983333333334
Cairo,1887,21.210666666666665
Cairo,1888,21.040583333333334
Cairo,1889,21.047749999999997
Cairo,1890,21.086166666666667
Cairo,1891,21.13491666666667
Cairo,1892,21.386166666666668
Cairo,1893,20.569666666666667
Cairo,1894,20.947083333333335
Cairo,1895,20.970583333333334
Cairo,1896,21.171583333333334
Cairo,1897,20.817916666666665
Cairo,1898,20.924666666666663
Cairo,1899,21.035833333333333
Cairo,1900,21.574166666666667
Cairo,1901,21.893833333333333
Cairo,1902,21.35575
Cairo,1903,20.385
Cairo,1904,20.608666666666668
Cairo,1905,21.02625
Cairo,1906,21.241166666666665
Cairo,1907,20.452416666666668
Cairo,1908,20.367416666666664
Cairo,1909,21.40366666666667
Cairo,1910,20.647833333333335
Cairo,1911,20.77825
Cairo,1912,20.785333333333334
Cairo,1913,20.40408333333333
Cairo,1914,20.96483333333333
Cairo,1915,21.574083333333334
Cairo,1916,21.730999999999998
Cairo,1917,21.122999999999998
Cairo,1918,21.433999999999997
Cairo,1919,21.42583333333333
Cairo,1920,20.723416666666665
Cairo,1921,20.732583333333338
Cairo,1922,21.393416666666663
Cairo,1923,21.3895
Cairo,1924,21.611250000000002
Cairo,1925,21.369749999999996
Cairo,1926,21.219
Cairo,1927,21.759
Cairo,1928,21.717250000000003
Cairo,1929,21.06825
Cairo,1930,21.732916666666668
Cairo,1931,21.60308333333333
Cairo,1932,21.427999999999997
Cairo,1933,21.243666666666666
Cairo,1934,21.52433333333333
Cairo,1935,21.613250000000004
Cairo,1936,21.99925
Cairo,1937,21.822083333333335
Cairo,1938,20.923583333333337
Cairo,1939,21.85441666666667
Cairo,1940,21.590833333333332
Cairo,1941,21.76158333333333
Cairo,1942,21.586333333333332
Cairo,1943,21.345499999999998
Cairo,1944,21.401333333333337
Cairo,1945,20.832833333333333
Cairo,1946,21.756333333333334
Cairo,1947,21.942999999999994
Cairo,1948,20.88025
Cairo,1949,20.678333333333335
Cairo,1950,21.527416666666664
Cairo,1951,21.82483333333333
Cairo,1952,21.922583333333336
Cairo,1953,21.167833333333334
Cairo,1954,21.445333333333334
Cairo,1955,22.101
Cairo,1956,21.47883333333333
Cairo,1957,21.486499999999996
Cairo,1958,21.854333333333333
Cairo,1959,20.978333333333335
Cairo,1960,22.295416666666668
Cairo,1961,21.139083333333332
Cairo,1962,22.114
Cairo,1963,22.093
Cairo,1964,21.07225
Cairo,1965,21.52175
Cairo,1966,22.103333333333335
Cairo,1967,20.918916666666668
Cairo,1968,21.481166666666667
Cairo,1969,21.879250000000003
Cairo,1970,21.528499999999998
Cairo,1971,21.410916666666665
Cairo,1972,21.566833333333335
Cairo,1973,21.42425
Cairo,1974,21.547583333333332
Cairo,1975,21.35291666666667
Cairo,1976,21.281
Cairo,1977,21.571250000000003
Cairo,1978,21.66633333333333
Cairo,1979,22.05566666666667
Cairo,1980,21.516999999999996
Cairo,1981,21.41891666666667
Cairo,1982,21.035416666666666
Cairo,1983,20.746333333333336
Cairo,1984,21.320416666666667
Cairo,1985,21.721333333333334
Cairo,1986,21.519166666666667
Cairo,1987,21.243583333333337
Cairo,1988,21.65116666666667
Cairo,1989,21.427583333333335
Cairo,1990,21.599500000000006
Cairo,1991,21.6515
Cairo,1992,21.111166666666666
Cairo,1993,21.786833333333334
Cairo,1994,22.02133333333333
Cairo,1995,21.564833333333336
Cairo,1996,21.878666666666664
Cairo,1997,21.45483333333333
Cairo,1998,22.362666666666666
Cairo,1999,22.278500000000005
Cairo,2000,21.486166666666666
Cairo,2001,22.330833333333334
Cairo,2002,22.414083333333334
Cairo,2003,22.1705
Cairo,2004,22.081916666666668
Cairo,2005,22.006500000000003
Cairo,2006,22.05
Cairo,2007,22.361
Cairo,2008,22.644499999999997
Cairo,2009,22.625
Cairo,2010,23.718249999999998
Cairo,2011,21.98691666666667
Cairo,2012,22.484250000000003
Cairo,2013,22.906999999999996
Calcutta,1796,25.88625
Calcutta,1797,26.9918
Calcutta,1798,25.5607
Calcutta,1799,26.15025
Calcutta,1800,26.09308333333333
Calcutta,1801,25.4751
Calcutta,1802,26.539916666666667
Calcutta,1803,26.296083333333332
Calcutta,1804,26.6195
Calcutta,1805,26.197166666666664
Calcutta,1806,26.10700000000001
Calcutta,1807,25.5911
Calcutta,1813,25.449916666666667
Calcutta,1814,24.95
Calcutta,1815,24.980999999999998
Calcutta,1816,24.766750000000002
Calcutta,1817,24.772083333333338
Calcutta,1818,24.738833333333336
Calcutta,1819,24.54216666666667
Calcutta,1820,24.870000000000005
Calcutta,1821,25.8155
Calcutta,1822,26.016166666666667
Calcutta,1823,25.69416666666667
Calcutta,1824,26.20583333333333
Calcutta,1825,25.9885
Calcutta,1826,26.021666666666672
Calcutta,1827,26.189916666666672
Calcutta,1828,25.795666666666666
Calcutta,1829,25.609250000000003
Calcutta,1830,25.90433333333333
Calcutta,1831,25.368083333333335
Calcutta,1832,25.726999999999997
Calcutta,1833,25.786333333333335
Calcutta,1834,25.54650000000001
Calcutta,1835,24.515583333333336
Calcutta,1836,25.610333333333333
Calcutta,1837,25.480499999999996
Calcutta,1838,25.430833333333336
Calcutta,1839,25.456999999999997
Calcutta,1840,25.844666666666665
Calcutta,1841,25.892333333333337
Calcutta,1842,25.575750000000003
Calcutta,1843,25.614833333333337
Calcutta,1844,25.21183333333333
Calcutta,1845,25.43383333333333
Calcutta,1846,25.586583333333333
Calcutta,1847,25.262
Calcutta,1848,25.27925
Calcutta,1849,25.23783333333333
Calcutta,1850,25.792249999999996
Calcutta,1851,25.74066666666667
Calcutta,1852,25.4525
Calcutta,1853,25.93941666666667
Calcutta,1854,25.957666666666665
Calcutta,1855,25.90783333333333
Calcutta,1856,25.456
Calcutta,1857,25.159000000000002
Calcutta,1858,25.77091666666667
Calcutta,1859,25.829499999999996
Calcutta,1860,25.563499999999994
Calcutta,1861,25.489083333333337
Calcutta,1862,20.968666666666667
Calcutta,1865,25.921999999999997
Calcutta,1866,26.028833333333335
Calcutta,1867,25.993083333333335
Calcutta,1868,25.635500000000004
Calcutta,1869,25.64433333333334
Calcutta,1870,25.671083333333332
Calcutta,1871,25.894416666666668
Calcutta,1872,25.878249999999994
Calcutta,1873,25.900333333333332
Calcutta,1874,25.70616666666667
Calcutta,1875,25.836499999999997
Calcutta,1876,25.776666666666667
Calcutta,1877,25.724166666666665
Calcutta,1878,26.348083333333335
Calcutta,1879,26.260166666666663
Calcutta,1880,25.719749999999994
Calcutta,1881,25.74508333333334
Calcutta,1882,25.939333333333334
Calcutta,1883,25.48741666666667
Calcutta,1884,25.42466666666667
Calcutta,1885,25.89175
Calcutta,1886,25.972499999999997
Calcutta,1887,25.53441666666667
Calcutta,1888,25.82466666666667
Calcutta,1889,26.321750000000005
Calcutta,1890,25.774083333333333
Calcutta,1891,25.721833333333336
Calcutta,1892,25.97808333333333
Calcutta,1893,24.943083333333334
Calcutta,1894,26.049666666666667
Calcutta,1895,25.898333333333337
Calcutta,1896,26.457333333333338
Calcutta,1897,26.38366666666667
Calcutta,1898,25.974999999999998
Calcutta,1899,25.885666666666665
Calcutta,1900,26.40416666666667
Calcutta,1901,26.216250000000002
Calcutta,1902,26.10008333333333
Calcutta,1903,26.175750000000004
Calcutta,1904,25.913166666666665
Calcutta,1905,25.31025
Calcutta,1906,26.045249999999996
Calcutta,1907,25.886666666666667
Calcutta,1908,26.12875
Calcutta,1909,26.101916666666668
Calcutta,1910,25.803250000000002
Calcutta,1911,25.87783333333333
Calcutta,1912,25.97383333333333
Calcutta,1913,25.55825
Calcutta,1914,25.79216666666667
Calcutta,1915,26.358833333333337
Calcutta,1916,26.129416666666668
Calcutta,1917,25.60633333333334
Calcutta,1918,25.70033333333333
Calcutta,1919,26.065833333333334
Calcutta,1920,26.18808333333334
Calcutta,1921,26.14725
Calcutta,1922,26.14633333333333
Calcutta,1923,26.11016666666666
Calcutta,1924,26.548000000000002
Calcutta,1925,25.750166666666672
Calcutta,1926,26.03141666666667
Calcutta,1927,26.120416666666667
Calcutta,1928,26.326750000000004
Calcutta,1929,26.04575
Calcutta,1930,26.00525
Calcutta,1931,26.39775
Calcutta,1932,26.433666666666667
Calcutta,1933,25.820833333333336
Calcutta,1934,26.048750000000002
Calcutta,1935,26.27808333333334
Calcutta,1936,26.0715
Calcutta,1937,25.805583333333335
Calcutta,1938,26.22008333333333
Calcutta,1939,26.453916666666668
Calcutta,1940,26.218833333333336
Calcutta,1941,26.608500000000003
Calcutta,1942,26.470749999999995
Calcutta,1943,26.2195
Calcutta,1944,26.23783333333333
Calcutta,1945,25.981583333333333
Calcutta,1946,26.133333333333336
Calcutta,1947,26.48833333333333
Calcutta,1948,26.24833333333333
Calcutta,1949,25.87366666666667
Calcutta,1950,26.159750000000003
Calcutta,1951,26.656833333333328
Calcutta,1952,26.38983333333334
Calcutta,1953,26.740749999999995
Calcutta,1954,26.45316666666667
Calcutta,1955,26.381916666666665
Calcutta,1956,26.141750000000005
Calcutta,1957,26.624916666666664
Calcutta,1958,27.187416666666664
Calcutta,1959,26.301666666666666
Calcutta,1960,26.589833333333342
Calcutta,1961,26.212
Calcutta,1962,26.18375
Calcutta,1963,26.353250000000003
Calcutta,1964,26.620250000000002
Calcutta,1965,26.32375
Calcutta,1966,26.775500000000005
Calcutta,1967,26.31691666666667
Calcutta,1968,26.154666666666667
Calcutta,1969,26.57216666666667
Calcutta,1970,26.40575
Calcutta,1971,25.60775
Calcutta,1972,26.424416666666662
Calcutta,1973,26.390416666666663
Calcutta,1974,26.28675
Calcutta,1975,26.355166666666666
Calcutta,1976,26.534750000000003
Calcutta,1977,26.31008333333334
Calcutta,1978,26.1455
Calcutta,1979,26.994999999999994
Calcutta,1980,26.66425
Calcutta,1981,25.94516666666667
Calcutta,1982,26.484750000000002
Calcutta,1983,26.322166666666664
Calcutta,1984,26.217833333333335
Calcutta,1985,26.67016666666667
Calcutta,1986,26.4555
Calcutta,1987,26.854166666666668
Calcutta,1988,26.890083333333337
Calcutta,1989,26.494583333333335
Calcutta,1990,26.362416666666665
Calcutta,1991,26.541833333333333
Calcutta,1992,26.41266666666667
Calcutta,1993,26.344749999999994
Calcutta,1994,26.540583333333334
Calcutta,1995,26.617
Calcutta,1996,26.649333333333335
Calcutta,1997,26.189666666666668
Calcutta,1998,26.68766666666667
Calcutta,1999,26.862916666666663
Calcutta,2000,26.491333333333333
Calcutta,2001,26.51516666666667
Calcutta,2002,26.70391666666666
Calcutta,2003,26.561333333333334
Calcutta,2004,26.63433333333333
Calcutta,2005,26.729166666666668
Calcutta,2006,26.98625
Calcutta,2007,26.58458333333333
Calcutta,2008,26.522333333333336
Calcutta,2009,27.15325
Calcutta,2010,27.288833333333333
Calcutta,2011,26.406916666666664
Calcutta,2012,26.935083333333335
Calcutta,2013,27.36925
Cali,1825,21.725416666666664
Cali,1826,21.642
Cali,1827,22.01072727272727
Cali,1828,21.46245454545455
Cali,1829,21.2978
Cali,1852,20.73625
Cali,1853,21.26425
Cali,1854,21.401833333333332
Cali,1855,21.464166666666667
Cali,1856,21.475333333333328
Cali,1857,20.914363636363635
Cali,1858,21.233999999999998
Cali,1859,21.2415
Cali,1860,21.148666666666667
Cali,1861,21.190333333333335
Cali,1862,20.939666666666664
Cali,1863,21.3175
Cali,1864,21.207083333333333
Cali,1865,21.341083333333334
Cali,1866,21.1225
Cali,1867,21.527499999999993
Cali,1868,21.500833333333333
Cali,1869,22.024833333333337
Cali,1870,21.346166666666665
Cali,1871,21.234833333333334
Cali,1872,21.659999999999997
Cali,1873,21.43341666666667
Cali,1874,21.455583333333333
Cali,1875,21.23975
Cali,1876,21.549166666666665
Cali,1877,21.94383333333333
Cali,1878,22.448333333333334
Cali,1879,21.56316666666667
Cali,1880,21.13083333333333
Cali,1881,21.605833333333333
Cali,1882,21.107083333333332
Cali,1883,20.903166666666667
Cali,1884,20.95475
Cali,1885,21.29641666666667
Cali,1886,21.314999999999998
Cali,1887,21.034166666666668
Cali,1888,21.189833333333336
Cali,1889,21.773
Cali,1890,20.80033333333333
Cali,1891,21.613833333333332
Cali,1892,21.17625
Cali,1893,20.868583333333333
Cali,1894,21.090833333333336
Cali,1895,21.500833333333333
Cali,1896,21.605083333333337
Cali,1897,21.710583333333332
Cali,1898,21.264666666666667
Cali,1899,21.497416666666666
Cali,1900,21.923333333333336
Cali,1901,21.541416666666667
Cali,1902,21.684749999999998
Cali,1903,21.72083333333333
Cali,1904,21.21975
Cali,1905,21.660916666666665
Cali,1906,21.645083333333336
Cali,1907,21.229000000000003
Cali,1908,21.232000000000003
Cali,1909,21.093166666666665
Cali,1910,21.01
Cali,1911,21.467583333333337
Cali,1912,21.85575
Cali,1913,21.361166666666666
Cali,1914,21.876500000000004
Cali,1915,22.063333333333336
Cali,1916,21.429999999999996
Cali,1917,20.943083333333334
Cali,1918,21.206666666666667
Cali,1919,21.733833333333337
Cali,1920,21.680999999999997
Cali,1921,21.515333333333334
Cali,1922,21.6775
Cali,1923,21.52125
Cali,1924,21.59091666666666
Cali,1925,21.443083333333334
Cali,1926,22.099333333333337
Cali,1927,21.63841666666666
Cali,1928,21.698166666666665
Cali,1929,21.758583333333334
Cali,1930,21.874499999999998
Cali,1931,22.114000000000004
Cali,1932,21.655749999999998
Cali,1933,21.41125
Cali,1934,21.37883333333333
Cali,1935,21.555666666666667
Cali,1936,21.88925
Cali,1937,21.79375
Cali,1938,21.598166666666668
Cali,1939,22.073000000000004
Cali,1940,22.428749999999994
Cali,1941,22.62966666666667
Cali,1942,22.11508333333333
Cali,1943,21.592583333333334
Cali,1944,21.830416666666668
Cali,1945,21.986583333333332
Cali,1946,22.07483333333333
Cali,1947,21.99116666666666
Cali,1948,22.243583333333333
Cali,1949,21.792833333333334
Cali,1950,21.48991666666667
Cali,1951,21.914749999999998
Cali,1952,22.039583333333336
Cali,1953,22.138499999999997
Cali,1954,21.772333333333336
Cali,1955,21.54941666666667
Cali,1956,21.51091666666667
Cali,1957,22.32166666666667
Cali,1958,22.506583333333335
Cali,1959,22.149916666666666
Cali,1960,21.938833333333335
Cali,1961,22.016666666666666
Cali,1962,21.825833333333335
Cali,1963,22.112
Cali,1964,21.898249999999994
Cali,1965,22.0575
Cali,1966,22.142749999999996
Cali,1967,21.84425
Cali,1968,21.857583333333334
Cali,1969,22.298583333333337
Cali,1970,22.045
Cali,1971,21.557916666666667
Cali,1972,22.275333333333336
Cali,1973,22.10383333333333
Cali,1974,21.615416666666665
Cali,1975,21.530833333333334
Cali,1976,22.083666666666662
Cali,1977,22.4145
Cali,1978,22.213500000000007
Cali,1979,22.181083333333333
Cali,1980,22.583083333333335
Cali,1981,22.170333333333332
Cali,1982,22.337333333333333
Cali,1983,22.883833333333328
Cali,1984,21.795166666666663
Cali,1985,22.057000000000002
Cali,1986,22.15058333333333
Cali,1987,22.86808333333333
Cali,1988,22.1545
Cali,1989,22.04675
Cali,1990,22.400333333333332
Cali,1991,22.530083333333334
Cali,1992,22.668666666666663
Cali,1993,22.28933333333333
Cali,1994,22.328333333333337
Cali,1995,22.270750000000003
Cali,1996,22.073916666666666
Cali,1997,22.901666666666667
Cali,1998,23.07075
Cali,1999,21.825666666666667
Cali,2000,22.012
Cali,2001,22.497416666666663
Cali,2002,22.729833333333332
Cali,2003,22.67566666666666
Cali,2004,22.6255
Cali,2005,22.68983333333333
Cali,2006,22.595166666666668
Cali,2007,22.475666666666665
Cali,2008,22.068166666666666
Cali,2009,22.867333333333335
Cali,2010,22.68283333333333
Cali,2011,22.330000000000002
Cali,2012,22.584749999999996
Cali,2013,22.854750000000003
Cape Town,1857,15.254333333333333
Cape Town,1858,15.48925
Cape Town,1859,15.457916666666668
Cape Town,1860,16.038000000000004
Cape Town,1861,15.764916666666666
Cape Town,1862,15.294916666666667
Cape Town,1863,15.470333333333334
Cape Town,1864,15.702999999999998
Cape Town,1865,16.199499999999997
Cape Town,1866,15.952083333333333
Cape Town,1867,15.916666666666666
Cape Town,1868,15.466249999999997
Cape Town,1869,15.962583333333333
Cape Town,1870,15.55066666666667
Cape Town,1871,15.84358333333333
Cape Town,1872,15.764249999999999
Cape Town,1873,16.133000000000003
Cape Town,1874,15.54125
Cape Town,1875,15.524416666666665
Cape Town,1876,15.390666666666666
Cape Town,1877,15.845666666666668
Cape Town,1878,15.352166666666664
Cape Town,1879,15.085666666666667
Cape Town,1880,15.596909090909092
Cape Town,1881,15.720749999999997
Cape Town,1882,15.914916666666668
Cape Town,1883,15.727833333333335
Cape Town,1884,15.517916666666665
Cape Town,1885,15.98475
Cape Town,1886,15.922666666666666
Cape Town,1887,15.755999999999998
Cape Town,1888,15.522250000000001
Cape Town,1889,15.629583333333334
Cape Town,1890,15.357500000000002
Cape Town,1891,15.660583333333335
Cape Town,1892,14.995083333333334
Cape Town,1893,15.602583333333335
Cape Town,1894,15.656916666666667
Cape Town,1895,15.434833333333332
Cape Town,1896,15.965833333333334
Cape Town,1897,15.734250000000001
Cape Town,1898,15.316583333333329
Cape Town,1899,15.726583333333332
Cape Town,1900,16.098666666666666
Cape Town,1901,15.925666666666672
Cape Town,1902,15.707916666666668
Cape Town,1903,14.963999999999999
Cape Town,1904,15.404250000000003
Cape Town,1905,15.454666666666663
Cape Town,1906,15.28
Cape Town,1907,15.37375
Cape Town,1908,15.230333333333334
Cape Town,1909,15.84675
Cape Town,1910,15.930250000000001
Cape Town,1911,15.8925
Cape Town,1912,15.701416666666667
Cape Town,1913,16.060250000000003
Cape Town,1914,15.899000000000001
Cape Town,1915,15.987250000000001
Cape Town,1916,15.800749999999999
Cape Town,1917,15.618916666666669
Cape Town,1918,16.102083333333333
Cape Town,1919,16.231166666666667
Cape Town,1920,16.245
Cape Town,1921,15.826749999999999
Cape Town,1922,15.881916666666667
Cape Town,1923,16.03375
Cape Town,1924,15.695083333333335
Cape Town,1925,16.109833333333334
Cape Town,1926,15.950916666666666
Cape Town,1927,16.940416666666668
Cape Town,1928,16.09058333333333
Cape Town,1929,16.1105
Cape Town,1930,16.183666666666667
Cape Town,1931,16.31175
Cape Town,1932,16.42733333333333
Cape Town,1933,16.230833333333333
Cape Town,1934,16.617250000000002
Cape Town,1935,15.893000000000002
Cape Town,1936,16.011833333333332
Cape Town,1937,16.43916666666667
Cape Town,1938,16.005083333333335
Cape Town,1939,16.364333333333335
Cape Town,1940,16.262166666666662
Cape Town,1941,16.13883333333333
Cape Town,1942,16.384750000000004
Cape Town,1943,15.672583333333334
Cape Town,1944,16.262333333333334
Cape Town,1945,16.55608333333333
Cape Town,1946,16.1035
Cape Town,1947,16.228583333333336
Cape Town,1948,16.07166666666667
Cape Town,1949,16.568666666666665
Cape Town,1950,16.149833333333333
Cape Town,1951,15.830416666666665
Cape Town,1952,16.151500000000002
Cape Town,1953,16.370833333333334
Cape Town,1954,15.85725
Cape Town,1955,15.540666666666667
Cape Town,1956,15.722916666666665
Cape Town,1957,15.841833333333328
Cape Town,1958,15.958833333333331
Cape Town,1959,16.154999999999998
Cape Town,1960,16.513916666666667
Cape Town,1961,16.281833333333335
Cape Town,1962,16.138083333333334
Cape Town,1963,17.01983333333333
Cape Town,1964,16.058916666666665
Cape Town,1965,16.00733333333333
Cape Town,1966,16.31125
Cape Town,1967,16.14175
Cape Town,1968,15.743583333333333
Cape Town,1969,16.050250000000002
Cape Town,1970,15.635250000000001
Cape Town,1971,15.786416666666668
Cape Town,1972,16.761583333333334
Cape Town,1973,16.744916666666665
Cape Town,1974,16.434499999999996
Cape Town,1975,16.256333333333334
Cape Town,1976,16.184333333333335
Cape Town,1977,16.36
Cape Town,1978,16.453916666666668
Cape Town,1979,16.571916666666667
Cape Town,1980,16.514999999999997
Cape Town,1981,16.19891666666667
Cape Town,1982,16.237083333333334
Cape Town,1983,16.226416666666665
Cape Town,1984,16.85025
Cape Town,1985,16.831833333333332
Cape Town,1986,16.719916666666666
Cape Town,1987,16.52625
Cape Town,1988,16.734666666666666
Cape Town,1989,16.472166666666663
Cape Town,1990,16.39466666666667
Cape Town,1991,16.476250000000004
Cape Town,1992,16.316416666666665
Cape Town,1993,16.80933333333333
Cape Town,1994,16.773333333333333
Cape Town,1995,16.54041666666667
Cape Town,1996,16.082083333333333
Cape Town,1997,16.655916666666666
Cape Town,1998,16.876333333333335
Cape Town,1999,17.5485
Cape Town,2000,17.147916666666664
Cape Town,2001,16.917833333333334
Cape Town,2002,16.64916666666667
Cape Town,2003,16.623500000000003
Cape Town,2004,16.97541666666667
Cape Town,2005,16.874750000000002
Cape Town,2006,16.925833333333333
Cape Town,2007,16.712666666666667
Cape Town,2008,16.539416666666668
Cape Town,2009,16.956333333333337
Cape Town,2010,16.676499999999997
Cape Town,2011,16.621083333333335
Cape Town,2012,16.605583333333332
Cape Town,2013,16.66025
Casablanca,1787,17.821749999999998
Casablanca,1788,9.143
Casablanca,1789,17.09163636363636
Casablanca,1790,17.119500000000002
Casablanca,1791,17.266666666666666
Casablanca,1792,17.198583333333332
Casablanca,1793,17.17141666666667
Casablanca,1794,16.923666666666662
Casablanca,1795,17.341272727272727
Casablanca,1796,17.124333333333336
Casablanca,1797,16.942416666666666
Casablanca,1798,17.363833333333336
Casablanca,1799,17.181666666666665
Casablanca,1800,17.657
Casablanca,1801,17.433916666666665
Casablanca,1802,17.651666666666667
Casablanca,1803,17.76981818181818
Casablanca,1804,17.781583333333334
Casablanca,1805,17.240083333333335
Casablanca,1806,17.129583333333336
Casablanca,1807,16.869083333333332
Casablanca,1808,16.296166666666668
Casablanca,1809,16.038
Casablanca,1810,15.740499999999999
Casablanca,1811,15.89025
Casablanca,1812,16.043916666666668
Casablanca,1813,16.36616666666667
Casablanca,1814,16.163916666666665
Casablanca,1815,16.348083333333335
Casablanca,1816,16.003833333333333
Casablanca,1817,17.034750000000003
Casablanca,1818,17.2435
Casablanca,1819,16.528249999999996
Casablanca,1820,16.441416666666665
Casablanca,1821,17.235166666666668
Casablanca,1822,16.913833333333333
Casablanca,1823,16.89225
Casablanca,1824,17.286416666666664
Casablanca,1825,17.089
Casablanca,1826,17.013416666666668
Casablanca,1827,17.0295
Casablanca,1828,17.011750000000003
Casablanca,1829,16.845166666666668
Casablanca,1830,17.201083333333333
Casablanca,1831,17.133666666666667
Casablanca,1832,16.605166666666666
Casablanca,1833,16.747
Casablanca,1834,17.47475
Casablanca,1835,16.538083333333336
Casablanca,1836,16.804833333333335
Casablanca,1837,16.864
Casablanca,1838,16.99425
Casablanca,1839,16.686
Casablanca,1840,16.921333333333333
Casablanca,1841,16.75725
Casablanca,1842,17.024916666666666
Casablanca,1843,17.116666666666667
Casablanca,1844,16.759416666666667
Casablanca,1845,16.561666666666667
Casablanca,1846,17.31425
Casablanca,1847,17.038833333333333
Casablanca,1848,16.50725
Casablanca,1849,16.944
Casablanca,1850,17.215166666666665
Casablanca,1851,17.410749999999997
Casablanca,1852,17.181583333333336
Casablanca,1853,16.757166666666667
Casablanca,1854,16.731666666666666
Casablanca,1855,16.56566666666667
Casablanca,1856,16.863833333333336
Casablanca,1857,16.585083333333333
Casablanca,1858,17.340833333333332
Casablanca,1859,16.959833333333332
Casablanca,1860,16.88
Casablanca,1861,17.146416666666664
Casablanca,1862,16.922083333333333
Casablanca,1863,16.639333333333337
Casablanca,1864,17.272833333333335
Casablanca,1865,17.148
Casablanca,1866,17.0125
Casablanca,1867,17.537166666666668
Casablanca,1868,16.930666666666664
Casablanca,1869,16.990333333333332
Casablanca,1870,17.334916666666665
Casablanca,1871,16.985
Casablanca,1872,16.915166666666668
Casablanca,1873,16.980833333333333
Casablanca,1874,17.02875
Casablanca,1875,17.014333333333337
Casablanca,1876,17.164083333333334
Casablanca,1877,17.231416666666664
Casablanca,1878,17.421999999999997
Casablanca,1879,16.668833333333335
Casablanca,1880,16.688999999999997
Casablanca,1881,17.64808333333333
Casablanca,1882,16.84625
Casablanca,1883,16.696083333333334
Casablanca,1884,16.722083333333334
Casablanca,1885,16.394666666666666
Casablanca,1886,16.66575
Casablanca,1887,17.016333333333332
Casablanca,1888,16.683583333333335
Casablanca,1889,16.37575
Casablanca,1890,16.43883333333333
Casablanca,1891,16.664583333333336
Casablanca,1892,16.89766666666667
Casablanca,1893,17.473250000000004
Casablanca,1894,16.76825
Casablanca,1895,17.620250000000002
Casablanca,1896,16.604249999999997
Casablanca,1897,17.503833333333333
Casablanca,1898,17.014416666666666
Casablanca,1899,17.939999999999998
Casablanca,1900,17.115166666666667
Casablanca,1901,17.029333333333334
Casablanca,1902,16.982916666666664
Casablanca,1903,16.79583333333333
Casablanca,1904,17.026416666666666
Casablanca,1905,16.964583333333334
Casablanca,1906,16.801666666666666
Casablanca,1907,16.367416666666667
Casablanca,1908,17.026416666666666
Casablanca,1909,16.897833333333335
Casablanca,1910,16.88
Casablanca,1911,16.6945
Casablanca,1912,16.859333333333336
Casablanca,1913,17.187416666666667
Casablanca,1914,16.77541666666667
Casablanca,1915,17.036666666666665
Casablanca,1916,16.797749999999997
Casablanca,1917,16.47308333333333
Casablanca,1918,16.658416666666664
Casablanca,1919,16.914833333333334
Casablanca,1920,17.39175
Casablanca,1921,17.06975
Casablanca,1922,16.998833333333334
Casablanca,1923,16.86883333333333
Casablanca,1924,17.312
Casablanca,1925,16.66625
Casablanca,1926,17.93025
Casablanca,1927,17.340083333333336
Casablanca,1928,17.212583333333335
Casablanca,1929,17.4375
Casablanca,1930,17.44408333333333
Casablanca,1931,16.918083333333332
Casablanca,1932,16.61525
Casablanca,1933,16.98608333333333
Casablanca,1934,16.63533333333333
Casablanca,1935,16.958166666666667
Casablanca,1936,16.923166666666663
Casablanca,1937,17.733416666666667
Casablanca,1938,17.318416666666668
Casablanca,1939,16.953416666666666
Casablanca,1940,17.541166666666665
Casablanca,1941,17.543083333333332
Casablanca,1942,17.453666666666667
Casablanca,1943,17.386
Casablanca,1944,17.322916666666668
Casablanca,1945,18.272333333333332
Casablanca,1946,17.055083333333332
Casablanca,1947,17.688166666666667
Casablanca,1948,17.81358333333333
Casablanca,1949,17.7975
Casablanca,1950,17.510916666666667
Casablanca,1951,17.095833333333335
Casablanca,1952,17.33975
Casablanca,1953,17.572
Casablanca,1954,17.044249999999998
Casablanca,1955,18.43875
Casablanca,1956,16.318833333333334
Casablanca,1957,17.051416666666668
Casablanca,1958,17.541833333333336
Casablanca,1959,17.205000000000002
Casablanca,1960,17.395833333333336
Casablanca,1961,18.25925
Casablanca,1962,17.53983333333333
Casablanca,1963,17.352083333333333
Casablanca,1964,17.573583333333332
Casablanca,1965,17.168333333333333
Casablanca,1966,17.364916666666666
Casablanca,1967,17.082083333333333
Casablanca,1968,17.272916666666664
Casablanca,1969,17.17125
Casablanca,1970,17.596
Casablanca,1971,16.435916666666667
Casablanca,1972,16.117916666666662
Casablanca,1973,17.083
Casablanca,1974,16.75433333333333
Casablanca,1975,16.908916666666666
Casablanca,1976,16.616416666666666
Casablanca,1977,17.05366666666667
Casablanca,1978,17.4575
Casablanca,1979,17.213416666666667
Casablanca,1980,17.62583333333333
Casablanca,1981,17.82525
Casablanca,1982,17.150333333333332
Casablanca,1983,18.0325
Casablanca,1984,17.231333333333332
Casablanca,1985,17.933249999999997
Casablanca,1986,17.272916666666667
Casablanca,1987,18.25958333333333
Casablanca,1988,17.710916666666666
Casablanca,1989,18.142999999999997
Casablanca,1990,18.166416666666667
Casablanca,1991,17.2525
Casablanca,1992,17.384916666666665
Casablanca,1993,16.941333333333336
Casablanca,1994,17.876833333333334
Casablanca,1995,18.5615
Casablanca,1996,17.74866666666667
Casablanca,1997,18.30541666666667
Casablanca,1998,18.209
Casablanca,1999,17.679000000000002
Casablanca,2000,18.163666666666664
Casablanca,2001,18.727333333333334
Casablanca,2002,18.24591666666667
Casablanca,2003,18.399083333333333
Casablanca,2004,18.071583333333333
Casablanca,2005,18.182083333333335
Casablanca,2006,18.379083333333334
Casablanca,2007,17.934916666666666
Casablanca,2008,17.800250000000002
Casablanca,2009,18.561333333333334
Casablanca,2010,18.82525
Casablanca,2011,18.533083333333334
Casablanca,2012,18.244666666666664
Casablanca,2013,18.789625
Changchun,1820,3.627
Changchun,1821,4.622416666666667
Changchun,1822,4.626666666666668
Changchun,1823,5.785454545454545
Changchun,1833,4.2644166666666665
Changchun,1834,4.7235000000000005
Changchun,1835,3.825833333333333
Changchun,1836,3.410636363636364
Changchun,1837,7.501166666666667
Changchun,1838,4.309416666666667
Changchun,1839,3.541166666666667
Changchun,1840,4.612916666666666
Changchun,1841,3.501333333333333
Changchun,1842,4.391583333333333
Changchun,1843,4.7925
Changchun,1844,4.545833333333334
Changchun,1845,4.502500000000001
Changchun,1846,5.0635
Changchun,1847,4.729500000000001
Changchun,1848,4.886666666666667
Changchun,1849,4.8925
Changchun,1850,3.5764166666666664
Changchun,1851,3.1986666666666683
Changchun,1852,3.4601666666666673
Changchun,1853,3.6279999999999997
Changchun,1854,4.829166666666667
Changchun,1855,5.3525
Changchun,1856,4.577749999999999
Changchun,1857,4.292666666666667
Changchun,1858,4.961416666666667
Changchun,1859,4.558916666666666
Changchun,1860,3.4411666666666676
Changchun,1861,3.799416666666667
Changchun,1862,4.210583333333333
Changchun,1863,5.186750000000001
Changchun,1864,4.57125
Changchun,1865,4.24425
Changchun,1866,4.639583333333333
Changchun,1867,4.789833333333333
Changchun,1868,4.811916666666668
Changchun,1869,5.01575
Changchun,1870,4.145083333333333
Changchun,1871,4.3148333333333335
Changchun,1872,4.191416666666668
Changchun,1873,4.172416666666667
Changchun,1874,5.062083333333334
Changchun,1875,5.015500000000001
Changchun,1876,5.066083333333332
Changchun,1877,4.854749999999999
Changchun,1878,4.666083333333334
Changchun,1879,4.644083333333334
Changchun,1880,4.755083333333332
Changchun,1881,4.4286666666666665
Changchun,1882,5.046666666666668
Changchun,1883,4.602916666666667
Changchun,1884,3.7544166666666676
Changchun,1885,4.349833333333333
Changchun,1886,5.046250000000001
Changchun,1887,4.5565
Changchun,1888,4.149916666666667
Changchun,1889,4.2004166666666665
Changchun,1890,5.417583333333333
Changchun,1891,4.765166666666667
Changchun,1892,3.603
Changchun,1893,3.920666666666666
Changchun,1894,5.436083333333333
Changchun,1895,3.8604166666666675
Changchun,1896,4.215083333333334
Changchun,1897,4.78525
Changchun,1898,5.565166666666666
Changchun,1899,5.683750000000001
Changchun,1900,5.1275
Changchun,1901,5.041916666666666
Changchun,1902,4.887416666666668
Changchun,1903,5.386166666666667
Changchun,1904,4.76325
Changchun,1905,5.221583333333332
Changchun,1906,4.461666666666666
Changchun,1907,4.767583333333334
Changchun,1908,4.401083333333333
Changchun,1909,4.067333333333333
Changchun,1910,3.919750000000001
Changchun,1911,4.405
Changchun,1912,4.063833333333333
Changchun,1913,4.278583333333333
Changchun,1914,5.266916666666667
Changchun,1915,3.2959166666666664
Changchun,1916,4.357833333333333
Changchun,1917,3.9710833333333326
Changchun,1918,4.503916666666667
Changchun,1919,4.871083333333334
Changchun,1920,5.307166666666667
Changchun,1921,5.073166666666666
Changchun,1922,4.293666666666667
Changchun,1923,4.337083333333333
Changchun,1924,4.45925
Changchun,1925,5.238833333333335
Changchun,1926,5.046166666666665
Changchun,1927,4.909083333333334
Changchun,1928,4.679916666666668
Changchun,1929,4.5905
Changchun,1930,5.2322500000000005
Changchun,1931,4.103166666666667
Changchun,1932,5.4839166666666666
Changchun,1933,4.68875
Changchun,1934,4.7865
Changchun,1935,5.363916666666667
Changchun,1936,4.0953333333333335
Changchun,1937,4.558916666666666
Changchun,1938,5.141000000000001
Changchun,1939,5.63025
Changchun,1940,5.00025
Changchun,1941,4.812833333333333
Changchun,1942,5.202583333333334
Changchun,1943,6.128166666666668
Changchun,1944,5.278416666666668
Changchun,1945,4.465166666666668
Changchun,1946,5.421333333333334
Changchun,1947,3.3577500000000007
Changchun,1948,5.814583333333331
Changchun,1949,5.416833333333333
Changchun,1950,5.397166666666667
Changchun,1951,5.34275
Changchun,1952,4.759416666666667
Changchun,1953,4.786249999999999
Changchun,1954,4.735666666666665
Changchun,1955,5.419416666666667
Changchun,1956,3.829333333333333
Changchun,1957,4.17925
Changchun,1958,5.241666666666667
Changchun,1959,6.224416666666667
Changchun,1960,5.183666666666666
Changchun,1961,5.925250000000001
Changchun,1962,5.332583333333333
Changchun,1963,5.5449166666666665
Changchun,1964,5.010583333333334
Changchun,1965,4.532666666666667
Changchun,1966,4.9952499999999995
Changchun,1967,5.5689166666666665
Changchun,1968,5.41375
Changchun,1969,3.6741666666666664
Changchun,1970,4.951999999999999
Changchun,1971,5.384166666666666
Changchun,1972,4.999916666666667
Changchun,1973,5.547416666666667
Changchun,1974,4.859999999999999
Changchun,1975,6.547416666666667
Changchun,1976,4.625499999999999
Changchun,1977,5.0897499999999996
Changchun,1978,5.288749999999999
Changchun,1979,5.63175
Changchun,1980,4.723833333333334
Changchun,1981,5.204250000000001
Changchun,1982,6.413249999999999
Changchun,1983,5.878
Changchun,1984,5.075833333333332
Changchun,1985,4.8919999999999995
Changchun,1986,5.23275
Changchun,1987,5.0985
Changchun,1988,5.915083333333334
Changchun,1989,6.597166666666667
Changchun,1990,6.860666666666667
Changchun,1991,5.682750000000001
Changchun,1992,5.858666666666667
Changchun,1993,5.775666666666666
Changchun,1994,6.335499999999999
Changchun,1995,6.476083333333334
Changchun,1996,5.909083333333332
Changchun,1997,6.566249999999999
Changchun,1998,7.119583333333332
Changchun,1999,6.025500000000001
Changchun,2000,5.410166666666666
Changchun,2001,5.761749999999999
Changchun,2002,6.520833333333335
Changchun,2003,6.7843333333333335
Changchun,2004,6.8006666666666655
Changchun,2005,5.454750000000001
Changchun,2006,6.193999999999999
Changchun,2007,7.3904999999999985
Changchun,2008,6.99025
Changchun,2009,5.8146666666666675
Changchun,2010,5.125
Changchun,2011,5.758666666666666
Changchun,2012,5.222
Changchun,2013,6.9384999999999994
Chengdu,1820,9.1388
Chengdu,1821,10.286166666666666
Chengdu,1822,10.387500000000001
Chengdu,1823,10.679545454545455
Chengdu,1833,10.13625
Chengdu,1834,10.242500000000001
Chengdu,1835,9.380249999999998
Chengdu,1836,9.618545454545455
Chengdu,1837,11.576166666666666
Chengdu,1838,14.018142857142857
Chengdu,1840,9.998583333333332
Chengdu,1841,9.833083333333335
Chengdu,1842,10.235166666666666
Chengdu,1843,10.326999999999998
Chengdu,1844,10.031166666666667
Chengdu,1845,9.963333333333333
Chengdu,1846,10.54575
Chengdu,1847,10.1945
Chengdu,1848,9.840416666666668
Chengdu,1849,10.011583333333332
Chengdu,1850,10.117666666666667
Chengdu,1851,10.192333333333336
Chengdu,1852,10.07733333333333
Chengdu,1853,10.418083333333334
Chengdu,1854,10.444833333333333
Chengdu,1855,10.28425
Chengdu,1856,9.967999999999998
Chengdu,1857,10.00075
Chengdu,1858,10.262916666666666
Chengdu,1859,10.492833333333335
Chengdu,1860,9.921999999999999
Chengdu,1861,9.960999999999999
Chengdu,1862,9.41925
Chengdu,1863,10.196583333333335
Chengdu,1864,9.758666666666668
Chengdu,1865,10.391416666666666
Chengdu,1866,10.458416666666666
Chengdu,1867,9.852818181818183
Chengdu,1868,10.462250000000001
Chengdu,1869,10.508083333333333
Chengdu,1870,10.305333333333333
Chengdu,1871,10.479833333333334
Chengdu,1872,10.59825
Chengdu,1873,10.713916666666668
Chengdu,1874,10.454416666666665
Chengdu,1875,10.324833333333332
Chengdu,1876,10.342250000000002
Chengdu,1877,10.13725
Chengdu,1878,10.550333333333333
Chengdu,1879,10.752500000000003
Chengdu,1880,10.169333333333332
Chengdu,1881,10.46225
Chengdu,1882,10.441333333333334
Chengdu,1883,10.0235
Chengdu,1884,9.798333333333332
Chengdu,1885,9.870333333333333
Chengdu,1886,10.159666666666665
Chengdu,1887,10.176416666666668
Chengdu,1888,10.23275
Chengdu,1889,10.510583333333331
Chengdu,1890,10.480416666666667
Chengdu,1891,10.528500000000001
Chengdu,1892,10.412666666666668
Chengdu,1893,10.205250000000001
Chengdu,1894,10.508416666666665
Chengdu,1895,10.22075
Chengdu,1896,10.413833333333333
Chengdu,1897,10.319916666666666
Chengdu,1898,10.558
Chengdu,1899,10.230083333333335
Chengdu,1900,10.304666666666668
Chengdu,1901,10.518083333333331
Chengdu,1902,10.723833333333333
Chengdu,1903,10.216166666666668
Chengdu,1904,10.330583333333331
Chengdu,1905,9.501083333333336
Chengdu,1906,10.205083333333334
Chengdu,1907,10.432333333333334
Chengdu,1908,10.2635
Chengdu,1909,10.541166666666667
Chengdu,1910,10.267583333333333
Chengdu,1911,10.181499999999998
Chengdu,1912,10.068416666666664
Chengdu,1913,10.064083333333333
Chengdu,1914,10.79725
Chengdu,1915,10.696833333333336
Chengdu,1916,10.389
Chengdu,1917,10.260916666666668
Chengdu,1918,10.089416666666667
Chengdu,1919,10.921916666666666
Chengdu,1920,10.804
Chengdu,1921,10.569916666666666
Chengdu,1922,10.96725
Chengdu,1923,10.909333333333334
Chengdu,1924,10.994166666666667
Chengdu,1925,10.43125
Chengdu,1926,10.959333333333333
Chengdu,1927,10.935833333333335
Chengdu,1928,11.280166666666668
Chengdu,1929,10.748666666666667
Chengdu,1930,10.631166666666667
Chengdu,1931,10.848500000000001
Chengdu,1932,10.847
Chengdu,1933,11.28025
Chengdu,1934,10.657833333333334
Chengdu,1935,10.996583333333334
Chengdu,1936,10.6255
Chengdu,1937,11.341416666666667
Chengdu,1938,11.115583333333332
Chengdu,1939,11.299833333333332
Chengdu,1940,11.037416666666665
Chengdu,1941,11.769750000000002
Chengdu,1942,11.775166666666665
Chengdu,1943,11.2975
Chengdu,1944,10.790416666666665
Chengdu,1945,11.259666666666668
Chengdu,1946,12.024333333333333
Chengdu,1947,11.286916666666665
Chengdu,1948,11.074500000000002
Chengdu,1949,10.905416666666666
Chengdu,1950,10.704750000000002
Chengdu,1951,10.953666666666665
Chengdu,1952,11.0695
Chengdu,1953,11.222833333333332
Chengdu,1954,10.692166666666667
Chengdu,1955,10.657916666666667
Chengdu,1956,10.504583333333333
Chengdu,1957,10.445666666666668
Chengdu,1958,11.003166666666665
Chengdu,1959,10.892333333333335
Chengdu,1960,10.929833333333335
Chengdu,1961,10.870583333333334
Chengdu,1962,10.665833333333333
Chengdu,1963,10.865916666666665
Chengdu,1964,10.846166666666669
Chengdu,1965,10.615333333333334
Chengdu,1966,11.084499999999998
Chengdu,1967,10.498083333333334
Chengdu,1968,10.446833333333332
Chengdu,1969,11.146749999999999
Chengdu,1970,10.670999999999998
Chengdu,1971,10.834166666666667
Chengdu,1972,10.96575
Chengdu,1973,11.21375
Chengdu,1974,10.700916666666666
Chengdu,1975,10.92575
Chengdu,1976,10.231083333333336
Chengdu,1977,10.634666666666666
Chengdu,1978,10.977833333333335
Chengdu,1979,11.0835
Chengdu,1980,10.799166666666666
Chengdu,1981,10.846833333333334
Chengdu,1982,10.450166666666668
Chengdu,1983,10.6015
Chengdu,1984,10.603666666666665
Chengdu,1985,10.597833333333334
Chengdu,1986,10.569833333333333
Chengdu,1987,11.335166666666666
Chengdu,1988,10.883166666666668
Chengdu,1989,10.61925
Chengdu,1990,11.338416666666665
Chengdu,1991,10.719666666666669
Chengdu,1992,10.217166666666666
Chengdu,1993,10.591416666666667
Chengdu,1994,11.161916666666665
Chengdu,1995,10.808666666666667
Chengdu,1996,10.554166666666667
Chengdu,1997,10.756833333333333
Chengdu,1998,11.700749999999998
Chengdu,1999,11.316166666666668
Chengdu,2000,10.817583333333333
Chengdu,2001,11.2575
Chengdu,2002,11.384583333333332
Chengdu,2003,11.350583333333333
Chengdu,2004,10.971416666666665
Chengdu,2005,11.094333333333333
Chengdu,2006,11.840083333333332
Chengdu,2007,11.663583333333335
Chengdu,2008,11.133416666666667
Chengdu,2009,11.616583333333333
Chengdu,2010,11.368083333333333
Chengdu,2011,11.074333333333334
Chengdu,2012,11.15975
Chengdu,2013,13.347
Chicago,1768,8.832
Chicago,1769,10.753499999999999
Chicago,1774,5.991
Chicago,1775,10.990583333333333
Chicago,1776,9.943999999999999
Chicago,1777,9.665750000000001
Chicago,1778,7.056333333333332
Chicago,1779,1.2046666666666666
Chicago,1781,9.511
Chicago,1782,7.998857142857143
Chicago,1796,14.208714285714288
Chicago,1797,6.304833333333334
Chicago,1811,11.525800000000002
Chicago,1812,8.338833333333334
Chicago,1813,10.792111111111113
Chicago,1814,7.495
Chicago,1815,8.859083333333333
Chicago,1816,5.257
Chicago,1817,8.538416666666667
Chicago,1818,7.4651999999999985
Chicago,1819,-0.751
Chicago,1820,9.019833333333333
Chicago,1821,9.082333333333334
Chicago,1822,9.868999999999998
Chicago,1823,9.309166666666668
Chicago,1824,9.570916666666665
Chicago,1825,10.871583333333332
Chicago,1826,10.185166666666667
Chicago,1827,10.579583333333332
Chicago,1828,11.001
Chicago,1829,9.942250000000001
Chicago,1830,11.104999999999999
Chicago,1831,9.020833333333334
Chicago,1832,10.334166666666667
Chicago,1833,10.695833333333333
Chicago,1834,10.9185
Chicago,1835,9.436916666666667
Chicago,1836,8.677333333333332
Chicago,1837,9.418
Chicago,1838,8.811333333333335
Chicago,1839,10.570749999999999
Chicago,1840,10.241833333333334
Chicago,1841,9.830583333333331
Chicago,1842,10.318833333333332
Chicago,1843,8.782916666666667
Chicago,1844,10.283583333333333
Chicago,1845,10.600916666666665
Chicago,1846,11.292666666666667
Chicago,1847,9.227916666666667
Chicago,1848,9.770833333333334
Chicago,1849,9.341583333333334
Chicago,1850,9.88925
Chicago,1851,10.168916666666666
Chicago,1852,9.820583333333333
Chicago,1853,10.205
Chicago,1854,10.960916666666668
Chicago,1855,9.713416666666667
Chicago,1856,8.660666666666668
Chicago,1857,8.758750000000001
Chicago,1858,10.528
Chicago,1859,9.763250000000001
Chicago,1860,9.751833333333332
Chicago,1861,9.623
Chicago,1862,9.35675
Chicago,1863,9.729416666666667
Chicago,1864,9.351
Chicago,1865,9.92375
Chicago,1866,9.047500000000001
Chicago,1867,9.431333333333333
Chicago,1868,8.877333333333334
Chicago,1869,8.733333333333333
Chicago,1870,10.55325
Chicago,1871,9.906916666666666
Chicago,1872,8.715083333333334
Chicago,1873,8.84025
Chicago,1874,10.1845
Chicago,1875,7.796583333333333
Chicago,1876,9.686749999999998
Chicago,1877,10.67875
Chicago,1878,11.314333333333332
Chicago,1879,10.111583333333334
Chicago,1880,10.462833333333334
Chicago,1881,10.254
Chicago,1882,10.377416666666667
Chicago,1883,8.421083333333334
Chicago,1884,9.347
Chicago,1885,7.959666666666667
Chicago,1886,9.4025
Chicago,1887,9.635833333333332
Chicago,1888,8.743166666666667
Chicago,1889,10.01675
Chicago,1890,10.210916666666668
Chicago,1891,10.292
Chicago,1892,9.211583333333332
Chicago,1893,8.905
Chicago,1894,10.791000000000002
Chicago,1895,9.322333333333331
Chicago,1896,10.392999999999999
Chicago,1897,10.045666666666667
Chicago,1898,10.244583333333331
Chicago,1899,10.11675
Chicago,1900,10.630583333333332
Chicago,1901,9.873000000000001
Chicago,1902,10.037666666666665
Chicago,1903,9.570166666666667
Chicago,1904,8.558166666666667
Chicago,1905,9.419583333333334
Chicago,1906,10.562833333333334
Chicago,1907,9.320499999999997
Chicago,1908,10.677833333333334
Chicago,1909,9.88725
Chicago,1910,10.196583333333333
Chicago,1911,10.868249999999998
Chicago,1912,8.953666666666665
Chicago,1913,10.827083333333333
Chicago,1914,10.200833333333334
Chicago,1915,9.977833333333335
Chicago,1916,9.835833333333333
Chicago,1917,8.056000000000001
Chicago,1918,10.062166666666666
Chicago,1919,10.638916666666667
Chicago,1920,9.827166666666665
Chicago,1921,12.276916666666667
Chicago,1922,10.921583333333333
Chicago,1923,10.124083333333333
Chicago,1924,8.765166666666666
Chicago,1925,9.934750000000001
Chicago,1926,9.120833333333332
Chicago,1927,10.544583333333334
Chicago,1928,10.205416666666668
Chicago,1929,9.284
Chicago,1930,10.78675
Chicago,1931,12.390583333333334
Chicago,1932,10.605333333333332
Chicago,1933,11.086
Chicago,1934,10.874000000000002
Chicago,1935,10.008833333333333
Chicago,1936,9.856916666666667
Chicago,1937,9.99375
Chicago,1938,11.397
Chicago,1939,11.349166666666669
Chicago,1940,9.674666666666667
Chicago,1941,11.411333333333333
Chicago,1942,10.411666666666667
Chicago,1943,9.715333333333334
Chicago,1944,10.818916666666667
Chicago,1945,9.963750000000001
Chicago,1946,11.400916666666667
Chicago,1947,10.222583333333333
Chicago,1948,10.406999999999998
Chicago,1949,11.184083333333334
Chicago,1950,9.425
Chicago,1951,9.419500000000001
Chicago,1952,10.9125
Chicago,1953,11.667416666666668
Chicago,1954,11.105083333333333
Chicago,1955,11.01191666666667
Chicago,1956,10.71575
Chicago,1957,10.419666666666664
Chicago,1958,9.901083333333334
Chicago,1959,10.431000000000001
Chicago,1960,10.112833333333333
Chicago,1961,10.575083333333334
Chicago,1962,9.993250000000002
Chicago,1963,9.894666666666668
Chicago,1964,11.057499999999997
Chicago,1965,10.33675
Chicago,1966,10.048250000000001
Chicago,1967,9.84475
Chicago,1968,10.662333333333333
Chicago,1969,10.033416666666668
Chicago,1970,10.343583333333335
Chicago,1971,10.57875
Chicago,1972,9.389000000000001
Chicago,1973,11.552416666666668
Chicago,1974,10.344999999999999
Chicago,1975,10.818916666666667
Chicago,1976,9.788916666666667
Chicago,1977,10.459833333333334
Chicago,1978,9.457666666666666
Chicago,1979,9.374333333333334
Chicago,1980,10.048666666666668
Chicago,1981,10.537416666666665
Chicago,1982,9.987166666666665
Chicago,1983,10.936583333333333
Chicago,1984,10.660499999999999
Chicago,1985,10.1145
Chicago,1986,10.817
Chicago,1987,12.035749999999998
Chicago,1988,10.862166666666669
Chicago,1989,9.801333333333332
Chicago,1990,11.501416666666666
Chicago,1991,11.580083333333334
Chicago,1992,10.23975
Chicago,1993,10.183750000000002
Chicago,1994,10.557
Chicago,1995,10.572333333333331
Chicago,1996,9.555083333333334
Chicago,1997,10.14125
Chicago,1998,12.812833333333332
Chicago,1999,11.718333333333334
Chicago,2000,11.089666666666668
Chicago,2001,11.703083333333334
Chicago,2002,11.532083333333333
Chicago,2003,10.481583333333331
Chicago,2004,10.943416666666666
Chicago,2005,11.583833333333333
Chicago,2006,11.8705
Chicago,2007,11.448333333333336
Chicago,2008,10.242416666666667
Chicago,2009,10.298333333333332
Chicago,2010,11.815916666666666
Chicago,2011,11.21425
Chicago,2012,12.821250000000004
Chicago,2013,11.586888888888888
Chongqing,1840,16.20925
Chongqing,1841,16.069166666666664
Chongqing,1842,16.38875
Chongqing,1843,16.482583333333327
Chongqing,1844,16.2025
Chongqing,1845,16.147333333333332
Chongqing,1846,16.738333333333333
Chongqing,1847,16.402833333333334
Chongqing,1848,16.033333333333335
Chongqing,1849,16.236166666666666
Chongqing,1850,16.35325
Chongqing,1851,16.438499999999998
Chongqing,1852,16.34675
Chongqing,1853,16.732083333333332
Chongqing,1854,16.6905
Chongqing,1855,16.44708333333333
Chongqing,1856,16.1065
Chongqing,1857,16.294833333333333
Chongqing,1858,16.401666666666667
Chongqing,1859,16.647916666666664
Chongqing,1860,16.19141666666667
Chongqing,1861,16.174500000000002
Chongqing,1862,15.610916666666668
Chongqing,1863,16.28633333333333
Chongqing,1864,15.948666666666666
Chongqing,1865,16.638583333333333
Chongqing,1866,16.6145
Chongqing,1867,15.897181818181815
Chongqing,1868,16.744833333333332
Chongqing,1869,16.760666666666665
Chongqing,1870,16.650666666666666
Chongqing,1871,16.737416666666668
Chongqing,1872,16.851416666666662
Chongqing,1873,16.829083333333333
Chongqing,1874,16.64325
Chongqing,1875,16.5515
Chongqing,1876,16.533416666666668
Chongqing,1877,16.41408333333333
Chongqing,1878,16.71441666666667
Chongqing,1879,16.922
Chongqing,1880,16.250583333333335
Chongqing,1881,16.634749999999997
Chongqing,1882,16.577333333333332
Chongqing,1883,16.163416666666663
Chongqing,1884,15.908416666666668
Chongqing,1885,15.982083333333335
Chongqing,1886,16.250666666666667
Chongqing,1887,16.381249999999998
Chongqing,1888,16.536333333333335
Chongqing,1889,16.62666666666667
Chongqing,1890,16.708166666666667
Chongqing,1891,16.791166666666665
Chongqing,1892,16.528333333333332
Chongqing,1893,16.30766666666667
Chongqing,1894,16.67075
Chongqing,1895,16.456166666666665
Chongqing,1896,16.611166666666666
Chongqing,1897,16.552666666666664
Chongqing,1898,16.767333333333333
Chongqing,1899,16.514083333333332
Chongqing,1900,16.486
Chongqing,1901,16.659333333333333
Chongqing,1902,17.16658333333333
Chongqing,1903,16.4685
Chongqing,1904,16.638916666666667
Chongqing,1905,15.841833333333334
Chongqing,1906,16.464250000000003
Chongqing,1907,16.631166666666665
Chongqing,1908,16.487083333333334
Chongqing,1909,16.726499999999998
Chongqing,1910,16.373916666666666
Chongqing,1911,16.322333333333333
Chongqing,1912,16.377666666666666
Chongqing,1913,16.375999999999998
Chongqing,1914,17.16933333333333
Chongqing,1915,16.839249999999996
Chongqing,1916,16.398833333333332
Chongqing,1917,16.380750000000003
Chongqing,1918,16.284916666666664
Chongqing,1919,17.11616666666667
Chongqing,1920,16.939250000000005
Chongqing,1921,16.818166666666666
Chongqing,1922,17.2175
Chongqing,1923,17.269833333333334
Chongqing,1924,17.235916666666665
Chongqing,1925,16.89375
Chongqing,1926,17.12141666666667
Chongqing,1927,17.193416666666668
Chongqing,1928,17.45041666666667
Chongqing,1929,17.09841666666667
Chongqing,1930,17.01008333333333
Chongqing,1931,17.139166666666668
Chongqing,1932,17.061083333333332
Chongqing,1933,17.511166666666668
Chongqing,1934,16.86975
Chongqing,1935,17.06758333333333
Chongqing,1936,17.04191666666667
Chongqing,1937,17.29075
Chongqing,1938,17.373083333333337
Chongqing,1939,17.3535
Chongqing,1940,17.290166666666668
Chongqing,1941,17.90341666666666
Chongqing,1942,17.88525
Chongqing,1943,17.3045
Chongqing,1944,16.817916666666665
Chongqing,1945,17.251083333333337
Chongqing,1946,18.036166666666666
Chongqing,1947,17.53758333333333
Chongqing,1948,17.355833333333337
Chongqing,1949,17.258083333333335
Chongqing,1950,16.752333333333333
Chongqing,1951,17.20933333333333
Chongqing,1952,17.284333333333336
Chongqing,1953,17.440416666666668
Chongqing,1954,16.659499999999998
Chongqing,1955,16.903249999999996
Chongqing,1956,16.807166666666664
Chongqing,1957,16.636916666666668
Chongqing,1958,17.113833333333332
Chongqing,1959,17.3095
Chongqing,1960,17.141333333333332
Chongqing,1961,17.291249999999998
Chongqing,1962,16.891416666666668
Chongqing,1963,17.517583333333334
Chongqing,1964,16.836166666666667
Chongqing,1965,16.87066666666667
Chongqing,1966,17.3895
Chongqing,1967,16.64258333333333
Chongqing,1968,16.605583333333335
Chongqing,1969,17.236250000000002
Chongqing,1970,16.75375
Chongqing,1971,17.093916666666665
Chongqing,1972,17.049583333333334
Chongqing,1973,17.50983333333333
Chongqing,1974,16.612583333333337
Chongqing,1975,17.128833333333333
Chongqing,1976,16.424083333333332
Chongqing,1977,16.870416666666667
Chongqing,1978,17.483750000000004
Chongqing,1979,17.346333333333334
Chongqing,1980,16.816
Chongqing,1981,16.896916666666666
Chongqing,1982,16.567583333333335
Chongqing,1983,16.941583333333334
Chongqing,1984,16.562083333333337
Chongqing,1985,16.79375
Chongqing,1986,16.675
Chongqing,1987,17.36
Chongqing,1988,16.961250000000003
Chongqing,1989,16.700916666666668
Chongqing,1990,17.702416666666668
Chongqing,1991,16.852916666666665
Chongqing,1992,16.75783333333333
Chongqing,1993,16.660999999999998
Chongqing,1994,17.412583333333334
Chongqing,1995,17.035666666666668
Chongqing,1996,16.538833333333336
Chongqing,1997,17.215500000000002
Chongqing,1998,17.93341666666667
Chongqing,1999,17.385583333333333
Chongqing,2000,17.021666666666665
Chongqing,2001,17.453166666666664
Chongqing,2002,17.5115
Chongqing,2003,17.418833333333332
Chongqing,2004,17.202916666666667
Chongqing,2005,17.20775
Chongqing,2006,18.093333333333334
Chongqing,2007,17.844166666666666
Chongqing,2008,17.34691666666667
Chongqing,2009,17.745916666666666
Chongqing,2010,17.34691666666667
Chongqing,2011,17.382916666666667
Chongqing,2012,17.02808333333333
Chongqing,2013,19.55075
Dakar,1849,24.07825
Dakar,1850,24.08283333333333
Dakar,1851,24.263416666666668
Dakar,1856,24.067000000000004
Dakar,1857,23.988545454545456
Dakar,1858,23.852166666666665
Dakar,1859,24.594916666666666
Dakar,1860,24.05633333333333
Dakar,1861,24.144750000000002
Dakar,1862,23.803916666666666
Dakar,1863,23.712500000000002
Dakar,1864,24.258916666666668
Dakar,1865,24.37375
Dakar,1866,21.8226
Dakar,1868,24.183363636363637
Dakar,1869,25.1423
Dakar,1870,24.81290909090909
Dakar,1873,26.272500000000004
Dakar,1874,23.834083333333336
Dakar,1875,23.750833333333333
Dakar,1876,24.39925
Dakar,1877,24.23958333333333
Dakar,1878,24.502916666666668
Dakar,1879,24.08283333333333
Dakar,1880,24.12516666666667
Dakar,1881,24.27536363636364
Dakar,1882,24.446749999999998
Dakar,1883,24.66190909090909
Dakar,1884,24.107166666666668
Dakar,1885,23.754
Dakar,1886,23.84716666666667
Dakar,1887,24.046999999999997
Dakar,1888,24.198249999999998
Dakar,1889,23.575666666666667
Dakar,1890,23.884
Dakar,1891,24.325666666666667
Dakar,1892,24.853666666666665
Dakar,1893,24.9195
Dakar,1894,23.972666666666665
Dakar,1895,24.15608333333333
Dakar,1896,24.845583333333337
Dakar,1897,25.152500000000007
Dakar,1898,24.82525
Dakar,1899,25.039666666666665
Dakar,1900,24.640083333333333
Dakar,1901,24.56391666666667
Dakar,1902,24.81358333333333
Dakar,1903,24.39375
Dakar,1904,23.846833333333333
Dakar,1905,24.132583333333333
Dakar,1906,24.38083333333334
Dakar,1907,23.14916666666667
Dakar,1908,24.12558333333334
Dakar,1909,24.121666666666666
Dakar,1910,24.382
Dakar,1911,24.33875
Dakar,1912,24.168416666666662
Dakar,1913,24.544416666666663
Dakar,1914,24.613583333333338
Dakar,1915,24.838499999999996
Dakar,1916,24.294416666666667
Dakar,1917,23.94241666666667
Dakar,1918,24.30175
Dakar,1919,24.875749999999996
Dakar,1920,24.42
Dakar,1921,24.471083333333336
Dakar,1922,24.513499999999997
Dakar,1923,24.4965
Dakar,1924,24.47158333333333
Dakar,1925,24.824916666666667
Dakar,1926,25.39408333333333
Dakar,1927,25.047083333333344
Dakar,1928,24.276666666666667
Dakar,1929,24.67475
Dakar,1930,24.03225
Dakar,1931,24.56058333333333
Dakar,1932,24.361249999999995
Dakar,1933,24.263666666666666
Dakar,1934,23.83475
Dakar,1935,24.326583333333335
Dakar,1936,24.9315
Dakar,1937,25.38358333333333
Dakar,1938,24.75991666666667
Dakar,1939,24.388166666666667
Dakar,1940,24.54975
Dakar,1941,24.69558333333333
Dakar,1942,24.37875
Dakar,1943,24.542499999999993
Dakar,1944,24.85433333333333
Dakar,1945,25.430583333333335
Dakar,1946,24.606916666666674
Dakar,1947,24.539
Dakar,1948,24.674000000000003
Dakar,1949,24.500000000000004
Dakar,1950,24.696749999999998
Dakar,1951,24.189666666666668
Dakar,1952,24.432749999999995
Dakar,1953,24.451666666666664
Dakar,1954,24.487750000000002
Dakar,1955,24.77266666666667
Dakar,1956,24.266750000000002
Dakar,1957,24.151
Dakar,1958,25.05683333333333
Dakar,1959,24.4265
Dakar,1960,24.47075
Dakar,1961,24.890666666666664
Dakar,1962,24.95483333333333
Dakar,1963,25.036083333333334
Dakar,1964,24.79558333333333
Dakar,1965,24.24116666666667
Dakar,1966,24.976499999999998
Dakar,1967,24.18283333333333
Dakar,1968,24.10325
Dakar,1969,25.404
Dakar,1970,25.217000000000002
Dakar,1971,24.372750000000007
Dakar,1972,24.540750000000003
Dakar,1973,25.015583333333336
Dakar,1974,24.095499999999998
Dakar,1975,24.405500000000004
Dakar,1976,24.335500000000007
Dakar,1977,25.179916666666667
Dakar,1978,25.044416666666667
Dakar,1979,25.425083333333337
Dakar,1980,24.851916666666664
Dakar,1981,25.24625
Dakar,1982,24.524250000000006
Dakar,1983,25.611
Dakar,1984,24.93283333333333
Dakar,1985,24.625833333333333
Dakar,1986,24.600666666666665
Dakar,1987,25.66016666666667
Dakar,1988,25.124499999999998
Dakar,1989,25.025500000000005
Dakar,1990,25.125249999999998
Dakar,1991,25.004166666666666
Dakar,1992,25.089583333333334
Dakar,1993,24.992000000000004
Dakar,1994,24.941083333333335
Dakar,1995,25.328999999999997
Dakar,1996,25.488249999999997
Dakar,1997,25.867083333333337
Dakar,1998,26.02558333333334
Dakar,1999,24.931
Dakar,2000,25.259333333333334
Dakar,2001,25.792
Dakar,2002,25.40416666666667
Dakar,2003,25.25091666666667
Dakar,2004,25.38083333333333
Dakar,2005,25.78441666666667
Dakar,2006,25.320666666666668
Dakar,2007,25.335749999999994
Dakar,2008,25.49775
Dakar,2009,25.011499999999998
Dakar,2010,26.103666666666665
Dakar,2011,25.410999999999998
Dakar,2012,25.473000000000003
Dakar,2013,24.695375000000002
Dalian,1837,21.614
Dalian,1839,8.944833333333333
Dalian,1840,9.704499999999998
Dalian,1841,8.68375
Dalian,1842,9.640333333333333
Dalian,1843,9.842
Dalian,1844,9.821166666666668
Dalian,1845,9.778416666666665
Dalian,1846,10.231333333333334
Dalian,1847,10.160416666666668
Dalian,1848,9.911499999999998
Dalian,1849,9.9275
Dalian,1850,9.049
Dalian,1851,8.719
Dalian,1852,8.938666666666665
Dalian,1853,9.262166666666667
Dalian,1854,10.012416666666667
Dalian,1855,10.285833333333334
Dalian,1856,9.796249999999999
Dalian,1857,9.692333333333334
Dalian,1858,10.010833333333332
Dalian,1859,9.996166666666667
Dalian,1860,8.794583333333332
Dalian,1861,9.173333333333334
Dalian,1862,9.097
Dalian,1863,10.151083333333332
Dalian,1864,9.435416666666667
Dalian,1865,9.629916666666668
Dalian,1866,9.80875
Dalian,1867,10.22125
Dalian,1868,10.023833333333334
Dalian,1869,10.400250000000002
Dalian,1870,9.750333333333332
Dalian,1871,9.905666666666667
Dalian,1872,9.738749999999998
Dalian,1873,9.76825
Dalian,1874,10.128416666666668
Dalian,1875,10.0665
Dalian,1876,10.45725
Dalian,1877,9.788833333333335
Dalian,1878,9.785416666666666
Dalian,1879,9.956083333333334
Dalian,1880,9.618416666666667
Dalian,1881,9.707916666666668
Dalian,1882,10.094583333333334
Dalian,1883,9.680083333333334
Dalian,1884,9.041749999999999
Dalian,1885,9.427833333333334
Dalian,1886,9.822250000000002
Dalian,1887,9.707833333333333
Dalian,1888,9.568999999999999
Dalian,1889,9.350833333333336
Dalian,1890,10.541
Dalian,1891,10.075249999999999
Dalian,1892,9.33775
Dalian,1893,9.155
Dalian,1894,10.66125
Dalian,1895,9.215083333333332
Dalian,1896,9.679083333333333
Dalian,1897,9.859000000000002
Dalian,1898,10.938166666666667
Dalian,1899,10.919500000000001
Dalian,1900,10.268166666666668
Dalian,1901,9.926333333333334
Dalian,1902,10.672916666666666
Dalian,1903,10.485333333333333
Dalian,1904,10.052416666666666
Dalian,1905,9.991083333333332
Dalian,1906,9.734499999999999
Dalian,1907,9.988666666666667
Dalian,1908,9.740666666666668
Dalian,1909,9.579666666666665
Dalian,1910,9.411999999999997
Dalian,1911,9.445416666666665
Dalian,1912,9.349083333333333
Dalian,1913,9.405333333333333
Dalian,1914,10.625666666666666
Dalian,1915,9.450166666666666
Dalian,1916,9.730916666666667
Dalian,1917,9.251916666666666
Dalian,1918,9.835166666666668
Dalian,1919,10.127583333333332
Dalian,1920,10.550083333333335
Dalian,1921,9.858583333333332
Dalian,1922,10.018500000000001
Dalian,1923,9.688166666666667
Dalian,1924,9.957666666666666
Dalian,1925,9.941833333333335
Dalian,1926,10.119916666666667
Dalian,1927,10.192166666666667
Dalian,1928,10.008166666666666
Dalian,1929,10.105833333333331
Dalian,1930,10.317166666666665
Dalian,1931,9.671000000000001
Dalian,1932,10.408916666666668
Dalian,1933,9.76175
Dalian,1934,9.781416666666667
Dalian,1935,10.831666666666669
Dalian,1936,9.489500000000001
Dalian,1937,10.334166666666667
Dalian,1938,10.440583333333333
Dalian,1939,10.867166666666668
Dalian,1940,10.417166666666667
Dalian,1941,10.517333333333333
Dalian,1942,10.303166666666666
Dalian,1943,10.825583333333334
Dalian,1944,10.159499999999998
Dalian,1945,10.042500000000002
Dalian,1946,10.885333333333335
Dalian,1947,8.838000000000001
Dalian,1948,10.859333333333334
Dalian,1949,10.800666666666665
Dalian,1950,10.537
Dalian,1951,10.537166666666666
Dalian,1952,10.369250000000001
Dalian,1953,10.265166666666667
Dalian,1954,9.866833333333334
Dalian,1955,10.746833333333333
Dalian,1956,9.383000000000001
Dalian,1957,9.585500000000001
Dalian,1958,10.521083333333333
Dalian,1959,10.997416666666666
Dalian,1960,10.481083333333332
Dalian,1961,11.179999999999998
Dalian,1962,10.485583333333334
Dalian,1963,10.453166666666666
Dalian,1964,10.242666666666665
Dalian,1965,10.547916666666667
Dalian,1966,10.274166666666666
Dalian,1967,10.294333333333332
Dalian,1968,10.529166666666667
Dalian,1969,9.273249999999999
Dalian,1970,10.029416666666668
Dalian,1971,10.314416666666666
Dalian,1972,10.278666666666666
Dalian,1973,10.770000000000001
Dalian,1974,10.071333333333333
Dalian,1975,11.265666666666668
Dalian,1976,9.8515
Dalian,1977,10.499249999999998
Dalian,1978,10.75875
Dalian,1979,10.658666666666667
Dalian,1980,9.994416666666666
Dalian,1981,10.5585
Dalian,1982,11.269416666666666
Dalian,1983,11.275666666666668
Dalian,1984,10.234583333333335
Dalian,1985,9.790166666666666
Dalian,1986,10.321250000000001
Dalian,1987,10.4135
Dalian,1988,10.987249999999998
Dalian,1989,11.518583333333332
Dalian,1990,11.263666666666666
Dalian,1991,10.855000000000002
Dalian,1992,10.9625
Dalian,1993,10.839083333333335
Dalian,1994,11.654666666666666
Dalian,1995,11.144083333333333
Dalian,1996,10.71375
Dalian,1997,11.413166666666667
Dalian,1998,11.79125
Dalian,1999,11.714083333333335
Dalian,2000,11.141083333333334
Dalian,2001,11.158916666666668
Dalian,2002,11.591666666666669
Dalian,2003,11.269333333333334
Dalian,2004,11.811666666666666
Dalian,2005,10.966000000000001
Dalian,2006,11.449166666666668
Dalian,2007,12.054333333333332
Dalian,2008,11.503083333333334
Dalian,2009,11.389416666666667
Dalian,2010,10.481916666666669
Dalian,2011,10.913583333333335
Dalian,2012,10.546249999999999
Dalian,2013,11.445624999999998
Dar Es Salaam,1850,24.856818181818184
Dar Es Salaam,1859,25.400700000000004
Dar Es Salaam,1864,25.057999999999996
Dar Es Salaam,1875,24.545125
Dar Es Salaam,1876,24.985000000000003
Dar Es Salaam,1877,25.636083333333335
Dar Es Salaam,1878,25.667833333333334
Dar Es Salaam,1880,25.211454545454544
Dar Es Salaam,1881,26.828666666666667
Dar Es Salaam,1889,25.412166666666668
Dar Es Salaam,1890,24.94890909090909
Dar Es Salaam,1891,25.003249999999998
Dar Es Salaam,1892,25.50666666666667
Dar Es Salaam,1893,25.086250000000003
Dar Es Salaam,1894,25.469166666666663
Dar Es Salaam,1895,25.54283333333333
Dar Es Salaam,1896,25.645083333333336
Dar Es Salaam,1897,25.854916666666668
Dar Es Salaam,1898,26.011583333333334
Dar Es Salaam,1899,25.313499999999994
Dar Es Salaam,1900,25.763749999999998
Dar Es Salaam,1901,25.339333333333332
Dar Es Salaam,1902,25.80158333333333
Dar Es Salaam,1903,25.696750000000005
Dar Es Salaam,1904,24.964750000000006
Dar Es Salaam,1905,25.624750000000002
Dar Es Salaam,1906,25.23091666666667
Dar Es Salaam,1907,25.27425
Dar Es Salaam,1908,25.566999999999997
Dar Es Salaam,1909,25.270583333333335
Dar Es Salaam,1910,25.106500000000008
Dar Es Salaam,1911,25.129
Dar Es Salaam,1912,25.508333333333336
Dar Es Salaam,1913,25.398083333333336
Dar Es Salaam,1914,25.859750000000005
Dar Es Salaam,1915,25.69541666666667
Dar Es Salaam,1916,25.380583333333334
Dar Es Salaam,1917,25.289000000000005
Dar Es Salaam,1918,25.15041666666667
Dar Es Salaam,1919,25.67125
Dar Es Salaam,1920,25.389916666666664
Dar Es Salaam,1921,25.37008333333333
Dar Es Salaam,1922,25.435666666666673
Dar Es Salaam,1923,25.49241666666667
Dar Es Salaam,1924,25.471666666666668
Dar Es Salaam,1925,25.467916666666667
Dar Es Salaam,1926,25.81308333333334
Dar Es Salaam,1927,25.348916666666668
Dar Es Salaam,1928,25.515083333333337
Dar Es Salaam,1929,25.66541666666667
Dar Es Salaam,1930,25.424916666666665
Dar Es Salaam,1931,25.874416666666665
Dar Es Salaam,1932,25.569000000000003
Dar Es Salaam,1933,25.6155
Dar Es Salaam,1934,25.494083333333332
Dar Es Salaam,1935,25.57716666666667
Dar Es Salaam,1936,25.618
Dar Es Salaam,1937,25.667249999999996
Dar Es Salaam,1938,25.558083333333332
Dar Es Salaam,1939,25.610749999999996
Dar Es Salaam,1940,25.86808333333333
Dar Es Salaam,1941,26.195333333333334
Dar Es Salaam,1942,25.79691666666667
Dar Es Salaam,1943,25.512416666666667
Dar Es Salaam,1944,25.600666666666665
Dar Es Salaam,1945,25.5535
Dar Es Salaam,1946,25.850916666666667
Dar Es Salaam,1947,25.624333333333336
Dar Es Salaam,1948,25.70441666666667
Dar Es Salaam,1949,25.907833333333333
Dar Es Salaam,1950,25.54733333333333
Dar Es Salaam,1951,25.784750000000003
Dar Es Salaam,1952,26.015416666666667
Dar Es Salaam,1953,25.90425
Dar Es Salaam,1954,25.858083333333337
Dar Es Salaam,1955,25.555333333333333
Dar Es Salaam,1956,25.426583333333337
Dar Es Salaam,1957,25.60683333333333
Dar Es Salaam,1958,26.13025
Dar Es Salaam,1959,25.90825
Dar Es Salaam,1960,25.637666666666664
Dar Es Salaam,1961,25.91858333333333
Dar Es Salaam,1962,25.75541666666666
Dar Es Salaam,1963,25.492500000000003
Dar Es Salaam,1964,25.515249999999998
Dar Es Salaam,1965,25.48975
Dar Es Salaam,1966,25.812416666666667
Dar Es Salaam,1967,25.860250000000004
Dar Es Salaam,1968,25.389666666666667
Dar Es Salaam,1969,25.928916666666666
Dar Es Salaam,1970,25.882833333333334
Dar Es Salaam,1971,25.384583333333335
Dar Es Salaam,1972,25.782916666666665
Dar Es Salaam,1973,25.768
Dar Es Salaam,1974,25.508166666666664
Dar Es Salaam,1975,25.77766666666666
Dar Es Salaam,1976,25.822333333333336
Dar Es Salaam,1977,26.02025
Dar Es Salaam,1978,25.799416666666673
Dar Es Salaam,1979,25.785333333333337
Dar Es Salaam,1980,25.95358333333333
Dar Es Salaam,1981,25.838583333333336
Dar Es Salaam,1982,25.979666666666663
Dar Es Salaam,1983,26.271999999999995
Dar Es Salaam,1984,25.555666666666667
Dar Es Salaam,1985,25.72075
Dar Es Salaam,1986,25.98416666666667
Dar Es Salaam,1987,26.497750000000007
Dar Es Salaam,1988,26.425250000000002
Dar Es Salaam,1989,25.759333333333334
Dar Es Salaam,1990,26.146749999999997
Dar Es Salaam,1991,26.24083333333333
Dar Es Salaam,1992,26.144333333333336
Dar Es Salaam,1993,26.010666666666662
Dar Es Salaam,1994,26.346750000000004
Dar Es Salaam,1995,26.267916666666668
Dar Es Salaam,1996,26.021999999999995
Dar Es Salaam,1997,26.189833333333336
Dar Es Salaam,1998,26.58516666666667
Dar Es Salaam,1999,26.14816666666667
Dar Es Salaam,2000,26.1835
Dar Es Salaam,2001,26.275249999999996
Dar Es Salaam,2002,26.359083333333334
Dar Es Salaam,2003,26.692666666666668
Dar Es Salaam,2004,26.342250000000003
Dar Es Salaam,2005,26.796249999999997
Dar Es Salaam,2006,26.36191666666667
Dar Es Salaam,2007,26.45108333333333
Dar Es Salaam,2008,26.17458333333333
Dar Es Salaam,2009,26.668333333333333
Dar Es Salaam,2010,26.704416666666663
Dar Es Salaam,2011,26.55791666666667
Dar Es Salaam,2012,26.508250000000004
Dar Es Salaam,2013,26.763125000000002
Delhi,1796,25.03025
Delhi,1797,26.711900000000004
Delhi,1798,24.289700000000003
Delhi,1799,25.284166666666664
Delhi,1800,25.207333333333334
Delhi,1801,24.2161
Delhi,1802,25.62816666666667
Delhi,1803,25.37908333333333
Delhi,1804,25.679083333333335
Delhi,1805,25.301916666666667
Delhi,1806,25.22083333333333
Delhi,1807,24.9726
Delhi,1813,24.561249999999998
Delhi,1814,23.733
Delhi,1815,24.087166666666672
Delhi,1816,23.697750000000003
Delhi,1817,23.859583333333333
Delhi,1818,24.369333333333334
Delhi,1819,23.903333333333336
Delhi,1820,24.117500000000003
Delhi,1821,24.826000000000004
Delhi,1822,24.933916666666665
Delhi,1823,24.634333333333334
Delhi,1824,25.295333333333332
Delhi,1825,25.114500000000003
Delhi,1826,25.11675
Delhi,1827,25.357083333333332
Delhi,1828,24.899666666666665
Delhi,1829,24.707250000000002
Delhi,1830,25.069166666666664
Delhi,1831,24.426
Delhi,1832,24.6232
Delhi,1833,24.845083333333335
Delhi,1834,24.81566666666667
Delhi,1835,23.897333333333332
Delhi,1836,24.543083333333332
Delhi,1837,24.41658333333333
Delhi,1838,24.38141666666667
Delhi,1839,24.45466666666667
Delhi,1840,24.715500000000002
Delhi,1841,24.493583333333333
Delhi,1842,24.776083333333336
Delhi,1843,24.746416666666665
Delhi,1844,24.355833333333333
Delhi,1845,24.603916666666663
Delhi,1846,25.155916666666666
Delhi,1847,24.661
Delhi,1848,24.449916666666667
Delhi,1849,24.4905
Delhi,1850,24.77791666666667
Delhi,1851,24.757583333333333
Delhi,1852,24.652
Delhi,1853,24.88291666666667
Delhi,1854,25.02133333333333
Delhi,1855,25.240454545454543
Delhi,1856,23.862272727272728
Delhi,1857,24.301083333333334
Delhi,1870,24.889499999999998
Delhi,1871,24.882416666666668
Delhi,1872,24.943916666666667
Delhi,1873,25.05633333333334
Delhi,1874,24.252909090909096
Delhi,1875,25.382833333333334
Delhi,1876,24.931500000000003
Delhi,1877,25.081666666666663
Delhi,1878,25.182750000000002
Delhi,1879,24.859916666666667
Delhi,1880,25.454333333333334
Delhi,1881,25.087083333333336
Delhi,1882,24.891166666666663
Delhi,1883,24.82491666666667
Delhi,1884,24.666666666666668
Delhi,1885,24.376583333333333
Delhi,1886,24.89366666666667
Delhi,1887,24.897333333333332
Delhi,1888,24.882416666666668
Delhi,1889,25.214749999999995
Delhi,1890,25.05791666666667
Delhi,1891,24.679166666666664
Delhi,1892,25.487583333333333
Delhi,1893,23.83791666666667
Delhi,1894,24.735916666666665
Delhi,1895,25.151416666666666
Delhi,1896,25.83441666666667
Delhi,1897,25.39408333333333
Delhi,1898,25.552583333333335
Delhi,1899,25.855416666666667
Delhi,1900,25.55966666666667
Delhi,1901,25.493166666666667
Delhi,1902,25.660833333333333
Delhi,1903,25.141000000000002
Delhi,1904,25.068583333333326
Delhi,1905,24.74875
Delhi,1906,25.165833333333328
Delhi,1907,25.02425
Delhi,1908,25.140666666666664
Delhi,1909,24.746250000000003
Delhi,1910,24.810249999999996
Delhi,1911,25.355833333333333
Delhi,1912,25.247083333333336
Delhi,1913,24.944083333333335
Delhi,1914,25.120083333333337
Delhi,1915,25.73483333333333
Delhi,1916,25.068
Delhi,1917,23.8425
Delhi,1918,25.279833333333332
Delhi,1919,24.837083333333336
Delhi,1920,24.98708333333333
Delhi,1921,26.042583333333337
Delhi,1922,25.18308333333334
Delhi,1923,25.261083333333335
Delhi,1924,24.98216666666666
Delhi,1925,24.85108333333333
Delhi,1926,24.779749999999996
Delhi,1927,24.731916666666667
Delhi,1928,25.654500000000002
Delhi,1929,25.387833333333337
Delhi,1930,25.098583333333334
Delhi,1931,25.578083333333336
Delhi,1932,25.627416666666665
Delhi,1933,24.518749999999997
Delhi,1934,24.960666666666672
Delhi,1935,24.806
Delhi,1936,24.755166666666668
Delhi,1937,24.809250000000002
Delhi,1938,25.36041666666667
Delhi,1939,25.23675
Delhi,1940,25.0735
Delhi,1941,26.302083333333343
Delhi,1942,25.395
Delhi,1943,25.252666666666666
Delhi,1944,24.982916666666668
Delhi,1945,24.780083333333334
Delhi,1946,25.46783333333333
Delhi,1947,25.724833333333336
Delhi,1948,25.44808333333333
Delhi,1949,25.59841666666667
Delhi,1950,24.66125
Delhi,1951,25.58408333333333
Delhi,1952,25.835916666666666
Delhi,1953,26.13633333333334
Delhi,1954,25.67716666666667
Delhi,1955,25.153583333333334
Delhi,1956,25.301
Delhi,1957,24.905833333333337
Delhi,1958,25.93433333333334
Delhi,1959,25.5565
Delhi,1960,25.534916666666664
Delhi,1961,24.804249999999996
Delhi,1962,25.18466666666666
Delhi,1963,25.456
Delhi,1964,25.048
Delhi,1965,25.256000000000004
Delhi,1966,25.518
Delhi,1967,24.975333333333335
Delhi,1968,25.020916666666665
Delhi,1969,25.801083333333338
Delhi,1970,25.38716666666667
Delhi,1971,24.80666666666667
Delhi,1972,25.4235
Delhi,1973,25.56316666666667
Delhi,1974,25.520666666666667
Delhi,1975,25.023583333333335
Delhi,1976,25.32875
Delhi,1977,25.405083333333337
Delhi,1978,25.206083333333336
Delhi,1979,25.8105
Delhi,1980,26.015583333333336
Delhi,1981,25.787666666666667
Delhi,1982,25.175583333333332
Delhi,1983,24.747333333333334
Delhi,1984,25.56408333333333
Delhi,1985,25.864583333333332
Delhi,1986,25.309083333333334
Delhi,1987,26.538999999999998
Delhi,1988,26.10566666666666
Delhi,1989,25.43258333333333
Delhi,1990,25.53825
Delhi,1991,25.73866666666667
Delhi,1992,25.521083333333337
Delhi,1993,25.921416666666673
Delhi,1994,25.86916666666667
Delhi,1995,25.920333333333332
Delhi,1996,25.54641666666667
Delhi,1997,24.708166666666667
Delhi,1998,25.769000000000002
Delhi,1999,26.362833333333338
Delhi,2000,26.048333333333332
Delhi,2001,25.862916666666667
Delhi,2002,26.63433333333333
Delhi,2003,25.721083333333336
Delhi,2004,26.23991666666667
Delhi,2005,25.716083333333334
Delhi,2006,26.365916666666667
Delhi,2007,26.14566666666667
Delhi,2008,25.674999999999997
Delhi,2009,26.55425
Delhi,2010,26.520249999999994
Delhi,2011,25.629500000000004
Delhi,2012,25.889416666666666
Delhi,2013,26.70925
Dhaka,1796,25.34866666666667
Dhaka,1797,26.3641
Dhaka,1798,25.216299999999997
Dhaka,1799,25.60841666666667
Dhaka,1800,25.542666666666662
Dhaka,1801,25.135700000000003
Dhaka,1802,25.97816666666667
Dhaka,1803,25.732166666666668
Dhaka,1804,26.04541666666667
Dhaka,1805,25.642666666666667
Dhaka,1806,25.55666666666666
Dhaka,1807,25.1548
Dhaka,1813,24.89816666666667
Dhaka,1814,24.506727272727275
Dhaka,1815,24.427083333333332
Dhaka,1816,24.194249999999997
Dhaka,1817,24.213416666666664
Dhaka,1818,24.262249999999998
Dhaka,1819,24.005499999999998
Dhaka,1820,24.32883333333334
Dhaka,1821,25.257166666666667
Dhaka,1822,25.457166666666666
Dhaka,1823,25.101333333333333
Dhaka,1824,25.64466666666667
Dhaka,1825,25.442583333333335
Dhaka,1826,25.463000000000005
Dhaka,1827,25.662333333333333
Dhaka,1828,25.240750000000002
Dhaka,1829,25.051583333333337
Dhaka,1830,25.37575
Dhaka,1831,24.793333333333337
Dhaka,1832,25.159200000000002
Dhaka,1833,25.23166666666667
Dhaka,1834,25.008750000000003
Dhaka,1835,23.978416666666664
Dhaka,1836,25.04291666666667
Dhaka,1837,24.90025
Dhaka,1838,24.848333333333333
Dhaka,1839,24.89283333333334
Dhaka,1840,25.2805
Dhaka,1841,25.377499999999998
Dhaka,1842,25.041416666666663
Dhaka,1843,25.09958333333334
Dhaka,1844,24.670916666666667
Dhaka,1845,24.85075
Dhaka,1846,25.026083333333336
Dhaka,1847,24.702416666666668
Dhaka,1848,24.726499999999998
Dhaka,1849,24.709166666666665
Dhaka,1850,25.230083333333337
Dhaka,1851,25.205416666666668
Dhaka,1852,24.90575
Dhaka,1853,25.389000000000006
Dhaka,1854,25.399333333333335
Dhaka,1855,25.334166666666672
Dhaka,1856,24.89383333333333
Dhaka,1857,24.622333333333334
Dhaka,1858,25.218166666666665
Dhaka,1859,25.278250000000003
Dhaka,1860,25.013999999999996
Dhaka,1861,24.937249999999995
Dhaka,1863,25.151499999999995
Dhaka,1864,24.982083333333335
Dhaka,1865,25.356750000000005
Dhaka,1866,25.461583333333333
Dhaka,1867,25.427666666666667
Dhaka,1868,25.07075
Dhaka,1869,25.050166666666666
Dhaka,1870,25.125
Dhaka,1871,25.35075
Dhaka,1872,25.347916666666674
Dhaka,1873,25.350833333333338
Dhaka,1874,25.1465
Dhaka,1875,25.22125
Dhaka,1876,25.140916666666666
Dhaka,1877,25.076750000000004
Dhaka,1878,25.817583333333328
Dhaka,1879,25.78775
Dhaka,1880,25.18183333333334
Dhaka,1881,25.2135
Dhaka,1882,25.466000000000005
Dhaka,1883,24.971166666666665
Dhaka,1884,24.825249999999997
Dhaka,1885,25.323333333333334
Dhaka,1886,25.394833333333334
Dhaka,1887,25.113166666666668
Dhaka,1888,25.245166666666666
Dhaka,1889,25.848
Dhaka,1890,25.209833333333336
Dhaka,1891,25.28933333333333
Dhaka,1892,25.37366666666667
Dhaka,1893,24.551083333333334
Dhaka,1894,25.44083333333333
Dhaka,1895,25.386333333333337
Dhaka,1896,25.838499999999996
Dhaka,1897,25.88666666666666
Dhaka,1898,25.48483333333333
Dhaka,1899,25.291166666666665
Dhaka,1900,25.94216666666666
Dhaka,1901,25.72241666666667
Dhaka,1902,25.426916666666667
Dhaka,1903,25.594250000000002
Dhaka,1904,25.335083333333333
Dhaka,1905,24.751666666666665
Dhaka,1906,25.511583333333338
Dhaka,1907,25.375583333333335
Dhaka,1908,25.51975
Dhaka,1909,25.60183333333333
Dhaka,1910,25.18225
Dhaka,1911,25.224500000000003
Dhaka,1912,25.394666666666666
Dhaka,1913,25.11216666666667
Dhaka,1914,25.27966666666666
Dhaka,1915,25.803333333333338
Dhaka,1916,25.5625
Dhaka,1917,25.221666666666675
Dhaka,1918,25.128749999999997
Dhaka,1919,25.6365
Dhaka,1920,25.568749999999998
Dhaka,1921,25.488583333333334
Dhaka,1922,25.770416666666666
Dhaka,1923,25.565166666666666
Dhaka,1924,25.918666666666667
Dhaka,1925,25.175249999999995
Dhaka,1926,25.51466666666667
Dhaka,1927,25.445750000000004
Dhaka,1928,25.70108333333333
Dhaka,1929,25.441833333333335
Dhaka,1930,25.373166666666666
Dhaka,1931,25.773166666666665
Dhaka,1932,25.851250000000004
Dhaka,1933,25.431166666666666
Dhaka,1934,25.476499999999998
Dhaka,1935,25.707916666666673
Dhaka,1936,25.579166666666666
Dhaka,1937,25.325333333333333
Dhaka,1938,25.708333333333332
Dhaka,1939,25.934416666666664
Dhaka,1940,25.66891666666667
Dhaka,1941,25.93358333333333
Dhaka,1942,25.882749999999998
Dhaka,1943,25.647666666666666
Dhaka,1944,25.632500000000004
Dhaka,1945,25.445250000000005
Dhaka,1946,25.624666666666666
Dhaka,1947,25.877583333333337
Dhaka,1948,25.731416666666664
Dhaka,1949,25.355249999999998
Dhaka,1950,25.706416666666666
Dhaka,1951,26.047833333333333
Dhaka,1952,25.84875
Dhaka,1953,26.059083333333334
Dhaka,1954,25.858166666666666
Dhaka,1955,25.740166666666667
Dhaka,1956,25.6335
Dhaka,1957,25.94666666666667
Dhaka,1958,26.5335
Dhaka,1959,25.62483333333334
Dhaka,1960,26.110583333333334
Dhaka,1961,25.721999999999998
Dhaka,1962,25.70775
Dhaka,1963,25.8155
Dhaka,1964,26.050083333333333
Dhaka,1965,25.75333333333333
Dhaka,1966,26.174666666666667
Dhaka,1967,25.703500000000002
Dhaka,1968,25.665333333333336
Dhaka,1969,25.910416666666666
Dhaka,1970,25.90291666666666
Dhaka,1971,25.270916666666675
Dhaka,1972,25.88758333333333
Dhaka,1973,25.913249999999994
Dhaka,1974,25.680250000000004
Dhaka,1975,25.768583333333336
Dhaka,1976,25.935833333333335
Dhaka,1977,25.80583333333333
Dhaka,1978,25.716250000000002
Dhaka,1979,26.4455
Dhaka,1980,25.99291666666667
Dhaka,1981,25.52241666666667
Dhaka,1982,25.796833333333336
Dhaka,1983,25.80333333333333
Dhaka,1984,25.700916666666668
Dhaka,1985,26.162666666666663
Dhaka,1986,26.030833333333334
Dhaka,1987,26.398666666666667
Dhaka,1988,26.36766666666667
Dhaka,1989,26.04525
Dhaka,1990,25.978250000000003
Dhaka,1991,25.84766666666667
Dhaka,1992,25.85741666666667
Dhaka,1993,25.733666666666664
Dhaka,1994,25.906250000000004
Dhaka,1995,26.087166666666672
Dhaka,1996,26.152250000000006
Dhaka,1997,25.551833333333335
Dhaka,1998,26.128583333333328
Dhaka,1999,26.314166666666665
Dhaka,2000,25.90525
Dhaka,2001,25.931249999999995
Dhaka,2002,26.095
Dhaka,2003,25.92741666666667
Dhaka,2004,26.136083333333332
Dhaka,2005,26.19333333333334
Dhaka,2006,26.440416666666664
Dhaka,2007,25.951333333333338
Dhaka,2008,26.004500000000004
Dhaka,2009,26.535583333333335
Dhaka,2010,26.64816666666667
Dhaka,2011,25.803250000000002
Dhaka,2012,26.28358333333333
Dhaka,2013,26.587
Durban,1857,19.519499999999997
Durban,1858,19.82683333333333
Durban,1859,19.897
Durban,1860,20.011900000000004
Durban,1861,19.850916666666667
Durban,1862,19.44475
Durban,1863,19.854416666666665
Durban,1864,19.852249999999998
Durban,1865,20.174000000000003
Durban,1866,20.098833333333335
Durban,1867,20.193250000000003
Durban,1868,19.85858333333334
Durban,1869,20.197000000000003
Durban,1870,19.8785
Durban,1871,19.97308333333333
Durban,1872,19.969166666666666
Durban,1873,20.436749999999996
Durban,1874,20.000416666666666
Durban,1875,19.708750000000006
Durban,1876,19.727
Durban,1877,20.199333333333335
Durban,1878,20.13883333333333
Durban,1879,19.675083333333333
Durban,1880,19.921818181818182
Durban,1881,20.003583333333335
Durban,1882,19.730249999999998
Durban,1883,19.984333333333336
Durban,1884,19.663916666666665
Durban,1885,19.93
Durban,1886,20.08116666666667
Durban,1887,19.600916666666667
Durban,1888,20.209999999999997
Durban,1889,20.61225
Durban,1890,20.302083333333332
Durban,1891,20.039666666666665
Durban,1892,20.187166666666666
Durban,1893,19.59325
Durban,1894,19.70425
Durban,1895,19.81925
Durban,1896,20.550083333333333
Durban,1897,20.09716666666667
Durban,1898,19.5615
Durban,1899,19.828166666666668
Durban,1900,20.460083333333333
Durban,1901,19.92358333333333
Durban,1902,19.907333333333337
Durban,1903,19.99325
Durban,1904,19.968416666666666
Durban,1905,19.839583333333334
Durban,1906,19.79041666666667
Durban,1907,19.663416666666667
Durban,1908,19.861
Durban,1909,20.12066666666667
Durban,1910,19.311083333333332
Durban,1911,19.73425
Durban,1912,20.2655
Durban,1913,20.40641666666667
Durban,1914,20.50275
Durban,1915,20.134999999999998
Durban,1916,19.99291666666667
Durban,1917,19.5945
Durban,1918,19.938083333333335
Durban,1919,20.174000000000003
Durban,1920,20.22383333333333
Durban,1921,19.864500000000003
Durban,1922,20.345000000000002
Durban,1923,20.576500000000003
Durban,1924,19.728416666666664
Durban,1925,20.371916666666667
Durban,1926,20.439000000000004
Durban,1927,20.493
Durban,1928,20.339916666666664
Durban,1929,20.334750000000003
Durban,1930,20.055083333333332
Durban,1931,20.434083333333337
Durban,1932,20.547916666666662
Durban,1933,20.32075
Durban,1934,20.540333333333333
Durban,1935,19.632583333333336
Durban,1936,19.96775
Durban,1937,20.465416666666666
Durban,1938,20.537833333333335
Durban,1939,20.104166666666664
Durban,1940,20.771916666666666
Durban,1941,20.925333333333338
Durban,1942,20.59441666666667
Durban,1943,20.058000000000003
Durban,1944,20.664666666666665
Durban,1945,20.428166666666666
Durban,1946,20.739250000000002
Durban,1947,20.55033333333333
Durban,1948,20.52541666666667
Durban,1949,20.55125
Durban,1950,20.619249999999997
Durban,1951,19.993
Durban,1952,20.657666666666668
Durban,1953,20.377750000000002
Durban,1954,20.119
Durban,1955,19.786666666666665
Durban,1956,20.139
Durban,1957,20.556333333333335
Durban,1958,20.67725
Durban,1959,20.349166666666665
Durban,1960,20.509333333333334
Durban,1961,20.701416666666663
Durban,1962,20.921583333333334
Durban,1963,20.531833333333335
Durban,1964,20.317333333333334
Durban,1965,20.274583333333336
Durban,1966,20.580166666666667
Durban,1967,20.50225
Durban,1968,20.02241666666667
Durban,1969,20.791999999999998
Durban,1970,20.68175
Durban,1971,20.193833333333334
Durban,1972,20.46616666666667
Durban,1973,20.278833333333335
Durban,1974,20.576083333333333
Durban,1975,20.203750000000003
Durban,1976,20.360416666666662
Durban,1977,20.93641666666667
Durban,1978,20.544416666666667
Durban,1979,20.729750000000003
Durban,1980,20.769416666666668
Durban,1981,20.267583333333334
Durban,1982,20.783833333333334
Durban,1983,21.253333333333334
Durban,1984,20.613
Durban,1985,21.344916666666663
Durban,1986,21.076333333333334
Durban,1987,21.01975
Durban,1988,20.89866666666666
Durban,1989,20.81825
Durban,1990,20.557916666666667
Durban,1991,21.064333333333334
Durban,1992,21.53425
Durban,1993,21.322416666666665
Durban,1994,20.65475
Durban,1995,20.734333333333336
Durban,1996,20.494666666666667
Durban,1997,20.573666666666664
Durban,1998,21.2235
Durban,1999,21.639083333333332
Durban,2000,20.7415
Durban,2001,21.246916666666664
Durban,2002,21.07275
Durban,2003,21.105833333333333
Durban,2004,21.107000000000003
Durban,2005,21.137833333333333
Durban,2006,20.862
Durban,2007,21.06566666666667
Durban,2008,20.891083333333334
Durban,2009,20.7055
Durban,2010,21.536166666666663
Durban,2011,20.722333333333328
Durban,2012,21.242916666666666
Durban,2013,21.305374999999998
Faisalabad,1816,24.689099999999996
Faisalabad,1817,22.738250000000004
Faisalabad,1818,23.43491666666667
Faisalabad,1819,22.831083333333336
Faisalabad,1820,24.21972727272727
Faisalabad,1821,23.705833333333334
Faisalabad,1822,23.813249999999996
Faisalabad,1823,24.414818181818188
Faisalabad,1833,23.7325
Faisalabad,1834,23.731666666666666
Faisalabad,1835,22.857583333333334
Faisalabad,1836,22.74
Faisalabad,1837,24.367833333333333
Faisalabad,1838,27.702714285714286
Faisalabad,1840,23.524545454545454
Faisalabad,1841,24.031299999999998
Faisalabad,1842,25.04211111111111
Faisalabad,1843,23.713666666666665
Faisalabad,1844,23.233500000000003
Faisalabad,1845,23.485083333333336
Faisalabad,1846,24.64275
Faisalabad,1848,23.26725
Faisalabad,1849,23.430333333333333
Faisalabad,1850,23.593166666666665
Faisalabad,1851,23.605166666666666
Faisalabad,1852,23.563750000000002
Faisalabad,1853,23.65641666666667
Faisalabad,1854,23.864833333333333
Faisalabad,1855,24.346636363636367
Faisalabad,1856,22.862090909090906
Faisalabad,1857,23.198833333333337
Faisalabad,1870,23.883583333333334
Faisalabad,1871,23.78741666666667
Faisalabad,1872,23.88983333333334
Faisalabad,1873,24.0205
Faisalabad,1874,23.299181818181818
Faisalabad,1875,24.294750000000004
Faisalabad,1876,23.57516666666666
Faisalabad,1877,23.752916666666664
Faisalabad,1878,23.668583333333334
Faisalabad,1879,23.998833333333334
Faisalabad,1880,24.662916666666664
Faisalabad,1881,24.307583333333337
Faisalabad,1882,23.848250000000004
Faisalabad,1883,23.785333333333327
Faisalabad,1884,23.571166666666667
Faisalabad,1885,23.204499999999996
Faisalabad,1886,23.733500000000003
Faisalabad,1887,23.83283333333333
Faisalabad,1888,23.923999999999996
Faisalabad,1889,23.946583333333336
Faisalabad,1890,23.734916666666667
Faisalabad,1891,23.371333333333336
Faisalabad,1892,24.45958333333333
Faisalabad,1893,22.916
Faisalabad,1894,23.53525
Faisalabad,1895,24.23075
Faisalabad,1896,24.617999999999995
Faisalabad,1897,23.81341666666667
Faisalabad,1898,24.372416666666666
Faisalabad,1899,24.688999999999997
Faisalabad,1900,24.23891666666667
Faisalabad,1901,24.064833333333336
Faisalabad,1902,24.579250000000002
Faisalabad,1903,23.658749999999998
Faisalabad,1904,24.180833333333336
Faisalabad,1905,23.588583333333332
Faisalabad,1906,24.02416666666667
Faisalabad,1907,23.723083333333335
Faisalabad,1908,23.83241666666667
Faisalabad,1909,23.50983333333333
Faisalabad,1910,23.53183333333334
Faisalabad,1911,24.074583333333333
Faisalabad,1912,24.096999999999994
Faisalabad,1913,23.612
Faisalabad,1914,23.703250000000008
Faisalabad,1915,24.819333333333336
Faisalabad,1916,23.993333333333336
Faisalabad,1917,23.158666666666665
Faisalabad,1918,24.004666666666665
Faisalabad,1919,23.857749999999996
Faisalabad,1920,23.78441666666667
Faisalabad,1921,25.08
Faisalabad,1922,24.166750000000004
Faisalabad,1923,23.719583333333336
Faisalabad,1924,23.712166666666672
Faisalabad,1925,23.726249999999997
Faisalabad,1926,23.461166666666667
Faisalabad,1927,23.645166666666668
Faisalabad,1928,24.284750000000003
Faisalabad,1929,24.012916666666666
Faisalabad,1930,23.64825
Faisalabad,1931,24.080249999999996
Faisalabad,1932,24.471
Faisalabad,1933,23.686333333333327
Faisalabad,1934,24.054500000000004
Faisalabad,1935,23.70075
Faisalabad,1936,24.105666666666668
Faisalabad,1937,23.941750000000003
Faisalabad,1938,24.400166666666667
Faisalabad,1939,24.195666666666668
Faisalabad,1940,24.34783333333333
Faisalabad,1941,25.20875
Faisalabad,1942,24.33908333333333
Faisalabad,1943,24.374583333333337
Faisalabad,1944,23.66616666666667
Faisalabad,1945,23.767583333333334
Faisalabad,1946,25.045999999999996
Faisalabad,1947,25.32733333333333
Faisalabad,1948,24.37591666666667
Faisalabad,1949,24.285666666666668
Faisalabad,1950,23.21841666666667
Faisalabad,1951,24.28525
Faisalabad,1952,24.610916666666665
Faisalabad,1953,24.94683333333333
Faisalabad,1954,24.34716666666667
Faisalabad,1955,24.108500000000003
Faisalabad,1956,24.19258333333333
Faisalabad,1957,23.448666666666668
Faisalabad,1958,24.69491666666667
Faisalabad,1959,24.28933333333333
Faisalabad,1960,24.280416666666667
Faisalabad,1961,23.79008333333334
Faisalabad,1962,24.00708333333333
Faisalabad,1963,24.523749999999996
Faisalabad,1964,23.778166666666667
Faisalabad,1965,23.988916666666668
Faisalabad,1966,23.989583333333332
Faisalabad,1967,23.914833333333334
Faisalabad,1968,23.88766666666667
Faisalabad,1969,24.661916666666666
Faisalabad,1970,24.709500000000002
Faisalabad,1971,24.40533333333333
Faisalabad,1972,24.063249999999996
Faisalabad,1973,24.337
Faisalabad,1974,24.144333333333332
Faisalabad,1975,23.643833333333333
Faisalabad,1976,23.767083333333332
Faisalabad,1977,24.322500000000005
Faisalabad,1978,24.291083333333333
Faisalabad,1979,24.393500000000003
Faisalabad,1980,24.85108333333333
Faisalabad,1981,24.625166666666672
Faisalabad,1982,23.98391666666667
Faisalabad,1983,23.746750000000006
Faisalabad,1984,24.52
Faisalabad,1985,25.02025
Faisalabad,1986,24.080249999999996
Faisalabad,1987,25.046000000000003
Faisalabad,1988,25.242833333333326
Faisalabad,1989,24.233999999999998
Faisalabad,1990,24.80708333333334
Faisalabad,1991,24.383750000000003
Faisalabad,1992,24.314666666666668
Faisalabad,1993,25.042916666666667
Faisalabad,1994,24.78141666666666
Faisalabad,1995,24.583333333333332
Faisalabad,1996,24.427166666666665
Faisalabad,1997,23.75766666666667
Faisalabad,1998,24.914583333333336
Faisalabad,1999,25.49966666666667
Faisalabad,2000,25.323416666666663
Faisalabad,2001,25.179083333333335
Faisalabad,2002,25.609499999999997
Faisalabad,2003,24.71375
Faisalabad,2004,25.55216666666667
Faisalabad,2005,24.662833333333335
Faisalabad,2006,25.16625
Faisalabad,2007,25.15608333333333
Faisalabad,2008,24.890166666666662
Faisalabad,2009,25.365749999999995
Faisalabad,2010,25.477916666666673
Faisalabad,2011,24.975250000000003
Faisalabad,2012,24.869416666666666
Faisalabad,2013,25.952624999999998
Fortaleza,1845,25.974
Fortaleza,1846,26.99383333333333
Fortaleza,1847,26.361833333333333
Fortaleza,1848,26.367500000000007
Fortaleza,1849,26.421499999999998
Fortaleza,1850,26.301363636363632
Fortaleza,1851,26.48375
Fortaleza,1852,26.45233333333334
Fortaleza,1853,26.469666666666665
Fortaleza,1854,26.612999999999996
Fortaleza,1855,26.669083333333333
Fortaleza,1856,26.249181818181818
Fortaleza,1887,26.331000000000003
Fortaleza,1888,26.548000000000002
Fortaleza,1889,26.70375
Fortaleza,1890,26.388
Fortaleza,1891,26.305249999999997
Fortaleza,1892,26.381583333333335
Fortaleza,1893,26.2685
Fortaleza,1894,26.574416666666668
Fortaleza,1895,26.512333333333334
Fortaleza,1896,26.62816666666666
Fortaleza,1897,26.360083333333332
Fortaleza,1898,26.8135
Fortaleza,1899,25.962333333333333
Fortaleza,1900,27.30716666666667
Fortaleza,1901,26.81716666666667
Fortaleza,1902,26.807833333333335
Fortaleza,1903,26.842499999999998
Fortaleza,1904,26.19416666666667
Fortaleza,1905,26.583499999999997
Fortaleza,1906,26.427083333333332
Fortaleza,1907,26.829583333333336
Fortaleza,1908,27.26308333333333
Fortaleza,1909,27.032666666666668
Fortaleza,1910,26.605249999999998
Fortaleza,1911,26.634583333333335
Fortaleza,1912,26.34716666666667
Fortaleza,1913,26.37366666666667
Fortaleza,1914,26.539749999999998
Fortaleza,1915,27.815083333333334
Fortaleza,1916,26.477166666666665
Fortaleza,1917,26.005583333333337
Fortaleza,1918,26.54433333333333
Fortaleza,1919,27.409166666666664
Fortaleza,1920,26.81233333333333
Fortaleza,1921,26.30775
Fortaleza,1922,26.427250000000004
Fortaleza,1923,26.574250000000003
Fortaleza,1924,26.252250000000004
Fortaleza,1925,26.521666666666665
Fortaleza,1926,26.823750000000004
Fortaleza,1927,26.92591666666667
Fortaleza,1928,27.18258333333333
Fortaleza,1929,26.726416666666665
Fortaleza,1930,27.041166666666665
Fortaleza,1931,27.412833333333335
Fortaleza,1932,27.577749999999998
Fortaleza,1933,26.993749999999995
Fortaleza,1934,26.574249999999996
Fortaleza,1935,26.717000000000002
Fortaleza,1936,27.008583333333338
Fortaleza,1937,27.288416666666663
Fortaleza,1938,27.06158333333333
Fortaleza,1939,26.96558333333333
Fortaleza,1940,26.787333333333333
Fortaleza,1941,27.41775
Fortaleza,1942,27.491583333333335
Fortaleza,1943,26.862
Fortaleza,1944,26.69033333333333
Fortaleza,1945,26.6575
Fortaleza,1946,26.91725
Fortaleza,1947,26.84483333333333
Fortaleza,1948,26.887416666666667
Fortaleza,1949,26.843583333333328
Fortaleza,1950,26.61225
Fortaleza,1951,27.272250000000003
Fortaleza,1952,27.12733333333333
Fortaleza,1953,27.332916666666666
Fortaleza,1954,27.09925
Fortaleza,1955,26.907749999999997
Fortaleza,1956,26.93766666666667
Fortaleza,1957,27.010583333333333
Fortaleza,1958,27.696416666666664
Fortaleza,1959,27.02541666666667
Fortaleza,1960,27.085250000000002
Fortaleza,1961,27.080249999999996
Fortaleza,1962,27.349249999999998
Fortaleza,1963,26.967666666666663
Fortaleza,1964,26.56716666666667
Fortaleza,1965,27.006166666666672
Fortaleza,1966,27.297583333333336
Fortaleza,1967,26.77525
Fortaleza,1968,26.874916666666667
Fortaleza,1969,27.212166666666672
Fortaleza,1970,27.586916666666667
Fortaleza,1971,26.908083333333337
Fortaleza,1972,27.410583333333335
Fortaleza,1973,27.241833333333336
Fortaleza,1974,26.44775
Fortaleza,1975,26.856166666666667
Fortaleza,1976,26.99133333333333
Fortaleza,1977,26.974833333333326
Fortaleza,1978,26.896083333333337
Fortaleza,1979,27.18816666666667
Fortaleza,1980,27.3225
Fortaleza,1981,27.4635
Fortaleza,1982,27.367916666666662
Fortaleza,1983,28.072999999999997
Fortaleza,1984,27.152916666666666
Fortaleza,1985,26.61616666666666
Fortaleza,1986,26.959999999999997
Fortaleza,1987,27.79058333333333
Fortaleza,1988,27.408
Fortaleza,1989,27.059749999999998
Fortaleza,1990,27.654833333333332
Fortaleza,1991,27.335333333333335
Fortaleza,1992,27.58316666666666
Fortaleza,1993,28.180499999999995
Fortaleza,1994,27.529833333333332
Fortaleza,1995,27.514999999999997
Fortaleza,1996,27.601333333333333
Fortaleza,1997,27.854666666666663
Fortaleza,1998,28.76358333333334
Fortaleza,1999,27.640833333333333
Fortaleza,2000,27.495166666666666
Fortaleza,2001,27.69283333333333
Fortaleza,2002,27.85308333333334
Fortaleza,2003,27.862833333333327
Fortaleza,2004,27.721083333333336
Fortaleza,2005,28.171000000000003
Fortaleza,2006,27.759916666666665
Fortaleza,2007,27.920083333333327
Fortaleza,2008,27.53625
Fortaleza,2009,27.385416666666668
Fortaleza,2010,28.179166666666664
Fortaleza,2011,27.36316666666666
Fortaleza,2012,28.208916666666667
Fortaleza,2013,27.705625
Gizeh,1811,17.706555555555557
Gizeh,1819,20.309250000000002
Gizeh,1820,20.575833333333332
Gizeh,1821,20.63075
Gizeh,1822,20.08609090909091
Gizeh,1823,18.74722222222222
Gizeh,1824,21.436000000000007
Gizeh,1825,20.99825
Gizeh,1826,20.939249999999998
Gizeh,1827,21.632500000000004
Gizeh,1828,20.98933333333333
Gizeh,1829,20.909249999999997
Gizeh,1830,21.249583333333334
Gizeh,1831,20.517000000000003
Gizeh,1832,20.20416666666667
Gizeh,1833,20.8145
Gizeh,1834,20.688499999999998
Gizeh,1835,20.171416666666666
Gizeh,1836,20.59075
Gizeh,1837,20.267916666666665
Gizeh,1838,20.210333333333335
Gizeh,1839,19.0245
Gizeh,1840,20.55783333333334
Gizeh,1841,20.90975
Gizeh,1842,20.92075
Gizeh,1843,20.828750000000003
Gizeh,1844,20.65775
Gizeh,1845,20.90125
Gizeh,1846,21.569083333333335
Gizeh,1847,21.0975
Gizeh,1848,20.88675
Gizeh,1849,20.902
Gizeh,1850,20.388166666666667
Gizeh,1851,21.1115
Gizeh,1852,21.041166666666665
Gizeh,1853,21.52725
Gizeh,1854,20.736416666666667
Gizeh,1855,21.038333333333338
Gizeh,1856,20.494083333333332
Gizeh,1857,20.294166666666666
Gizeh,1858,20.899499999999996
Gizeh,1859,20.981833333333338
Gizeh,1860,21.333249999999996
Gizeh,1861,20.209416666666666
Gizeh,1862,20.223333333333333
Gizeh,1863,20.604833333333335
Gizeh,1864,21.248083333333334
Gizeh,1865,21.550583333333332
Gizeh,1866,21.352999999999998
Gizeh,1867,21.44916666666666
Gizeh,1868,20.939583333333335
Gizeh,1869,21.414416666666668
Gizeh,1870,21.294999999999998
Gizeh,1871,20.871999999999996
Gizeh,1872,21.14325
Gizeh,1873,21.403333333333332
Gizeh,1874,20.76608333333333
Gizeh,1875,19.990583333333337
Gizeh,1876,21.05483333333333
Gizeh,1877,21.394333333333336
Gizeh,1878,21.542333333333335
Gizeh,1879,21.487000000000005
Gizeh,1880,21.201083333333337
Gizeh,1881,21.559833333333334
Gizeh,1882,20.378250000000005
Gizeh,1883,20.646916666666666
Gizeh,1884,20.232166666666664
Gizeh,1885,20.91483333333333
Gizeh,1886,20.54983333333334
Gizeh,1887,21.210666666666665
Gizeh,1888,21.040583333333334
Gizeh,1889,21.047749999999997
Gizeh,1890,21.086166666666667
Gizeh,1891,21.13491666666667
Gizeh,1892,21.386166666666668
Gizeh,1893,20.569666666666667
Gizeh,1894,20.947083333333335
Gizeh,1895,20.970583333333334
Gizeh,1896,21.171583333333334
Gizeh,1897,20.817916666666665
Gizeh,1898,20.924666666666663
Gizeh,1899,21.035833333333333
Gizeh,1900,21.574166666666667
Gizeh,1901,21.893833333333333
Gizeh,1902,21.35575
Gizeh,1903,20.385
Gizeh,1904,20.608666666666668
Gizeh,1905,21.02625
Gizeh,1906,21.241166666666665
Gizeh,1907,20.452416666666668
Gizeh,1908,20.367416666666664
Gizeh,1909,21.40366666666667
Gizeh,1910,20.647833333333335
Gizeh,1911,20.77825
Gizeh,1912,20.785333333333334
Gizeh,1913,20.40408333333333
Gizeh,1914,20.96483333333333
Gizeh,1915,21.574083333333334
Gizeh,1916,21.730999999999998
Gizeh,1917,21.122999999999998
Gizeh,1918,21.433999999999997
Gizeh,1919,21.42583333333333
Gizeh,1920,20.723416666666665
Gizeh,1921,20.732583333333338
Gizeh,1922,21.393416666666663
Gizeh,1923,21.3895
Gizeh,1924,21.611250000000002
Gizeh,1925,21.369749999999996
Gizeh,1926,21.219
Gizeh,1927,21.759
Gizeh,1928,21.717250000000003
Gizeh,1929,21.06825
Gizeh,1930,21.732916666666668
Gizeh,1931,21.60308333333333
Gizeh,1932,21.427999999999997
Gizeh,1933,21.243666666666666
Gizeh,1934,21.52433333333333
Gizeh,1935,21.613250000000004
Gizeh,1936,21.99925
Gizeh,1937,21.822083333333335
Gizeh,1938,20.923583333333337
Gizeh,1939,21.85441666666667
Gizeh,1940,21.590833333333332
Gizeh,1941,21.76158333333333
Gizeh,1942,21.586333333333332
Gizeh,1943,21.345499999999998
Gizeh,1944,21.401333333333337
Gizeh,1945,20.832833333333333
Gizeh,1946,21.756333333333334
Gizeh,1947,21.942999999999994
Gizeh,1948,20.88025
Gizeh,1949,20.678333333333335
Gizeh,1950,21.527416666666664
Gizeh,1951,21.82483333333333
Gizeh,1952,21.922583333333336
Gizeh,1953,21.167833333333334
Gizeh,1954,21.445333333333334
Gizeh,1955,22.101
Gizeh,1956,21.47883333333333
Gizeh,1957,21.486499999999996
Gizeh,1958,21.854333333333333
Gizeh,1959,20.978333333333335
Gizeh,1960,22.295416666666668
Gizeh,1961,21.139083333333332
Gizeh,1962,22.114
Gizeh,1963,22.093
Gizeh,1964,21.07225
Gizeh,1965,21.52175
Gizeh,1966,22.103333333333335
Gizeh,1967,20.918916666666668
Gizeh,1968,21.481166666666667
Gizeh,1969,21.879250000000003
Gizeh,1970,21.528499999999998
Gizeh,1971,21.410916666666665
Gizeh,1972,21.566833333333335
Gizeh,1973,21.42425
Gizeh,1974,21.547583333333332
Gizeh,1975,21.35291666666667
Gizeh,1976,21.281
Gizeh,1977,21.571250000000003
Gizeh,1978,21.66633333333333
Gizeh,1979,22.05566666666667
Gizeh,1980,21.516999999999996
Gizeh,1981,21.41891666666667
Gizeh,1982,21.035416666666666
Gizeh,1983,20.746333333333336
Gizeh,1984,21.320416666666667
Gizeh,1985,21.721333333333334
Gizeh,1986,21.519166666666667
Gizeh,1987,21.243583333333337
Gizeh,1988,21.65116666666667
Gizeh,1989,21.427583333333335
Gizeh,1990,21.599500000000006
Gizeh,1991,21.6515
Gizeh,1992,21.111166666666666
Gizeh,1993,21.786833333333334
Gizeh,1994,22.02133333333333
Gizeh,1995,21.564833333333336
Gizeh,1996,21.878666666666664
Gizeh,1997,21.45483333333333
Gizeh,1998,22.362666666666666
Gizeh,1999,22.278500000000005
Gizeh,2000,21.486166666666666
Gizeh,2001,22.330833333333334
Gizeh,2002,22.414083333333334
Gizeh,2003,22.1705
Gizeh,2004,22.081916666666668
Gizeh,2005,22.006500000000003
Gizeh,2006,22.05
Gizeh,2007,22.361
Gizeh,2008,22.644499999999997
Gizeh,2009,22.625
Gizeh,2010,23.718249999999998
Gizeh,2011,21.98691666666667
Gizeh,2012,22.484250000000003
Gizeh,2013,22.906999999999996
Guangzhou,1840,20.97525
Guangzhou,1841,21.018250000000002
Guangzhou,1842,21.16425
Guangzhou,1843,21.25175
Guangzhou,1844,20.859583333333337
Guangzhou,1845,20.838583333333336
Guangzhou,1846,21.459249999999997
Guangzhou,1847,21.0745
Guangzhou,1848,20.750583333333335
Guangzhou,1849,21.031666666666666
Guangzhou,1850,21.211250000000003
Guangzhou,1851,21.325166666666664
Guangzhou,1852,21.277916666666666
Guangzhou,1853,21.78175
Guangzhou,1854,21.640833333333337
Guangzhou,1855,21.089250000000003
Guangzhou,1856,20.603416666666664
Guangzhou,1857,21.124083333333335
Guangzhou,1858,21.053083333333333
Guangzhou,1859,21.280666666666665
Guangzhou,1860,21.275250000000003
Guangzhou,1861,21.017416666666666
Guangzhou,1862,20.39616666666667
Guangzhou,1863,20.87933333333333
Guangzhou,1864,20.744666666666664
Guangzhou,1865,21.651250000000005
Guangzhou,1866,21.268833333333333
Guangzhou,1867,21.565916666666666
Guangzhou,1868,21.787166666666664
Guangzhou,1869,21.531999999999996
Guangzhou,1870,21.734749999999995
Guangzhou,1871,21.517666666666667
Guangzhou,1872,21.679000000000002
Guangzhou,1873,21.28175
Guangzhou,1874,21.55633333333334
Guangzhou,1875,21.47158333333333
Guangzhou,1876,20.969416666666667
Guangzhou,1877,21.488
Guangzhou,1878,21.581416666666666
Guangzhou,1879,21.65608333333333
Guangzhou,1880,20.868833333333335
Guangzhou,1881,21.245833333333334
Guangzhou,1882,21.108666666666668
Guangzhou,1883,20.76825
Guangzhou,1884,20.40725
Guangzhou,1885,20.671583333333334
Guangzhou,1886,20.70716666666667
Guangzhou,1887,21.047749999999997
Guangzhou,1888,21.53775
Guangzhou,1889,21.38566666666667
Guangzhou,1890,21.53408333333333
Guangzhou,1891,21.46291666666667
Guangzhou,1892,20.919083333333333
Guangzhou,1893,20.703083333333332
Guangzhou,1894,21.281333333333333
Guangzhou,1895,21.198666666666668
Guangzhou,1896,21.33883333333333
Guangzhou,1897,21.364
Guangzhou,1898,21.51816666666667
Guangzhou,1899,21.245583333333336
Guangzhou,1900,21.22125
Guangzhou,1901,21.338499999999996
Guangzhou,1902,22.069
Guangzhou,1903,21.12791666666667
Guangzhou,1904,21.267166666666668
Guangzhou,1905,21.093999999999998
Guangzhou,1906,21.40691666666667
Guangzhou,1907,21.407
Guangzhou,1908,21.282166666666665
Guangzhou,1909,21.618333333333336
Guangzhou,1910,21.299500000000002
Guangzhou,1911,21.412750000000003
Guangzhou,1912,21.31941666666667
Guangzhou,1913,21.20025
Guangzhou,1914,22.091916666666666
Guangzhou,1915,21.93258333333333
Guangzhou,1916,21.232583333333334
Guangzhou,1917,20.866500000000002
Guangzhou,1918,21.175666666666668
Guangzhou,1919,21.689000000000004
Guangzhou,1920,21.483833333333333
Guangzhou,1921,21.598249999999997
Guangzhou,1922,21.733333333333334
Guangzhou,1923,21.979249999999997
Guangzhou,1924,21.73641666666667
Guangzhou,1925,21.256833333333333
Guangzhou,1926,21.463250000000002
Guangzhou,1927,21.474666666666664
Guangzhou,1928,21.927666666666667
Guangzhou,1929,21.834416666666666
Guangzhou,1930,21.540333333333333
Guangzhou,1931,21.542333333333332
Guangzhou,1932,21.417583333333337
Guangzhou,1933,21.64991666666667
Guangzhou,1934,21.168
Guangzhou,1935,21.754500000000004
Guangzhou,1936,21.22433333333333
Guangzhou,1937,22.021
Guangzhou,1938,22.083750000000006
Guangzhou,1939,21.765666666666664
Guangzhou,1940,22.124333333333336
Guangzhou,1941,22.14408333333333
Guangzhou,1942,22.238166666666668
Guangzhou,1943,22.20375
Guangzhou,1944,21.844666666666665
Guangzhou,1945,21.744833333333336
Guangzhou,1946,22.8105
Guangzhou,1947,21.678416666666667
Guangzhou,1948,22.20375
Guangzhou,1949,22.269583333333333
Guangzhou,1950,22.134083333333336
Guangzhou,1951,21.719583333333333
Guangzhou,1952,22.26066666666667
Guangzhou,1953,22.08525
Guangzhou,1954,21.858333333333334
Guangzhou,1955,21.860249999999997
Guangzhou,1956,21.704333333333334
Guangzhou,1957,21.601333333333333
Guangzhou,1958,21.96858333333333
Guangzhou,1959,22.03933333333333
Guangzhou,1960,22.08683333333333
Guangzhou,1961,21.984833333333338
Guangzhou,1962,21.72308333333333
Guangzhou,1963,22.168000000000003
Guangzhou,1964,21.92891666666667
Guangzhou,1965,22.042666666666666
Guangzhou,1966,22.46325
Guangzhou,1967,21.525583333333334
Guangzhou,1968,21.923416666666665
Guangzhou,1969,21.428916666666666
Guangzhou,1970,21.521416666666667
Guangzhou,1971,21.656916666666664
Guangzhou,1972,21.797083333333333
Guangzhou,1973,22.22725
Guangzhou,1974,21.720083333333335
Guangzhou,1975,21.84116666666667
Guangzhou,1976,21.331166666666668
Guangzhou,1977,22.181833333333334
Guangzhou,1978,21.92158333333333
Guangzhou,1979,21.984166666666667
Guangzhou,1980,22.143416666666663
Guangzhou,1981,22.056250000000006
Guangzhou,1982,21.91841666666667
Guangzhou,1983,21.696416666666668
Guangzhou,1984,21.177666666666664
Guangzhou,1985,21.558166666666665
Guangzhou,1986,22.02333333333333
Guangzhou,1987,22.569833333333335
Guangzhou,1988,21.617083333333337
Guangzhou,1989,22.099
Guangzhou,1990,22.415166666666668
Guangzhou,1991,22.211083333333335
Guangzhou,1992,21.489749999999997
Guangzhou,1993,21.57108333333333
Guangzhou,1994,22.018583333333336
Guangzhou,1995,21.465500000000002
Guangzhou,1996,21.537750000000003
Guangzhou,1997,21.857916666666664
Guangzhou,1998,22.640083333333333
Guangzhou,1999,22.328666666666667
Guangzhou,2000,22.08975
Guangzhou,2001,22.122249999999998
Guangzhou,2002,22.40075
Guangzhou,2003,22.470416666666665
Guangzhou,2004,22.179333333333332
Guangzhou,2005,22.0635
Guangzhou,2006,22.491
Guangzhou,2007,22.538333333333338
Guangzhou,2008,21.78075
Guangzhou,2009,22.41925
Guangzhou,2010,22.00016666666667
Guangzhou,2011,21.68316666666667
Guangzhou,2012,21.949333333333332
Guangzhou,2013,22.9285
Harare,1850,19.27818181818182
Harare,1859,20.412300000000002
Harare,1864,19.611500000000003
Harare,1875,18.954625000000004
Harare,1876,19.548999999999996
Harare,1877,20.0705
Harare,1878,20.148416666666666
Harare,1879,19.363777777777777
Harare,1880,19.50166666666667
Harare,1881,19.65916666666666
Harare,1882,19.565416666666668
Harare,1883,19.64325
Harare,1884,19.377166666666664
Harare,1885,19.695083333333333
Harare,1886,19.78875
Harare,1887,19.50166666666667
Harare,1888,19.73525
Harare,1889,20.231916666666667
Harare,1890,19.530916666666666
Harare,1891,19.651083333333332
Harare,1892,19.906166666666667
Harare,1893,19.59175
Harare,1894,19.766500000000004
Harare,1895,19.962416666666666
Harare,1896,20.209
Harare,1897,20.097499999999997
Harare,1898,19.588583333333332
Harare,1899,19.787083333333335
Harare,1900,20.319000000000003
Harare,1901,19.734333333333336
Harare,1902,20.069166666666664
Harare,1903,20.150166666666667
Harare,1904,19.038166666666665
Harare,1905,20.057166666666667
Harare,1906,19.64375
Harare,1907,19.276916666666665
Harare,1908,20.12125
Harare,1909,19.982833333333332
Harare,1910,19.394333333333336
Harare,1911,19.60341666666667
Harare,1912,20.5205
Harare,1913,20.55291666666667
Harare,1914,20.64191666666667
Harare,1915,20.30916666666667
Harare,1916,20.21416666666667
Harare,1917,19.890666666666664
Harare,1918,19.44966666666667
Harare,1919,19.609583333333337
Harare,1920,20.25775
Harare,1921,19.820916666666665
Harare,1922,20.703583333333334
Harare,1923,20.272250000000003
Harare,1924,20.01033333333333
Harare,1925,19.815000000000005
Harare,1926,20.16033333333333
Harare,1927,19.877999999999997
Harare,1928,20.498
Harare,1929,20.167666666666666
Harare,1930,19.738583333333334
Harare,1931,20.524416666666664
Harare,1932,20.015083333333333
Harare,1933,19.904083333333332
Harare,1934,20.324416666666668
Harare,1935,19.640083333333333
Harare,1936,19.797416666666667
Harare,1937,20.055500000000006
Harare,1938,20.252250000000004
Harare,1939,19.494333333333334
Harare,1940,20.173583333333337
Harare,1941,20.625916666666665
Harare,1942,20.654
Harare,1943,20.1155
Harare,1944,20.420416666666664
Harare,1945,19.76025
Harare,1946,20.286583333333333
Harare,1947,20.647000000000002
Harare,1948,20.2135
Harare,1949,20.658916666666666
Harare,1950,20.306416666666667
Harare,1951,20.23175
Harare,1952,20.34058333333334
Harare,1953,19.824416666666664
Harare,1954,20.20975
Harare,1955,20.050583333333332
Harare,1956,19.893333333333334
Harare,1957,20.883249999999997
Harare,1958,20.346749999999997
Harare,1959,20.575333333333333
Harare,1960,20.227666666666668
Harare,1961,20.517916666666668
Harare,1962,20.470166666666668
Harare,1963,19.805083333333332
Harare,1964,20.12125
Harare,1965,19.92725
Harare,1966,20.42158333333333
Harare,1967,20.171583333333334
Harare,1968,20.530083333333337
Harare,1969,20.401833333333332
Harare,1970,20.7885
Harare,1971,20.20775
Harare,1972,20.0985
Harare,1973,20.53583333333333
Harare,1974,19.642000000000007
Harare,1975,19.940250000000002
Harare,1976,19.77741666666667
Harare,1977,20.474416666666663
Harare,1978,20.055583333333335
Harare,1979,20.341250000000002
Harare,1980,20.188916666666664
Harare,1981,19.916999999999998
Harare,1982,20.602999999999998
Harare,1983,21.436833333333336
Harare,1984,20.86433333333333
Harare,1985,20.20866666666667
Harare,1986,20.213833333333337
Harare,1987,21.365
Harare,1988,20.624999999999996
Harare,1989,20.49308333333333
Harare,1990,21.188333333333336
Harare,1991,20.9505
Harare,1992,21.930333333333333
Harare,1993,20.876
Harare,1994,20.64075
Harare,1995,21.57016666666667
Harare,1996,20.698583333333335
Harare,1997,20.632999999999996
Harare,1998,21.304333333333332
Harare,1999,20.43583333333333
Harare,2000,20.283666666666665
Harare,2001,20.861
Harare,2002,21.079333333333338
Harare,2003,20.88916666666667
Harare,2004,20.30766666666667
Harare,2005,21.487416666666665
Harare,2006,20.699749999999998
Harare,2007,20.74625
Harare,2008,20.6805
Harare,2009,20.523833333333332
Harare,2010,21.165833333333335
Harare,2011,20.781750000000002
Harare,2012,20.523333333333337
Harare,2013,19.7565
Harbin,1820,2.172199999999999
Harbin,1821,3.3305833333333332
Harbin,1822,3.326833333333333
Harbin,1823,4.59909090909091
Harbin,1833,2.9314166666666677
Harbin,1834,3.45125
Harbin,1835,2.513666666666666
Harbin,1836,2.0446363636363643
Harbin,1837,6.226833333333334
Harbin,1838,3.0629999999999993
Harbin,1839,2.201
Harbin,1840,3.350333333333333
Harbin,1841,2.1903333333333332
Harbin,1842,3.0798333333333345
Harbin,1843,3.5484166666666668
Harbin,1844,3.234583333333332
Harbin,1845,3.1771666666666682
Harbin,1846,3.7990833333333334
Harbin,1847,3.37025
Harbin,1848,3.6352500000000005
Harbin,1849,3.6536666666666666
Harbin,1850,2.2235833333333326
Harbin,1851,1.8464166666666675
Harbin,1852,2.1261666666666668
Harbin,1853,2.217166666666667
Harbin,1854,3.544916666666667
Harbin,1855,4.124333333333333
Harbin,1856,3.2748333333333335
Harbin,1857,2.944249999999999
Harbin,1858,3.712416666666666
Harbin,1859,3.2085833333333333
Harbin,1860,2.0976666666666675
Harbin,1861,2.454333333333335
Harbin,1862,2.981250000000001
Harbin,1863,3.932916666666667
Harbin,1864,3.3600833333333333
Harbin,1865,2.904166666666667
Harbin,1866,3.4013333333333335
Harbin,1867,3.442416666666666
Harbin,1868,3.5224166666666665
Harbin,1869,3.6875000000000013
Harbin,1870,2.734083333333333
Harbin,1871,2.9107500000000006
Harbin,1872,2.834583333333333
Harbin,1873,2.9245833333333344
Harbin,1874,3.8137499999999993
Harbin,1875,3.7836666666666674
Harbin,1876,3.7273333333333327
Harbin,1877,3.5917499999999998
Harbin,1878,3.4024999999999994
Harbin,1879,3.2879166666666664
Harbin,1880,3.5262500000000006
Harbin,1881,3.1199166666666667
Harbin,1882,3.813749999999999
Harbin,1883,3.3552500000000003
Harbin,1884,2.5140833333333332
Harbin,1885,3.071500000000001
Harbin,1886,3.8289166666666667
Harbin,1887,3.2581666666666655
Harbin,1888,2.795916666666667
Harbin,1889,2.922083333333333
Harbin,1890,3.9873333333333334
Harbin,1891,3.454
Harbin,1892,2.157999999999999
Harbin,1893,2.6442499999999995
Harbin,1894,4.144333333333333
Harbin,1895,2.5902499999999997
Harbin,1896,2.8433333333333337
Harbin,1897,3.5404166666666668
Harbin,1898,4.180833333333333
Harbin,1899,4.327999999999999
Harbin,1900,3.808666666666666
Harbin,1901,3.8607499999999995
Harbin,1902,3.4375000000000004
Harbin,1903,4.126249999999999
Harbin,1904,3.46575
Harbin,1905,3.9573333333333323
Harbin,1906,3.193916666666665
Harbin,1907,3.4743333333333353
Harbin,1908,3.1116666666666664
Harbin,1909,2.6939166666666665
Harbin,1910,2.6330000000000005
Harbin,1911,3.1853333333333325
Harbin,1912,2.71775
Harbin,1913,3.046333333333333
Harbin,1914,3.8779166666666676
Harbin,1915,1.7151666666666667
Harbin,1916,3.1706666666666656
Harbin,1917,2.730333333333333
Harbin,1918,3.251166666666666
Harbin,1919,3.6050833333333334
Harbin,1920,3.8567499999999995
Harbin,1921,3.8683333333333336
Harbin,1922,2.5448333333333335
Harbin,1923,2.997333333333333
Harbin,1924,2.994
Harbin,1925,4.068749999999999
Harbin,1926,3.830083333333334
Harbin,1927,3.606666666666667
Harbin,1928,3.4253333333333345
Harbin,1929,3.292333333333333
Harbin,1930,3.8410833333333336
Harbin,1931,2.706833333333332
Harbin,1932,4.504666666666667
Harbin,1933,3.6946666666666665
Harbin,1934,3.611
Harbin,1935,3.9599999999999995
Harbin,1936,2.802416666666666
Harbin,1937,3.080666666666667
Harbin,1938,3.7953333333333337
Harbin,1939,4.207416666666667
Harbin,1940,3.6006666666666667
Harbin,1941,3.25775
Harbin,1942,3.7463333333333337
Harbin,1943,4.861833333333333
Harbin,1944,4.0151666666666666
Harbin,1945,3.2077500000000003
Harbin,1946,4.078416666666667
Harbin,1947,2.4404166666666645
Harbin,1948,4.7259166666666665
Harbin,1949,4.285083333333334
Harbin,1950,4.079083333333334
Harbin,1951,4.090750000000001
Harbin,1952,3.3080833333333337
Harbin,1953,3.5656666666666674
Harbin,1954,3.463416666666667
Harbin,1955,4.117249999999999
Harbin,1956,2.3278333333333334
Harbin,1957,3.1101666666666667
Harbin,1958,3.790999999999999
Harbin,1959,4.944833333333334
Harbin,1960,3.6449999999999996
Harbin,1961,4.4555
Harbin,1962,4.150833333333333
Harbin,1963,4.145333333333332
Harbin,1964,3.7343333333333333
Harbin,1965,2.9152500000000003
Harbin,1966,3.464916666666666
Harbin,1967,4.507416666666666
Harbin,1968,4.309166666666666
Harbin,1969,2.30125
Harbin,1970,3.703666666666667
Harbin,1971,4.295416666666667
Harbin,1972,3.5434166666666673
Harbin,1973,3.949916666666668
Harbin,1974,3.3335833333333333
Harbin,1975,5.480416666666667
Harbin,1976,3.452166666666667
Harbin,1977,3.576166666666667
Harbin,1978,4.0794999999999995
Harbin,1979,4.301666666666667
Harbin,1980,3.4356666666666666
Harbin,1981,4.057916666666666
Harbin,1982,5.296333333333332
Harbin,1983,4.46
Harbin,1984,3.7666666666666657
Harbin,1985,3.6341666666666668
Harbin,1986,4.189166666666666
Harbin,1987,3.628166666666667
Harbin,1988,4.622333333333333
Harbin,1989,5.358416666666666
Harbin,1990,5.718166666666668
Harbin,1991,4.647333333333332
Harbin,1992,4.609666666666667
Harbin,1993,4.635916666666667
Harbin,1994,4.930083333333333
Harbin,1995,5.449416666666664
Harbin,1996,4.816083333333332
Harbin,1997,5.377083333333331
Harbin,1998,5.699666666666666
Harbin,1999,4.611916666666667
Harbin,2000,4.204750000000001
Harbin,2001,4.460916666666667
Harbin,2002,5.083416666666667
Harbin,2003,5.543916666666665
Harbin,2004,5.4299166666666645
Harbin,2005,4.292999999999999
Harbin,2006,4.715166666666666
Harbin,2007,6.236916666666666
Harbin,2008,5.843333333333333
Harbin,2009,4.319500000000001
Harbin,2010,3.8522499999999997
Harbin,2011,4.600249999999999
Harbin,2012,4.0714999999999995
Harbin,2013,5.616874999999999
Ho Chi Minh City,1825,27.113083333333336
Ho Chi Minh City,1839,26.689777777777774
Ho Chi Minh City,1840,26.625333333333334
Ho Chi Minh City,1841,27.015499999999992
Ho Chi Minh City,1842,26.87041666666666
Ho Chi Minh City,1843,26.938333333333336
Ho Chi Minh City,1844,26.406750000000002
Ho Chi Minh City,1845,26.120636363636365
Ho Chi Minh City,1846,26.935333333333336
Ho Chi Minh City,1847,26.412666666666663
Ho Chi Minh City,1850,26.646250000000006
Ho Chi Minh City,1851,26.816083333333335
Ho Chi Minh City,1852,26.69525
Ho Chi Minh City,1853,26.86541666666666
Ho Chi Minh City,1854,26.894833333333327
Ho Chi Minh City,1855,26.758583333333338
Ho Chi Minh City,1856,26.534666666666663
Ho Chi Minh City,1857,26.508300000000002
Ho Chi Minh City,1858,26.827083333333334
Ho Chi Minh City,1859,26.87966666666667
Ho Chi Minh City,1860,26.68616666666667
Ho Chi Minh City,1861,26.577083333333338
Ho Chi Minh City,1862,24.845
Ho Chi Minh City,1863,26.669999999999998
Ho Chi Minh City,1864,26.522916666666664
Ho Chi Minh City,1865,26.891083333333338
Ho Chi Minh City,1866,26.84058333333333
Ho Chi Minh City,1867,26.859583333333333
Ho Chi Minh City,1868,27.05575
Ho Chi Minh City,1869,26.643083333333337
Ho Chi Minh City,1870,26.505916666666668
Ho Chi Minh City,1871,26.53975
Ho Chi Minh City,1872,26.86508333333333
Ho Chi Minh City,1873,26.94716666666667
Ho Chi Minh City,1874,27.03325
Ho Chi Minh City,1875,26.51958333333333
Ho Chi Minh City,1876,26.39691666666667
Ho Chi Minh City,1877,27.150750000000002
Ho Chi Minh City,1878,27.435666666666663
Ho Chi Minh City,1879,26.760499999999997
Ho Chi Minh City,1880,26.751583333333333
Ho Chi Minh City,1881,26.894333333333336
Ho Chi Minh City,1882,26.843416666666666
Ho Chi Minh City,1883,26.667833333333334
Ho Chi Minh City,1884,26.403333333333332
Ho Chi Minh City,1885,26.867416666666667
Ho Chi Minh City,1886,26.64966666666666
Ho Chi Minh City,1887,26.34466666666667
Ho Chi Minh City,1888,27.038666666666668
Ho Chi Minh City,1889,27.115916666666667
Ho Chi Minh City,1890,26.718666666666667
Ho Chi Minh City,1891,26.9335
Ho Chi Minh City,1892,26.359916666666667
Ho Chi Minh City,1893,26.375416666666666
Ho Chi Minh City,1894,26.585916666666666
Ho Chi Minh City,1895,26.905583333333336
Ho Chi Minh City,1896,26.942750000000004
Ho Chi Minh City,1897,27.385666666666665
Ho Chi Minh City,1898,26.77241666666667
Ho Chi Minh City,1899,26.695000000000004
Ho Chi Minh City,1900,27.236499999999996
Ho Chi Minh City,1901,26.94016666666667
Ho Chi Minh City,1902,26.92391666666667
Ho Chi Minh City,1903,27.063
Ho Chi Minh City,1904,26.733083333333337
Ho Chi Minh City,1905,27.316750000000003
Ho Chi Minh City,1906,27.258583333333334
Ho Chi Minh City,1907,26.951000000000004
Ho Chi Minh City,1908,26.771833333333333
Ho Chi Minh City,1909,26.955583333333333
Ho Chi Minh City,1910,26.9845
Ho Chi Minh City,1911,27.28233333333333
Ho Chi Minh City,1912,27.558750000000003
Ho Chi Minh City,1913,26.921499999999998
Ho Chi Minh City,1914,27.31183333333333
Ho Chi Minh City,1915,27.323000000000004
Ho Chi Minh City,1916,26.51908333333333
Ho Chi Minh City,1917,26.541166666666665
Ho Chi Minh City,1918,26.701749999999993
Ho Chi Minh City,1919,27.330416666666668
Ho Chi Minh City,1920,27.082250000000002
Ho Chi Minh City,1921,26.82058333333333
Ho Chi Minh City,1922,27.084500000000002
Ho Chi Minh City,1923,26.97541666666667
Ho Chi Minh City,1924,27.123499999999996
Ho Chi Minh City,1925,26.86916666666667
Ho Chi Minh City,1926,27.395083333333332
Ho Chi Minh City,1927,27.135083333333338
Ho Chi Minh City,1928,26.816166666666664
Ho Chi Minh City,1929,26.8025
Ho Chi Minh City,1930,27.28883333333333
Ho Chi Minh City,1931,27.53891666666667
Ho Chi Minh City,1932,26.983083333333337
Ho Chi Minh City,1933,27.202
Ho Chi Minh City,1934,26.906249999999996
Ho Chi Minh City,1935,27.428083333333333
Ho Chi Minh City,1936,27.51325
Ho Chi Minh City,1937,27.560666666666666
Ho Chi Minh City,1938,27.360500000000002
Ho Chi Minh City,1939,27.23341666666667
Ho Chi Minh City,1940,27.39525
Ho Chi Minh City,1941,28.036
Ho Chi Minh City,1942,27.341416666666664
Ho Chi Minh City,1943,26.865249999999993
Ho Chi Minh City,1944,27.16325
Ho Chi Minh City,1945,27.226083333333335
Ho Chi Minh City,1946,27.812083333333334
Ho Chi Minh City,1947,27.593166666666665
Ho Chi Minh City,1948,27.354749999999996
Ho Chi Minh City,1949,27.509416666666667
Ho Chi Minh City,1950,27.36883333333334
Ho Chi Minh City,1951,27.337749999999996
Ho Chi Minh City,1952,27.478583333333333
Ho Chi Minh City,1953,27.592583333333334
Ho Chi Minh City,1954,27.376166666666673
Ho Chi Minh City,1955,27.236583333333332
Ho Chi Minh City,1956,27.158833333333334
Ho Chi Minh City,1957,27.50433333333333
Ho Chi Minh City,1958,27.717916666666667
Ho Chi Minh City,1959,27.726249999999997
Ho Chi Minh City,1960,27.690166666666666
Ho Chi Minh City,1961,27.569666666666667
Ho Chi Minh City,1962,27.393333333333334
Ho Chi Minh City,1963,27.22158333333333
Ho Chi Minh City,1964,27.482749999999996
Ho Chi Minh City,1965,27.37183333333333
Ho Chi Minh City,1966,27.89491666666666
Ho Chi Minh City,1967,27.33566666666667
Ho Chi Minh City,1968,27.41158333333333
Ho Chi Minh City,1969,27.82250000000001
Ho Chi Minh City,1970,27.367416666666667
Ho Chi Minh City,1971,27.06658333333333
Ho Chi Minh City,1972,27.585000000000004
Ho Chi Minh City,1973,27.7735
Ho Chi Minh City,1974,27.424750000000003
Ho Chi Minh City,1975,27.43783333333333
Ho Chi Minh City,1976,27.273
Ho Chi Minh City,1977,27.407583333333335
Ho Chi Minh City,1978,27.462
Ho Chi Minh City,1979,27.590166666666665
Ho Chi Minh City,1980,27.5385
Ho Chi Minh City,1981,27.705833333333334
Ho Chi Minh City,1982,27.551499999999994
Ho Chi Minh City,1983,27.771166666666673
Ho Chi Minh City,1984,27.425583333333325
Ho Chi Minh City,1985,27.643333333333334
Ho Chi Minh City,1986,27.469166666666666
Ho Chi Minh City,1987,28.018833333333333
Ho Chi Minh City,1988,27.791916666666665
Ho Chi Minh City,1989,27.518666666666665
Ho Chi Minh City,1990,27.875
Ho Chi Minh City,1991,27.713416666666664
Ho Chi Minh City,1992,27.635500000000004
Ho Chi Minh City,1993,27.4975
Ho Chi Minh City,1994,27.604833333333332
Ho Chi Minh City,1995,27.649
Ho Chi Minh City,1996,27.432833333333335
Ho Chi Minh City,1997,27.80091666666667
Ho Chi Minh City,1998,28.39283333333334
Ho Chi Minh City,1999,27.453833333333332
Ho Chi Minh City,2000,27.588916666666663
Ho Chi Minh City,2001,27.83175
Ho Chi Minh City,2002,28.064750000000004
Ho Chi Minh City,2003,27.827666666666662
Ho Chi Minh City,2004,27.68658333333333
Ho Chi Minh City,2005,27.884
Ho Chi Minh City,2006,28.044
Ho Chi Minh City,2007,27.866666666666674
Ho Chi Minh City,2008,27.61141666666667
Ho Chi Minh City,2009,27.853333333333335
Ho Chi Minh City,2010,28.28175
Ho Chi Minh City,2011,27.675416666666667
Ho Chi Minh City,2012,28.248749999999998
Ho Chi Minh City,2013,28.455
Hyderabad,1796,26.532249999999994
Hyderabad,1797,27.482800000000005
Hyderabad,1798,26.197400000000005
Hyderabad,1799,26.843083333333336
Hyderabad,1800,26.876833333333334
Hyderabad,1801,26.0546
Hyderabad,1802,27.443083333333334
Hyderabad,1803,27.222916666666674
Hyderabad,1804,27.65358333333333
Hyderabad,1805,27.024583333333336
Hyderabad,1806,26.891916666666663
Hyderabad,1807,26.1476
Hyderabad,1813,26.246750000000002
Hyderabad,1814,25.653363636363633
Hyderabad,1815,25.801583333333337
Hyderabad,1816,25.379749999999998
Hyderabad,1817,25.614083333333337
Hyderabad,1818,25.82708333333333
Hyderabad,1819,25.778499999999998
Hyderabad,1820,25.881
Hyderabad,1821,26.454666666666668
Hyderabad,1822,26.425750000000004
Hyderabad,1823,26.647333333333332
Hyderabad,1824,27.10325
Hyderabad,1825,26.720499999999998
Hyderabad,1826,26.892833333333332
Hyderabad,1827,26.730249999999998
Hyderabad,1828,26.625583333333328
Hyderabad,1829,26.467166666666667
Hyderabad,1830,26.453
Hyderabad,1831,26.411916666666666
Hyderabad,1832,26.6269
Hyderabad,1833,26.499333333333336
Hyderabad,1834,26.55841666666667
Hyderabad,1835,25.79975
Hyderabad,1836,26.19175
Hyderabad,1837,26.241833333333336
Hyderabad,1838,26.334666666666667
Hyderabad,1839,26.343833333333325
Hyderabad,1840,26.436666666666667
Hyderabad,1841,26.116583333333335
Hyderabad,1842,26.26925
Hyderabad,1843,26.012666666666664
Hyderabad,1844,26.078166666666664
Hyderabad,1845,26.39125
Hyderabad,1846,26.820666666666668
Hyderabad,1847,26.313583333333337
Hyderabad,1848,26.324166666666667
Hyderabad,1849,26.26025
Hyderabad,1850,26.47375
Hyderabad,1851,26.452749999999998
Hyderabad,1852,26.402083333333337
Hyderabad,1853,26.701083333333333
Hyderabad,1854,26.79091666666667
Hyderabad,1855,26.81325
Hyderabad,1856,26.241583333333338
Hyderabad,1857,25.82166666666667
Hyderabad,1858,26.595249999999997
Hyderabad,1859,26.60475
Hyderabad,1860,26.41016666666667
Hyderabad,1861,26.263666666666666
Hyderabad,1862,24.376333333333335
Hyderabad,1865,26.95875
Hyderabad,1866,26.97466666666666
Hyderabad,1867,26.912666666666667
Hyderabad,1868,26.801333333333336
Hyderabad,1869,26.779416666666666
Hyderabad,1870,26.44666666666667
Hyderabad,1871,26.586583333333333
Hyderabad,1872,26.53933333333333
Hyderabad,1873,26.59608333333333
Hyderabad,1874,26.57108333333333
Hyderabad,1875,26.604833333333335
Hyderabad,1876,26.90258333333333
Hyderabad,1877,27.217833333333335
Hyderabad,1878,27.34058333333333
Hyderabad,1879,26.290583333333334
Hyderabad,1880,26.70741666666667
Hyderabad,1881,26.613500000000002
Hyderabad,1882,26.51625
Hyderabad,1883,26.277916666666666
Hyderabad,1884,26.1775
Hyderabad,1885,26.52916666666667
Hyderabad,1886,26.5055
Hyderabad,1887,26.276833333333332
Hyderabad,1888,26.81308333333334
Hyderabad,1889,26.891083333333338
Hyderabad,1890,26.687249999999995
Hyderabad,1891,27.004833333333334
Hyderabad,1892,26.786833333333334
Hyderabad,1893,25.89991666666667
Hyderabad,1894,26.753916666666665
Hyderabad,1895,26.632833333333334
Hyderabad,1896,27.438583333333337
Hyderabad,1897,27.60475
Hyderabad,1898,26.890083333333333
Hyderabad,1899,27.18991666666666
Hyderabad,1900,27.647333333333336
Hyderabad,1901,27.01025
Hyderabad,1902,27.38383333333334
Hyderabad,1903,26.727083333333336
Hyderabad,1904,26.675000000000008
Hyderabad,1905,26.91725
Hyderabad,1906,27.102666666666668
Hyderabad,1907,26.669166666666666
Hyderabad,1908,26.651333333333337
Hyderabad,1909,26.770416666666662
Hyderabad,1910,26.60575
Hyderabad,1911,27.0275
Hyderabad,1912,27.154166666666665
Hyderabad,1913,27.0305
Hyderabad,1914,26.748583333333332
Hyderabad,1915,27.007
Hyderabad,1916,26.65725
Hyderabad,1917,25.930416666666662
Hyderabad,1918,26.759
Hyderabad,1919,27.053083333333337
Hyderabad,1920,27.240166666666667
Hyderabad,1921,26.936999999999998
Hyderabad,1922,26.85166666666667
Hyderabad,1923,26.93075
Hyderabad,1924,27.133
Hyderabad,1925,26.564166666666665
Hyderabad,1926,27.12933333333333
Hyderabad,1927,27.24766666666667
Hyderabad,1928,27.18591666666666
Hyderabad,1929,27.20425
Hyderabad,1930,27.02658333333333
Hyderabad,1931,27.10775
Hyderabad,1932,26.662750000000003
Hyderabad,1933,26.358833333333337
Hyderabad,1934,26.7165
Hyderabad,1935,26.98075
Hyderabad,1936,27.093083333333336
Hyderabad,1937,26.852083333333336
Hyderabad,1938,26.677666666666667
Hyderabad,1939,26.854833333333335
Hyderabad,1940,26.71716666666667
Hyderabad,1941,27.740416666666665
Hyderabad,1942,27.189083333333333
Hyderabad,1943,26.530833333333334
Hyderabad,1944,26.845
Hyderabad,1945,26.701000000000004
Hyderabad,1946,26.92516666666667
Hyderabad,1947,27.066666666666666
Hyderabad,1948,27.25858333333333
Hyderabad,1949,26.858333333333334
Hyderabad,1950,26.87666666666667
Hyderabad,1951,27.101333333333333
Hyderabad,1952,27.276166666666665
Hyderabad,1953,27.441333333333333
Hyderabad,1954,27.029416666666666
Hyderabad,1955,26.80733333333333
Hyderabad,1956,26.792166666666663
Hyderabad,1957,27.241916666666665
Hyderabad,1958,27.553250000000002
Hyderabad,1959,27.377916666666664
Hyderabad,1960,27.311166666666665
Hyderabad,1961,27.04225
Hyderabad,1962,26.72666666666667
Hyderabad,1963,26.80666666666667
Hyderabad,1964,27.204166666666666
Hyderabad,1965,27.20675
Hyderabad,1966,27.462166666666672
Hyderabad,1967,27.013833333333334
Hyderabad,1968,26.89533333333333
Hyderabad,1969,27.34233333333334
Hyderabad,1970,26.841083333333334
Hyderabad,1971,26.71133333333333
Hyderabad,1972,27.676083333333334
Hyderabad,1973,27.632083333333338
Hyderabad,1974,27.014499999999998
Hyderabad,1975,26.72191666666667
Hyderabad,1976,27.121416666666672
Hyderabad,1977,27.320166666666665
Hyderabad,1978,27.013500000000004
Hyderabad,1979,27.669333333333338
Hyderabad,1980,27.695916666666673
Hyderabad,1981,27.10375
Hyderabad,1982,27.430666666666667
Hyderabad,1983,27.346833333333336
Hyderabad,1984,27.381
Hyderabad,1985,27.514916666666664
Hyderabad,1986,27.705833333333334
Hyderabad,1987,27.535583333333335
Hyderabad,1988,27.43891666666667
Hyderabad,1989,27.064166666666665
Hyderabad,1990,26.91266666666667
Hyderabad,1991,27.353499999999997
Hyderabad,1992,27.242500000000003
Hyderabad,1993,27.2375
Hyderabad,1994,27.068083333333334
Hyderabad,1995,27.241250000000004
Hyderabad,1996,27.366666666666664
Hyderabad,1997,27.47041666666667
Hyderabad,1998,27.871749999999995
Hyderabad,1999,27.23841666666667
Hyderabad,2000,27.23183333333333
Hyderabad,2001,27.55516666666667
Hyderabad,2002,27.665166666666664
Hyderabad,2003,27.844583333333336
Hyderabad,2004,27.2285
Hyderabad,2005,27.488833333333332
Hyderabad,2006,27.471
Hyderabad,2007,27.545333333333332
Hyderabad,2008,27.44666666666667
Hyderabad,2009,28.0265
Hyderabad,2010,27.693416666666668
Hyderabad,2011,27.408833333333334
Hyderabad,2012,28.01858333333333
Hyderabad,2013,28.85125
Ibadan,1856,26.9176
Ibadan,1857,24.972714285714286
Ibadan,1858,25.9305
Ibadan,1859,25.6613
Ibadan,1860,25.771818181818183
Ibadan,1861,25.816900000000004
Ibadan,1862,26.80925
Ibadan,1873,25.86975
Ibadan,1874,25.981090909090913
Ibadan,1875,25.604416666666665
Ibadan,1876,25.983777777777775
Ibadan,1877,26.149833333333333
Ibadan,1878,26.09741666666667
Ibadan,1879,25.514750000000003
Ibadan,1880,25.908333333333335
Ibadan,1881,26.186583333333335
Ibadan,1882,25.819666666666663
Ibadan,1883,26.20991666666667
Ibadan,1884,26.231499999999997
Ibadan,1885,26.146
Ibadan,1886,25.629499999999997
Ibadan,1887,24.929333333333332
Ibadan,1888,25.279666666666667
Ibadan,1889,25.107083333333332
Ibadan,1890,24.62783333333334
Ibadan,1891,25.11283333333333
Ibadan,1892,25.34208333333333
Ibadan,1893,25.461000000000002
Ibadan,1894,25.458416666666665
Ibadan,1895,25.739499999999996
Ibadan,1896,25.68891666666667
Ibadan,1897,26.146416666666667
Ibadan,1898,25.63175
Ibadan,1899,26.03883333333334
Ibadan,1900,26.18691666666666
Ibadan,1901,26.253500000000006
Ibadan,1902,25.892083333333336
Ibadan,1903,25.52033333333334
Ibadan,1904,25.227166666666662
Ibadan,1905,25.814000000000004
Ibadan,1906,26.01666666666667
Ibadan,1907,25.662833333333335
Ibadan,1908,25.88416666666667
Ibadan,1909,25.87141666666666
Ibadan,1910,26.127333333333336
Ibadan,1911,25.443583333333333
Ibadan,1912,25.549666666666667
Ibadan,1913,26.359166666666667
Ibadan,1914,26.610833333333332
Ibadan,1915,26.556750000000005
Ibadan,1916,26.25175
Ibadan,1917,26.672083333333337
Ibadan,1918,26.161333333333335
Ibadan,1919,26.671499999999998
Ibadan,1920,26.383083333333328
Ibadan,1921,26.57258333333333
Ibadan,1922,26.44391666666667
Ibadan,1923,26.497249999999998
Ibadan,1924,26.69583333333333
Ibadan,1925,26.45891666666667
Ibadan,1926,26.85258333333333
Ibadan,1927,26.75391666666667
Ibadan,1928,26.625583333333335
Ibadan,1929,26.130416666666665
Ibadan,1930,26.68816666666667
Ibadan,1931,26.802166666666665
Ibadan,1932,26.351250000000004
Ibadan,1933,26.642083333333336
Ibadan,1934,26.62275
Ibadan,1935,26.701333333333334
Ibadan,1936,26.509000000000004
Ibadan,1937,26.798333333333336
Ibadan,1938,26.680750000000003
Ibadan,1939,26.05583333333334
Ibadan,1940,26.664416666666668
Ibadan,1941,27.1805
Ibadan,1942,26.833750000000006
Ibadan,1943,26.388333333333335
Ibadan,1944,26.831333333333333
Ibadan,1945,26.88575
Ibadan,1946,26.49525
Ibadan,1947,26.768666666666665
Ibadan,1948,26.361500000000003
Ibadan,1949,26.726916666666668
Ibadan,1950,26.417416666666668
Ibadan,1951,26.63225
Ibadan,1952,26.461250000000003
Ibadan,1953,26.475166666666663
Ibadan,1954,26.13625
Ibadan,1955,26.19583333333333
Ibadan,1956,26.138
Ibadan,1957,26.40958333333334
Ibadan,1958,26.503666666666664
Ibadan,1959,26.514916666666668
Ibadan,1960,26.428250000000002
Ibadan,1961,26.255666666666666
Ibadan,1962,26.307999999999996
Ibadan,1963,26.764916666666664
Ibadan,1964,26.276916666666665
Ibadan,1965,26.335833333333337
Ibadan,1966,26.522999999999996
Ibadan,1967,26.175583333333336
Ibadan,1968,26.46841666666667
Ibadan,1969,26.68925
Ibadan,1970,26.702166666666667
Ibadan,1971,26.392166666666668
Ibadan,1972,26.54991666666667
Ibadan,1973,26.948083333333333
Ibadan,1974,26.14333333333333
Ibadan,1975,26.001166666666666
Ibadan,1976,26.236833333333337
Ibadan,1977,26.836250000000003
Ibadan,1978,26.501416666666668
Ibadan,1979,26.747250000000005
Ibadan,1980,26.62325
Ibadan,1981,26.59316666666666
Ibadan,1982,26.472333333333335
Ibadan,1983,26.833583333333333
Ibadan,1984,26.700666666666667
Ibadan,1985,26.578000000000003
Ibadan,1986,26.45341666666667
Ibadan,1987,27.3305
Ibadan,1988,26.744416666666666
Ibadan,1989,26.349249999999998
Ibadan,1990,26.879083333333337
Ibadan,1991,26.605416666666667
Ibadan,1992,26.49116666666667
Ibadan,1993,26.702749999999998
Ibadan,1994,26.596333333333334
Ibadan,1995,26.854916666666664
Ibadan,1996,26.77333333333333
Ibadan,1997,26.725750000000005
Ibadan,1998,27.357416666666666
Ibadan,1999,26.854166666666668
Ibadan,2000,26.75266666666667
Ibadan,2001,26.76125
Ibadan,2002,26.984750000000002
Ibadan,2003,27.149083333333333
Ibadan,2004,27.11408333333333
Ibadan,2005,27.273166666666665
Ibadan,2006,27.37925
Ibadan,2007,27.285249999999994
Ibadan,2008,27.06683333333333
Ibadan,2009,27.347916666666663
Ibadan,2010,27.55541666666667
Ibadan,2011,27.132333333333335
Ibadan,2012,26.99633333333333
Ibadan,2013,27.168999999999997
Istanbul,1777,14.3447
Istanbul,1778,13.962416666666668
Istanbul,1779,14.03775
Istanbul,1780,13.94825
Istanbul,1781,13.697916666666664
Istanbul,1782,13.09775
Istanbul,1783,13.306583333333336
Istanbul,1784,13.403166666666666
Istanbul,1785,12.567833333333333
Istanbul,1786,13.125166666666665
Istanbul,1787,13.606250000000001
Istanbul,1788,13.56241666666667
Istanbul,1789,13.735583333333333
Istanbul,1790,13.558416666666664
Istanbul,1791,14.086750000000002
Istanbul,1792,13.393416666666665
Istanbul,1793,13.273416666666664
Istanbul,1794,13.873416666666666
Istanbul,1795,13.656583333333332
Istanbul,1796,13.597416666666666
Istanbul,1797,14.254
Istanbul,1798,13.931000000000003
Istanbul,1799,13.289333333333337
Istanbul,1800,13.72775
Istanbul,1801,14.374249999999998
Istanbul,1802,14.481583333333331
Istanbul,1803,13.361916666666664
Istanbul,1804,13.686583333333333
Istanbul,1805,13.115416666666668
Istanbul,1806,13.879916666666668
Istanbul,1807,13.993666666666668
Istanbul,1808,12.749666666666664
Istanbul,1809,12.40175
Istanbul,1810,12.717500000000001
Istanbul,1811,12.950333333333333
Istanbul,1812,12.303083333333333
Istanbul,1813,12.615749999999998
Istanbul,1814,12.809333333333333
Istanbul,1815,12.542833333333332
Istanbul,1816,12.316083333333333
Istanbul,1817,12.741583333333333
Istanbul,1818,13.26325
Istanbul,1819,13.137166666666666
Istanbul,1820,12.998916666666666
Istanbul,1821,12.97475
Istanbul,1822,13.069416666666669
Istanbul,1823,13.437249999999999
Istanbul,1824,14.323916666666667
Istanbul,1825,13.079250000000002
Istanbul,1826,13.026583333333333
Istanbul,1827,14.092999999999998
Istanbul,1828,13.069583333333329
Istanbul,1829,12.652750000000003
Istanbul,1830,13.206083333333332
Istanbul,1831,12.844583333333334
Istanbul,1832,11.642333333333333
Istanbul,1833,13.053666666666667
Istanbul,1834,13.15225
Istanbul,1835,12.560416666666667
Istanbul,1836,13.185249999999998
Istanbul,1837,12.460166666666668
Istanbul,1838,12.276166666666667
Istanbul,1839,12.765166666666667
Istanbul,1840,12.301583333333332
Istanbul,1841,13.696666666666665
Istanbul,1842,12.9355
Istanbul,1843,13.218666666666666
Istanbul,1844,12.775166666666669
Istanbul,1845,13.484249999999998
Istanbul,1846,13.979500000000002
Istanbul,1847,13.572666666666668
Istanbul,1848,13.704
Istanbul,1849,13.092916666666667
Istanbul,1850,12.740499999999999
Istanbul,1851,13.765749999999999
Istanbul,1852,13.294749999999999
Istanbul,1853,14.339416666666667
Istanbul,1854,13.0345
Istanbul,1855,13.357833333333334
Istanbul,1856,12.948500000000001
Istanbul,1857,12.235416666666666
Istanbul,1858,12.718499999999999
Istanbul,1859,13.501833333333332
Istanbul,1860,13.894083333333334
Istanbul,1861,12.570749999999999
Istanbul,1862,12.939833333333333
Istanbul,1863,13.473583333333332
Istanbul,1864,12.869583333333333
Istanbul,1865,13.047833333333335
Istanbul,1866,13.11683333333333
Istanbul,1867,12.808583333333333
Istanbul,1868,13.142583333333333
Istanbul,1869,13.566083333333333
Istanbul,1870,13.158916666666668
Istanbul,1871,13.157416666666665
Istanbul,1872,14.406333333333334
Istanbul,1873,14.028749999999997
Istanbul,1874,13.389833333333334
Istanbul,1875,12.369583333333333
Istanbul,1876,13.601583333333332
Istanbul,1877,13.569166666666666
Istanbul,1878,13.989249999999998
Istanbul,1879,14.074166666666665
Istanbul,1880,12.485833333333334
Istanbul,1881,12.73516666666667
Istanbul,1882,13.253166666666665
Istanbul,1883,13.317416666666666
Istanbul,1884,12.773750000000001
Istanbul,1885,13.73825
Istanbul,1886,13.669999999999996
Istanbul,1887,13.691333333333333
Istanbul,1888,12.801499999999999
Istanbul,1889,13.196333333333333
Istanbul,1890,13.245416666666664
Istanbul,1891,13.104666666666667
Istanbul,1892,13.949583333333335
Istanbul,1893,12.481416666666666
Istanbul,1894,12.77758333333333
Istanbul,1895,13.614833333333335
Istanbul,1896,13.204499999999998
Istanbul,1897,13.283083333333332
Istanbul,1898,13.538083333333333
Istanbul,1899,13.597916666666668
Istanbul,1900,14.056583333333334
Istanbul,1901,13.965749999999998
Istanbul,1902,13.257166666666665
Istanbul,1903,13.448083333333336
Istanbul,1904,13.170666666666664
Istanbul,1905,13.298499999999999
Istanbul,1906,13.408583333333333
Istanbul,1907,12.650833333333331
Istanbul,1908,12.733833333333331
Istanbul,1909,13.723333333333331
Istanbul,1910,13.657833333333334
Istanbul,1911,12.860583333333333
Istanbul,1912,13.177583333333333
Istanbul,1913,12.944750000000004
Istanbul,1914,13.033416666666666
Istanbul,1915,13.997499999999997
Istanbul,1916,14.53108333333333
Istanbul,1917,13.811250000000001
Istanbul,1918,13.8215
Istanbul,1919,13.85758333333333
Istanbul,1920,12.7445
Istanbul,1921,12.952583333333335
Istanbul,1922,13.762416666666667
Istanbul,1923,14.457499999999998
Istanbul,1924,13.422416666666665
Istanbul,1925,13.914833333333336
Istanbul,1926,14.03266666666667
Istanbul,1927,14.285166666666669
Istanbul,1928,13.373999999999997
Istanbul,1929,13.287083333333335
Istanbul,1930,14.364166666666664
Istanbul,1931,13.65775
Istanbul,1932,13.835583333333332
Istanbul,1933,12.683666666666667
Istanbul,1934,14.201583333333332
Istanbul,1935,13.93891666666667
Istanbul,1936,14.22225
Istanbul,1937,14.785166666666667
Istanbul,1938,13.786499999999998
Istanbul,1939,14.225500000000002
Istanbul,1940,13.403083333333333
Istanbul,1941,13.318833333333332
Istanbul,1942,12.96883333333333
Istanbul,1943,13.163666666666666
Istanbul,1944,13.80358333333333
Istanbul,1945,13.319833333333333
Istanbul,1946,14.213
Istanbul,1947,14.313999999999998
Istanbul,1948,13.087166666666667
Istanbul,1949,12.77525
Istanbul,1950,13.826416666666665
Istanbul,1951,14.233500000000001
Istanbul,1952,14.642916666666666
Istanbul,1953,13.026000000000002
Istanbul,1954,13.625083333333334
Istanbul,1955,14.565916666666666
Istanbul,1956,12.953916666666666
Istanbul,1957,14.088083333333335
Istanbul,1958,14.244166666666667
Istanbul,1959,13.030250000000002
Istanbul,1960,14.300916666666668
Istanbul,1961,14.042666666666669
Istanbul,1962,14.649749999999997
Istanbul,1963,14.069083333333332
Istanbul,1964,13.121749999999999
Istanbul,1965,13.481416666666668
Istanbul,1966,15.223583333333332
Istanbul,1967,13.466083333333332
Istanbul,1968,13.706666666666669
Istanbul,1969,13.787666666666667
Istanbul,1970,14.274083333333335
Istanbul,1971,13.768833333333331
Istanbul,1972,13.484
Istanbul,1973,13.310749999999999
Istanbul,1974,13.372833333333334
Istanbul,1975,13.946666666666667
Istanbul,1976,12.853666666666667
Istanbul,1977,13.941
Istanbul,1978,13.7055
Istanbul,1979,14.373
Istanbul,1980,13.510583333333336
Istanbul,1981,13.988499999999997
Istanbul,1982,13.455166666666665
Istanbul,1983,13.612166666666667
Istanbul,1984,13.69925
Istanbul,1985,13.47275
Istanbul,1986,13.789833333333334
Istanbul,1987,13.190750000000001
Istanbul,1988,13.662916666666668
Istanbul,1989,13.90475
Istanbul,1990,14.008916666666664
Istanbul,1991,13.207833333333333
Istanbul,1992,13.011416666666667
Istanbul,1993,13.322833333333334
Istanbul,1994,14.880333333333331
Istanbul,1995,14.142333333333331
Istanbul,1996,13.771666666666667
Istanbul,1997,13.162416666666665
Istanbul,1998,14.480500000000001
Istanbul,1999,15.003166666666665
Istanbul,2000,14.29158333333333
Istanbul,2001,15.106999999999998
Istanbul,2002,14.505666666666668
Istanbul,2003,13.905666666666667
Istanbul,2004,14.234916666666665
Istanbul,2005,14.229583333333332
Istanbul,2006,14.110833333333334
Istanbul,2007,14.978500000000002
Istanbul,2008,14.908416666666666
Istanbul,2009,14.9495
Istanbul,2010,15.600416666666666
Istanbul,2011,13.653833333333333
Istanbul,2012,14.972583333333333
Istanbul,2013,16.015874999999998
Izmir,1777,17.867600000000003
Izmir,1778,17.660083333333333
Izmir,1779,17.689
Izmir,1780,17.81441666666667
Izmir,1781,17.427666666666664
Izmir,1782,16.880583333333334
Izmir,1783,17.015249999999998
Izmir,1784,17.12991666666667
Izmir,1785,16.47658333333333
Izmir,1786,16.975
Izmir,1787,17.344416666666664
Izmir,1788,17.472749999999998
Izmir,1789,17.350083333333334
Izmir,1790,17.32725
Izmir,1791,17.733833333333333
Izmir,1792,17.1665
Izmir,1793,16.907583333333335
Izmir,1794,17.457083333333333
Izmir,1795,17.378916666666665
Izmir,1796,17.373250000000002
Izmir,1797,17.787000000000003
Izmir,1798,17.621833333333335
Izmir,1799,17.287833333333335
Izmir,1800,17.5645
Izmir,1801,18.026999999999997
Izmir,1802,18.142083333333336
Izmir,1803,17.270916666666665
Izmir,1804,17.55033333333333
Izmir,1805,16.920333333333335
Izmir,1806,17.54075
Izmir,1807,17.65341666666667
Izmir,1808,16.497083333333332
Izmir,1809,16.265333333333334
Izmir,1810,16.536749999999998
Izmir,1811,16.729833333333332
Izmir,1812,16.100416666666664
Izmir,1813,16.40875
Izmir,1814,16.445583333333335
Izmir,1815,16.386083333333335
Izmir,1816,15.999
Izmir,1817,16.384249999999998
Izmir,1818,16.948249999999998
Izmir,1819,16.770666666666667
Izmir,1820,16.87425
Izmir,1821,16.68533333333333
Izmir,1822,16.983333333333334
Izmir,1823,16.994583333333335
Izmir,1824,17.721500000000002
Izmir,1825,16.88358333333333
Izmir,1826,16.759666666666668
Izmir,1827,17.663749999999997
Izmir,1828,17.024333333333335
Izmir,1829,16.63416666666667
Izmir,1830,17.108416666666667
Izmir,1831,16.681916666666666
Izmir,1832,15.884749999999999
Izmir,1833,16.84508333333333
Izmir,1834,16.9115
Izmir,1835,16.25158333333333
Izmir,1836,16.825000000000003
Izmir,1837,16.14725
Izmir,1838,16.240333333333332
Izmir,1839,16.613083333333336
Izmir,1840,16.4005
Izmir,1841,17.4415
Izmir,1842,16.704583333333332
Izmir,1843,17.021583333333332
Izmir,1844,16.690166666666666
Izmir,1845,17.17125
Izmir,1846,17.833499999999997
Izmir,1847,17.075083333333335
Izmir,1848,17.26325
Izmir,1849,16.893666666666668
Izmir,1850,16.360416666666666
Izmir,1851,17.151416666666666
Izmir,1852,17.208166666666664
Izmir,1853,17.844750000000005
Izmir,1854,16.635166666666667
Izmir,1855,17.050416666666667
Izmir,1856,16.630583333333334
Izmir,1857,16.36941666666667
Izmir,1858,16.52725
Izmir,1859,17.064666666666668
Izmir,1860,17.748250000000002
Izmir,1861,17.00525
Izmir,1862,17.25966666666667
Izmir,1863,17.41841666666667
Izmir,1864,16.8805
Izmir,1865,17.221666666666668
Izmir,1866,17.451583333333332
Izmir,1867,17.023083333333336
Izmir,1868,17.230083333333337
Izmir,1869,17.41658333333333
Izmir,1870,17.147916666666667
Izmir,1871,17.051416666666665
Izmir,1872,17.919
Izmir,1873,17.511166666666664
Izmir,1874,16.90983333333333
Izmir,1875,16.132166666666667
Izmir,1876,17.38158333333333
Izmir,1877,17.22566666666667
Izmir,1878,17.506583333333335
Izmir,1879,17.582833333333337
Izmir,1880,16.627583333333334
Izmir,1881,16.849166666666665
Izmir,1882,16.490333333333336
Izmir,1883,16.80891666666667
Izmir,1884,16.59691666666667
Izmir,1885,17.347083333333334
Izmir,1886,17.259166666666665
Izmir,1887,17.42616666666667
Izmir,1888,16.74225
Izmir,1889,17.163833333333333
Izmir,1890,17.13416666666667
Izmir,1891,16.891583333333333
Izmir,1892,17.586000000000002
Izmir,1893,16.409583333333334
Izmir,1894,16.85533333333333
Izmir,1895,17.26625
Izmir,1896,16.98225
Izmir,1897,16.7925
Izmir,1898,17.38575
Izmir,1899,17.303166666666673
Izmir,1900,17.618750000000002
Izmir,1901,17.531166666666667
Izmir,1902,17.27025
Izmir,1903,16.921583333333334
Izmir,1904,16.988333333333333
Izmir,1905,16.99325
Izmir,1906,17.013
Izmir,1907,16.479833333333332
Izmir,1908,16.38083333333333
Izmir,1909,17.377166666666668
Izmir,1910,17.201583333333332
Izmir,1911,16.753666666666668
Izmir,1912,17.1225
Izmir,1913,16.75883333333333
Izmir,1914,16.638
Izmir,1915,17.58383333333333
Izmir,1916,18.18575
Izmir,1917,17.527583333333332
Izmir,1918,17.47875
Izmir,1919,17.3195
Izmir,1920,16.661999999999995
Izmir,1921,16.816666666666666
Izmir,1922,17.675666666666668
Izmir,1923,17.891916666666663
Izmir,1924,17.533083333333334
Izmir,1925,17.575333333333333
Izmir,1926,17.805500000000002
Izmir,1927,18.289166666666663
Izmir,1928,17.55391666666667
Izmir,1929,17.084666666666667
Izmir,1930,17.874166666666664
Izmir,1931,17.450416666666666
Izmir,1932,17.508750000000003
Izmir,1933,16.475416666666668
Izmir,1934,17.808083333333336
Izmir,1935,17.988583333333334
Izmir,1936,17.687416666666664
Izmir,1937,18.33975
Izmir,1938,17.468583333333335
Izmir,1939,17.937250000000002
Izmir,1940,17.14091666666667
Izmir,1941,17.351833333333335
Izmir,1942,17.283583333333336
Izmir,1943,17.452916666666667
Izmir,1944,17.350916666666667
Izmir,1945,17.401583333333335
Izmir,1946,18.132416666666668
Izmir,1947,18.306083333333337
Izmir,1948,16.977999999999998
Izmir,1949,16.70375
Izmir,1950,17.781166666666664
Izmir,1951,18.065
Izmir,1952,18.593166666666665
Izmir,1953,16.879583333333333
Izmir,1954,17.34575
Izmir,1955,18.206333333333333
Izmir,1956,17.033416666666664
Izmir,1957,17.569333333333336
Izmir,1958,17.836583333333333
Izmir,1959,16.83008333333333
Izmir,1960,18.128249999999998
Izmir,1961,17.620833333333334
Izmir,1962,18.156666666666666
Izmir,1963,17.947000000000003
Izmir,1964,17.044249999999998
Izmir,1965,17.124916666666667
Izmir,1966,18.266166666666667
Izmir,1967,17.125249999999998
Izmir,1968,17.57108333333333
Izmir,1969,17.459666666666664
Izmir,1970,17.699333333333335
Izmir,1971,17.219083333333334
Izmir,1972,17.181583333333332
Izmir,1973,17.31175
Izmir,1974,17.181833333333334
Izmir,1975,17.300916666666666
Izmir,1976,16.651333333333334
Izmir,1977,17.58233333333333
Izmir,1978,17.38716666666667
Izmir,1979,17.776333333333334
Izmir,1980,17.179916666666667
Izmir,1981,17.635083333333334
Izmir,1982,17.049833333333336
Izmir,1983,16.982083333333332
Izmir,1984,17.439833333333333
Izmir,1985,17.705583333333337
Izmir,1986,17.78
Izmir,1987,17.232166666666668
Izmir,1988,17.555583333333335
Izmir,1989,17.44366666666666
Izmir,1990,17.943416666666664
Izmir,1991,17.040000000000003
Izmir,1992,16.910916666666665
Izmir,1993,17.38775
Izmir,1994,18.350166666666667
Izmir,1995,17.639166666666668
Izmir,1996,17.49333333333333
Izmir,1997,17.195916666666665
Izmir,1998,18.076916666666666
Izmir,1999,18.740999999999996
Izmir,2000,17.96941666666667
Izmir,2001,18.629083333333334
Izmir,2002,18.1785
Izmir,2003,17.80616666666667
Izmir,2004,17.965
Izmir,2005,17.78425
Izmir,2006,17.707333333333334
Izmir,2007,18.59525
Izmir,2008,18.47158333333333
Izmir,2009,18.409083333333335
Izmir,2010,19.270749999999996
Izmir,2011,17.5975
Izmir,2012,18.53725
Izmir,2013,19.213875
Jaipur,1796,25.24791666666667
Jaipur,1797,26.769600000000004
Jaipur,1798,24.462
Jaipur,1799,25.505916666666664
Jaipur,1800,25.437083333333334
Jaipur,1801,24.3835
Jaipur,1802,25.868416666666665
Jaipur,1803,25.62125
Jaipur,1804,25.930916666666672
Jaipur,1805,25.5355
Jaipur,1806,25.450916666666668
Jaipur,1807,25.090700000000002
Jaipur,1813,24.79191666666667
Jaipur,1814,23.948363636363638
Jaipur,1815,24.320000000000004
Jaipur,1816,23.913666666666668
Jaipur,1817,24.09475
Jaipur,1818,24.621666666666666
Jaipur,1819,24.171500000000005
Jaipur,1820,24.36641666666667
Jaipur,1821,25.04325
Jaipur,1822,25.13116666666667
Jaipur,1823,24.880583333333334
Jaipur,1824,25.53516666666667
Jaipur,1825,25.339500000000005
Jaipur,1826,25.354250000000004
Jaipur,1827,25.565166666666666
Jaipur,1828,25.13333333333333
Jaipur,1829,24.943416666666668
Jaipur,1830,25.278333333333332
Jaipur,1831,24.678583333333336
Jaipur,1832,24.8399
Jaipur,1833,25.069666666666667
Jaipur,1834,25.0655
Jaipur,1835,24.170333333333332
Jaipur,1836,24.755750000000006
Jaipur,1837,24.643083333333333
Jaipur,1838,24.634833333333336
Jaipur,1839,24.73866666666667
Jaipur,1840,24.918250000000004
Jaipur,1841,24.693250000000003
Jaipur,1842,25.00016666666667
Jaipur,1843,24.931833333333334
Jaipur,1844,24.596333333333334
Jaipur,1845,24.843833333333336
Jaipur,1846,25.420749999999998
Jaipur,1847,24.891416666666668
Jaipur,1848,24.741666666666664
Jaipur,1849,24.746166666666667
Jaipur,1850,24.98875
Jaipur,1851,24.99308333333333
Jaipur,1852,24.919500000000003
Jaipur,1853,25.11933333333334
Jaipur,1854,25.24983333333333
Jaipur,1855,25.410272727272726
Jaipur,1856,24.062
Jaipur,1857,24.52466666666666
Jaipur,1869,24.2488
Jaipur,1870,25.110250000000004
Jaipur,1871,25.099666666666664
Jaipur,1872,25.13716666666667
Jaipur,1873,25.257999999999996
Jaipur,1874,24.463818181818183
Jaipur,1875,25.559250000000002
Jaipur,1876,25.161250000000006
Jaipur,1877,25.378250000000005
Jaipur,1878,25.716166666666666
Jaipur,1879,25.03783333333334
Jaipur,1880,25.499416666666665
Jaipur,1881,25.273833333333332
Jaipur,1882,25.072083333333328
Jaipur,1883,24.796249999999997
Jaipur,1884,24.7045
Jaipur,1885,24.530833333333334
Jaipur,1886,25.244666666666664
Jaipur,1887,25.046166666666664
Jaipur,1888,24.989833333333333
Jaipur,1889,25.310166666666664
Jaipur,1890,25.405916666666666
Jaipur,1891,25.062083333333334
Jaipur,1892,25.645666666666667
Jaipur,1893,24.052166666666665
Jaipur,1894,24.854166666666668
Jaipur,1895,25.469250000000006
Jaipur,1896,25.93433333333333
Jaipur,1897,25.455916666666667
Jaipur,1898,25.84441666666666
Jaipur,1899,26.30791666666667
Jaipur,1900,25.819000000000003
Jaipur,1901,25.887083333333326
Jaipur,1902,26.102083333333336
Jaipur,1903,25.24133333333333
Jaipur,1904,25.376166666666663
Jaipur,1905,25.44475
Jaipur,1906,25.454333333333338
Jaipur,1907,25.330083333333334
Jaipur,1908,25.083666666666662
Jaipur,1909,24.750416666666666
Jaipur,1910,24.86758333333333
Jaipur,1911,25.77125
Jaipur,1912,25.598083333333335
Jaipur,1913,25.340083333333336
Jaipur,1914,25.53833333333333
Jaipur,1915,26.324750000000005
Jaipur,1916,25.201583333333335
Jaipur,1917,24.004333333333335
Jaipur,1918,25.507499999999997
Jaipur,1919,25.1035
Jaipur,1920,25.121333333333336
Jaipur,1921,26.34833333333334
Jaipur,1922,25.446166666666674
Jaipur,1923,25.452916666666663
Jaipur,1924,25.115750000000006
Jaipur,1925,25.270999999999997
Jaipur,1926,25.049250000000004
Jaipur,1927,24.799666666666667
Jaipur,1928,25.746749999999995
Jaipur,1929,25.498250000000002
Jaipur,1930,25.356583333333337
Jaipur,1931,25.697000000000003
Jaipur,1932,25.840999999999998
Jaipur,1933,24.735
Jaipur,1934,25.110333333333333
Jaipur,1935,24.85541666666666
Jaipur,1936,25.162916666666664
Jaipur,1937,25.154
Jaipur,1938,25.6855
Jaipur,1939,25.68025
Jaipur,1940,25.388166666666667
Jaipur,1941,26.496750000000002
Jaipur,1942,25.497999999999994
Jaipur,1943,25.411500000000004
Jaipur,1944,25.194083333333335
Jaipur,1945,24.796000000000003
Jaipur,1946,25.75966666666667
Jaipur,1947,25.879
Jaipur,1948,25.7795
Jaipur,1949,26.007000000000005
Jaipur,1950,24.79325
Jaipur,1951,25.866
Jaipur,1952,26.0545
Jaipur,1953,26.295833333333338
Jaipur,1954,25.888333333333332
Jaipur,1955,25.39016666666667
Jaipur,1956,25.267583333333334
Jaipur,1957,25.155916666666666
Jaipur,1958,26.183083333333332
Jaipur,1959,25.578833333333336
Jaipur,1960,25.687416666666667
Jaipur,1961,25.005333333333336
Jaipur,1962,25.3635
Jaipur,1963,25.985583333333334
Jaipur,1964,25.42691666666667
Jaipur,1965,25.720583333333337
Jaipur,1966,25.776333333333337
Jaipur,1967,25.107416666666666
Jaipur,1968,25.346833333333336
Jaipur,1969,26.157083333333333
Jaipur,1970,25.596500000000002
Jaipur,1971,25.092583333333334
Jaipur,1972,25.574083333333334
Jaipur,1973,25.65191666666666
Jaipur,1974,25.754333333333335
Jaipur,1975,25.07983333333333
Jaipur,1976,25.58216666666667
Jaipur,1977,25.59633333333333
Jaipur,1978,25.48066666666666
Jaipur,1979,25.89866666666666
Jaipur,1980,26.309916666666666
Jaipur,1981,26.075666666666667
Jaipur,1982,25.464666666666663
Jaipur,1983,24.987833333333338
Jaipur,1984,25.61758333333333
Jaipur,1985,26.09125
Jaipur,1986,25.603166666666667
Jaipur,1987,26.727083333333336
Jaipur,1988,26.498416666666667
Jaipur,1989,25.75966666666667
Jaipur,1990,25.770750000000003
Jaipur,1991,25.987750000000002
Jaipur,1992,25.731083333333334
Jaipur,1993,26.31516666666666
Jaipur,1994,25.919583333333335
Jaipur,1995,26.127
Jaipur,1996,25.788749999999997
Jaipur,1997,24.831416666666666
Jaipur,1998,26.26608333333333
Jaipur,1999,26.41875
Jaipur,2000,26.43025
Jaipur,2001,26.023000000000007
Jaipur,2002,27.03166666666667
Jaipur,2003,26.02741666666667
Jaipur,2004,26.642166666666665
Jaipur,2005,25.77225
Jaipur,2006,26.429833333333338
Jaipur,2007,26.266999999999996
Jaipur,2008,25.877583333333334
Jaipur,2009,26.9195
Jaipur,2010,26.818416666666668
Jaipur,2011,25.916500000000003
Jaipur,2012,25.884500000000003
Jaipur,2013,26.844125000000002
Jakarta,1825,26.379499999999997
Jakarta,1839,25.610999999999997
Jakarta,1840,25.611500000000003
Jakarta,1841,25.206
Jakarta,1850,25.90966666666667
Jakarta,1851,26.0535
Jakarta,1852,25.936166666666665
Jakarta,1853,26.083444444444442
Jakarta,1854,25.95
Jakarta,1855,26.079250000000002
Jakarta,1856,26.060583333333327
Jakarta,1866,25.961083333333335
Jakarta,1867,25.88275
Jakarta,1868,26.19783333333333
Jakarta,1869,26.050666666666668
Jakarta,1870,25.72683333333333
Jakarta,1871,25.71833333333333
Jakarta,1872,25.835083333333333
Jakarta,1873,25.936333333333334
Jakarta,1874,25.800916666666662
Jakarta,1875,25.81475
Jakarta,1876,25.920666666666666
Jakarta,1877,26.192916666666665
Jakarta,1878,26.684333333333328
Jakarta,1879,25.868916666666667
Jakarta,1880,25.717666666666663
Jakarta,1881,26.240583333333333
Jakarta,1882,25.827583333333333
Jakarta,1883,25.951499999999996
Jakarta,1884,25.811833333333336
Jakarta,1885,25.977999999999998
Jakarta,1886,26.136416666666666
Jakarta,1887,25.660500000000003
Jakarta,1888,26.09991666666666
Jakarta,1889,26.439333333333334
Jakarta,1890,25.805916666666665
Jakarta,1891,26.1315
Jakarta,1892,26.018583333333336
Jakarta,1893,25.761749999999996
Jakarta,1894,25.85925
Jakarta,1895,26.024916666666666
Jakarta,1896,26.355999999999998
Jakarta,1897,26.4815
Jakarta,1898,26.15383333333334
Jakarta,1899,26.03566666666667
Jakarta,1900,26.385833333333327
Jakarta,1901,26.137083333333333
Jakarta,1902,26.158583333333336
Jakarta,1903,26.204833333333337
Jakarta,1904,25.81325
Jakarta,1905,26.441000000000003
Jakarta,1906,26.35366666666667
Jakarta,1907,26.146666666666665
Jakarta,1908,26.196166666666667
Jakarta,1909,26.193250000000003
Jakarta,1910,26.179
Jakarta,1911,26.2435
Jakarta,1912,26.50766666666667
Jakarta,1913,26.269250000000003
Jakarta,1914,26.451333333333327
Jakarta,1915,26.520166666666665
Jakarta,1916,26.120000000000005
Jakarta,1917,25.9455
Jakarta,1918,25.953249999999997
Jakarta,1919,26.305916666666665
Jakarta,1920,26.08000000000001
Jakarta,1921,26.18433333333333
Jakarta,1922,26.185000000000002
Jakarta,1923,26.17025
Jakarta,1924,26.362
Jakarta,1925,26.32133333333333
Jakarta,1926,26.645416666666666
Jakarta,1927,26.347666666666665
Jakarta,1928,26.535666666666668
Jakarta,1929,26.18883333333333
Jakarta,1930,26.450083333333335
Jakarta,1931,26.7265
Jakarta,1932,26.497333333333334
Jakarta,1933,26.387416666666667
Jakarta,1934,26.26725
Jakarta,1935,26.484916666666667
Jakarta,1936,26.537166666666668
Jakarta,1937,26.630416666666665
Jakarta,1938,26.562583333333333
Jakarta,1939,26.4515
Jakarta,1940,26.667999999999996
Jakarta,1941,26.982749999999996
Jakarta,1942,26.8165
Jakarta,1943,26.347166666666666
Jakarta,1944,26.684583333333336
Jakarta,1945,26.623500000000003
Jakarta,1946,26.860416666666666
Jakarta,1947,26.869833333333336
Jakarta,1948,26.846083333333336
Jakarta,1949,26.60908333333333
Jakarta,1950,26.504666666666665
Jakarta,1951,26.748833333333337
Jakarta,1952,26.74925
Jakarta,1953,26.882333333333335
Jakarta,1954,26.674333333333326
Jakarta,1955,26.415499999999998
Jakarta,1956,26.584750000000003
Jakarta,1957,26.916833333333333
Jakarta,1958,26.915000000000003
Jakarta,1959,26.970583333333334
Jakarta,1960,26.90883333333333
Jakarta,1961,26.67741666666667
Jakarta,1962,26.539666666666665
Jakarta,1963,26.64016666666667
Jakarta,1964,26.67375
Jakarta,1965,26.618166666666667
Jakarta,1966,26.817499999999995
Jakarta,1967,26.77025
Jakarta,1968,26.632166666666667
Jakarta,1969,26.96658333333333
Jakarta,1970,26.678416666666667
Jakarta,1971,26.649333333333335
Jakarta,1972,26.946166666666667
Jakarta,1973,26.93766666666666
Jakarta,1974,26.536916666666666
Jakarta,1975,26.676000000000002
Jakarta,1976,26.70425
Jakarta,1977,26.833583333333337
Jakarta,1978,26.772833333333335
Jakarta,1979,26.821666666666662
Jakarta,1980,26.791166666666665
Jakarta,1981,26.761916666666664
Jakarta,1982,26.911166666666663
Jakarta,1983,27.105833333333337
Jakarta,1984,26.448916666666662
Jakarta,1985,26.855500000000003
Jakarta,1986,26.7
Jakarta,1987,27.193250000000003
Jakarta,1988,27.011916666666664
Jakarta,1989,26.888
Jakarta,1990,27.052916666666675
Jakarta,1991,27.03616666666667
Jakarta,1992,26.956333333333333
Jakarta,1993,27.042416666666668
Jakarta,1994,27.123666666666665
Jakarta,1995,27.14616666666667
Jakarta,1996,27.069000000000003
Jakarta,1997,27.368750000000002
Jakarta,1998,27.584499999999995
Jakarta,1999,27.01291666666666
Jakarta,2000,27.198000000000004
Jakarta,2001,27.13233333333333
Jakarta,2002,27.400166666666667
Jakarta,2003,27.51766666666666
Jakarta,2004,27.423416666666665
Jakarta,2005,27.220499999999998
Jakarta,2006,27.3875
Jakarta,2007,27.207000000000008
Jakarta,2008,26.97283333333333
Jakarta,2009,27.31025
Jakarta,2010,27.24733333333334
Jakarta,2011,27.243166666666667
Jakarta,2012,27.36266666666667
Jakarta,2013,27.373125
Jiddah,1843,27.143636363636357
Jiddah,1844,23.8275
Jiddah,1845,24.712
Jiddah,1861,26.251999999999995
Jiddah,1862,26.14358333333333
Jiddah,1863,25.50322222222222
Jiddah,1864,27.498833333333337
Jiddah,1865,27.652416666666664
Jiddah,1866,27.4965
Jiddah,1867,27.68383333333333
Jiddah,1868,27.300250000000005
Jiddah,1869,27.681083333333333
Jiddah,1870,27.388833333333334
Jiddah,1871,26.984166666666667
Jiddah,1872,27.238000000000003
Jiddah,1873,27.60591666666667
Jiddah,1874,27.340999999999994
Jiddah,1875,26.504250000000003
Jiddah,1876,27.151666666666667
Jiddah,1877,27.83566666666667
Jiddah,1878,27.964583333333334
Jiddah,1879,27.62308333333333
Jiddah,1880,27.502416666666665
Jiddah,1881,28.091583333333332
Jiddah,1882,27.096166666666672
Jiddah,1883,27.344583333333336
Jiddah,1884,26.992083333333337
Jiddah,1885,27.325000000000003
Jiddah,1886,27.057666666666663
Jiddah,1887,27.132833333333334
Jiddah,1888,27.199333333333332
Jiddah,1889,27.877916666666668
Jiddah,1890,27.885250000000003
Jiddah,1891,27.917333333333332
Jiddah,1892,27.393583333333336
Jiddah,1893,27.354833333333335
Jiddah,1894,26.998750000000005
Jiddah,1895,26.99775
Jiddah,1896,27.278000000000002
Jiddah,1897,27.28141666666666
Jiddah,1898,27.66175
Jiddah,1899,27.609083333333334
Jiddah,1900,27.502333333333336
Jiddah,1901,27.921833333333336
Jiddah,1902,27.426666666666662
Jiddah,1903,27.07641666666667
Jiddah,1904,27.41691666666667
Jiddah,1905,27.118916666666674
Jiddah,1906,27.287499999999994
Jiddah,1907,27.080583333333333
Jiddah,1908,27.302750000000003
Jiddah,1909,28.029166666666672
Jiddah,1910,27.122500000000002
Jiddah,1911,26.895166666666668
Jiddah,1912,26.99491666666667
Jiddah,1913,26.71341666666667
Jiddah,1914,27.403583333333334
Jiddah,1915,27.96875
Jiddah,1916,27.496499999999997
Jiddah,1917,27.28058333333333
Jiddah,1918,27.364166666666662
Jiddah,1919,28.132500000000004
Jiddah,1920,27.1575
Jiddah,1921,27.251000000000005
Jiddah,1922,27.70033333333333
Jiddah,1923,27.562749999999998
Jiddah,1924,27.99416666666667
Jiddah,1925,27.534583333333334
Jiddah,1926,27.485500000000002
Jiddah,1927,27.896000000000004
Jiddah,1928,28.167666666666666
Jiddah,1929,27.969916666666663
Jiddah,1930,27.78816666666667
Jiddah,1931,27.996583333333334
Jiddah,1932,27.558333333333326
Jiddah,1933,27.3395
Jiddah,1934,27.60733333333334
Jiddah,1935,27.901916666666665
Jiddah,1936,27.85608333333333
Jiddah,1937,27.72033333333333
Jiddah,1938,27.393
Jiddah,1939,27.87691666666667
Jiddah,1940,27.997416666666666
Jiddah,1941,28.1095
Jiddah,1942,28.17958333333333
Jiddah,1943,27.180999999999997
Jiddah,1944,27.862166666666663
Jiddah,1945,27.64616666666667
Jiddah,1946,27.678166666666666
Jiddah,1947,28.202749999999998
Jiddah,1948,27.0915
Jiddah,1949,27.058083333333332
Jiddah,1950,28.041999999999998
Jiddah,1951,27.930166666666665
Jiddah,1952,28.466333333333328
Jiddah,1953,28.277833333333334
Jiddah,1954,28.145583333333335
Jiddah,1955,27.770750000000007
Jiddah,1956,27.764916666666668
Jiddah,1957,27.665166666666664
Jiddah,1958,28.44333333333334
Jiddah,1959,27.42991666666667
Jiddah,1960,28.416
Jiddah,1961,27.630666666666666
Jiddah,1962,28.055333333333333
Jiddah,1963,28.19175
Jiddah,1964,27.33866666666667
Jiddah,1965,27.77858333333333
Jiddah,1966,28.136499999999998
Jiddah,1967,27.235500000000002
Jiddah,1968,27.477
Jiddah,1969,28.115250000000003
Jiddah,1970,27.978416666666664
Jiddah,1971,27.146333333333335
Jiddah,1972,27.651166666666665
Jiddah,1973,27.992916666666673
Jiddah,1974,27.4515
Jiddah,1975,27.388083333333338
Jiddah,1976,27.640250000000005
Jiddah,1977,27.812833333333334
Jiddah,1978,28.06358333333333
Jiddah,1979,28.60858333333333
Jiddah,1980,28.32241666666667
Jiddah,1981,28.160083333333333
Jiddah,1982,27.240416666666665
Jiddah,1983,27.259249999999998
Jiddah,1984,27.592416666666665
Jiddah,1985,27.76425
Jiddah,1986,27.8165
Jiddah,1987,28.249750000000002
Jiddah,1988,28.40641666666666
Jiddah,1989,27.657833333333333
Jiddah,1990,27.72933333333334
Jiddah,1991,27.969333333333335
Jiddah,1992,26.882833333333334
Jiddah,1993,28.073166666666662
Jiddah,1994,28.288
Jiddah,1995,28.26733333333333
Jiddah,1996,28.26866666666667
Jiddah,1997,27.815749999999998
Jiddah,1998,28.488500000000002
Jiddah,1999,28.717833333333335
Jiddah,2000,28.18466666666666
Jiddah,2001,28.56266666666667
Jiddah,2002,28.56533333333334
Jiddah,2003,28.78783333333334
Jiddah,2004,28.511
Jiddah,2005,28.528833333333335
Jiddah,2006,28.582916666666666
Jiddah,2007,28.543499999999998
Jiddah,2008,28.708999999999993
Jiddah,2009,28.738333333333333
Jiddah,2010,29.422083333333337
Jiddah,2011,28.479249999999993
Jiddah,2012,28.9945
Jiddah,2013,28.875875
Jinan,1840,12.508749999999997
Jinan,1841,11.668166666666666
Jinan,1842,12.541333333333334
Jinan,1843,12.656500000000001
Jinan,1844,12.653666666666666
Jinan,1845,12.62066666666667
Jinan,1846,13.100583333333333
Jinan,1847,13.0345
Jinan,1848,12.550500000000001
Jinan,1849,12.671
Jinan,1850,12.209083333333334
Jinan,1851,11.9565
Jinan,1852,12.128750000000002
Jinan,1853,12.493250000000002
Jinan,1854,12.918749999999998
Jinan,1855,12.97775
Jinan,1856,12.628333333333336
Jinan,1857,12.692833333333331
Jinan,1858,12.768500000000001
Jinan,1859,12.93766666666667
Jinan,1860,11.873833333333332
Jinan,1861,12.188416666666663
Jinan,1862,11.782416666666665
Jinan,1863,12.786416666666668
Jinan,1864,12.130916666666666
Jinan,1865,12.6455
Jinan,1866,12.726333333333335
Jinan,1867,13.162500000000001
Jinan,1868,12.917916666666665
Jinan,1869,13.319583333333334
Jinan,1870,12.846916666666667
Jinan,1871,13.020333333333333
Jinan,1872,12.893833333333333
Jinan,1873,12.905083333333332
Jinan,1874,12.924249999999999
Jinan,1875,12.832083333333335
Jinan,1876,13.212333333333333
Jinan,1877,12.513333333333335
Jinan,1878,12.61025
Jinan,1879,12.96175
Jinan,1880,12.374666666666668
Jinan,1881,12.682583333333332
Jinan,1882,12.881416666666667
Jinan,1883,12.49375
Jinan,1884,12.000916666666667
Jinan,1885,12.13375
Jinan,1886,12.40125
Jinan,1887,12.553916666666666
Jinan,1888,12.57575
Jinan,1889,12.316666666666665
Jinan,1890,13.2475
Jinan,1891,13.034500000000001
Jinan,1892,12.509
Jinan,1893,12.18875
Jinan,1894,13.367083333333333
Jinan,1895,12.17575
Jinan,1896,12.669166666666664
Jinan,1897,12.662583333333332
Jinan,1898,13.645000000000001
Jinan,1899,13.536416666666668
Jinan,1900,12.975083333333332
Jinan,1901,12.691833333333335
Jinan,1902,13.682749999999999
Jinan,1903,13.097166666666665
Jinan,1904,12.959250000000003
Jinan,1905,12.512333333333332
Jinan,1906,12.457250000000002
Jinan,1907,12.871666666666668
Jinan,1908,12.661916666666665
Jinan,1909,12.699583333333335
Jinan,1910,12.242583333333334
Jinan,1911,12.20575
Jinan,1912,12.422083333333333
Jinan,1913,12.4985
Jinan,1914,13.468666666666666
Jinan,1915,12.617666666666667
Jinan,1916,12.503333333333332
Jinan,1917,12.174
Jinan,1918,12.509833333333333
Jinan,1919,13.338583333333334
Jinan,1920,13.442833333333335
Jinan,1921,12.544166666666667
Jinan,1922,13.195083333333336
Jinan,1923,12.690833333333336
Jinan,1924,13.05166666666667
Jinan,1925,12.921166666666666
Jinan,1926,13.153
Jinan,1927,13.355583333333334
Jinan,1928,13.328499999999998
Jinan,1929,13.107916666666668
Jinan,1930,13.081916666666666
Jinan,1931,12.730083333333333
Jinan,1932,13.348083333333333
Jinan,1933,12.696250000000001
Jinan,1934,12.583833333333333
Jinan,1935,13.594500000000002
Jinan,1936,12.257333333333335
Jinan,1937,12.963000000000001
Jinan,1938,13.535333333333334
Jinan,1939,13.629166666666665
Jinan,1940,13.517916666666665
Jinan,1941,13.843499999999999
Jinan,1942,13.519083333333334
Jinan,1943,13.415166666666666
Jinan,1944,13.066249999999998
Jinan,1945,13.270916666666666
Jinan,1946,13.778750000000002
Jinan,1947,12.542499999999999
Jinan,1948,13.838666666666668
Jinan,1949,13.735000000000005
Jinan,1950,13.330166666666665
Jinan,1951,13.3375
Jinan,1952,13.015499999999998
Jinan,1953,13.691749999999999
Jinan,1954,12.718499999999999
Jinan,1955,13.506833333333335
Jinan,1956,12.318083333333334
Jinan,1957,12.517249999999997
Jinan,1958,13.305916666666667
Jinan,1959,13.714166666666669
Jinan,1960,13.632833333333332
Jinan,1961,14.142833333333336
Jinan,1962,13.32583333333333
Jinan,1963,13.013833333333332
Jinan,1964,12.841333333333333
Jinan,1965,13.56033333333333
Jinan,1966,13.614749999999999
Jinan,1967,13.175833333333332
Jinan,1968,13.500833333333333
Jinan,1969,12.269083333333334
Jinan,1970,12.929500000000003
Jinan,1971,13.000083333333334
Jinan,1972,12.885333333333334
Jinan,1973,13.437583333333334
Jinan,1974,12.991333333333335
Jinan,1975,13.712583333333333
Jinan,1976,12.72041666666667
Jinan,1977,13.718000000000002
Jinan,1978,13.898083333333332
Jinan,1979,13.474583333333333
Jinan,1980,12.829166666666667
Jinan,1981,13.384083333333331
Jinan,1982,13.730416666666665
Jinan,1983,13.81533333333333
Jinan,1984,12.697250000000002
Jinan,1985,12.822416666666669
Jinan,1986,13.24858333333333
Jinan,1987,13.662
Jinan,1988,13.524083333333332
Jinan,1989,13.871583333333332
Jinan,1990,13.881666666666668
Jinan,1991,13.362666666666668
Jinan,1992,13.516416666666666
Jinan,1993,13.35225
Jinan,1994,14.462916666666667
Jinan,1995,13.84191666666667
Jinan,1996,13.40825
Jinan,1997,14.207833333333333
Jinan,1998,14.678333333333333
Jinan,1999,14.452916666666667
Jinan,2000,14.065166666666668
Jinan,2001,14.094500000000002
Jinan,2002,14.613833333333332
Jinan,2003,13.566333333333333
Jinan,2004,14.365999999999998
Jinan,2005,13.828583333333336
Jinan,2006,14.726583333333336
Jinan,2007,14.644999999999998
Jinan,2008,13.975999999999999
Jinan,2009,14.201333333333332
Jinan,2010,13.766333333333334
Jinan,2011,13.603250000000003
Jinan,2012,13.724666666666666
Jinan,2013,15.430000000000001
Kabul,1838,18.504428571428573
Kabul,1840,13.695818181818185
Kabul,1841,14.166799999999999
Kabul,1842,15.374444444444444
Kabul,1843,14.071166666666663
Kabul,1844,13.40475
Kabul,1845,13.623750000000001
Kabul,1846,14.350166666666667
Kabul,1847,13.791500000000005
Kabul,1848,13.378166666666667
Kabul,1849,13.700916666666666
Kabul,1850,13.685083333333333
Kabul,1851,13.828916666666663
Kabul,1852,13.78325
Kabul,1853,13.730166666666667
Kabul,1854,13.994500000000002
Kabul,1855,14.226999999999999
Kabul,1856,13.801583333333332
Kabul,1857,13.39291666666667
Kabul,1858,14.001416666666671
Kabul,1859,14.240666666666671
Kabul,1860,13.619250000000001
Kabul,1861,13.63275
Kabul,1862,13.273166666666668
Kabul,1863,14.039666666666667
Kabul,1864,13.493833333333333
Kabul,1865,13.778416666666665
Kabul,1866,13.726749999999997
Kabul,1867,14.337000000000002
Kabul,1868,13.955083333333336
Kabul,1869,14.019250000000001
Kabul,1870,14.126249999999999
Kabul,1871,13.968583333333333
Kabul,1872,14.186166666666667
Kabul,1873,14.3005
Kabul,1874,14.221833333333334
Kabul,1875,14.510583333333335
Kabul,1876,13.79875
Kabul,1877,13.95991666666667
Kabul,1878,13.876416666666666
Kabul,1879,14.413583333333333
Kabul,1880,14.74433333333333
Kabul,1881,14.513
Kabul,1882,13.797666666666665
Kabul,1883,13.887749999999999
Kabul,1884,13.581083333333332
Kabul,1885,13.139583333333333
Kabul,1886,13.472250000000003
Kabul,1887,13.971083333333333
Kabul,1888,14.543999999999999
Kabul,1889,14.134083333333331
Kabul,1890,14.01016666666667
Kabul,1891,13.447333333333335
Kabul,1892,14.566416666666667
Kabul,1893,13.529833333333334
Kabul,1894,13.78625
Kabul,1895,14.287083333333335
Kabul,1896,14.573749999999999
Kabul,1897,13.692833333333335
Kabul,1898,13.885833333333336
Kabul,1899,14.690000000000003
Kabul,1900,14.111416666666665
Kabul,1901,14.11475
Kabul,1902,14.682916666666669
Kabul,1903,13.345
Kabul,1904,14.177749999999998
Kabul,1905,13.607666666666667
Kabul,1906,14.170166666666667
Kabul,1907,13.661416666666668
Kabul,1908,13.929499999999999
Kabul,1909,14.076333333333332
Kabul,1910,13.500416666666666
Kabul,1911,13.945999999999998
Kabul,1912,14.246333333333334
Kabul,1913,14.036666666666669
Kabul,1914,14.288166666666667
Kabul,1915,15.222500000000002
Kabul,1916,13.956000000000001
Kabul,1917,14.124333333333334
Kabul,1918,14.045249999999998
Kabul,1919,14.105666666666666
Kabul,1920,13.550666666666666
Kabul,1921,14.796166666666666
Kabul,1922,14.473999999999998
Kabul,1923,13.741166666666667
Kabul,1924,13.828750000000001
Kabul,1925,14.074166666666665
Kabul,1926,13.913833333333336
Kabul,1927,14.070333333333332
Kabul,1928,14.032583333333333
Kabul,1929,13.882666666666667
Kabul,1930,13.719083333333336
Kabul,1931,13.887166666666667
Kabul,1932,14.420250000000001
Kabul,1933,14.114249999999998
Kabul,1934,13.891583333333335
Kabul,1935,13.46458333333333
Kabul,1936,14.391499999999999
Kabul,1937,14.083916666666667
Kabul,1938,14.435583333333334
Kabul,1939,14.398916666666667
Kabul,1940,14.701083333333335
Kabul,1941,15.70908333333333
Kabul,1942,14.686666666666667
Kabul,1943,14.354916666666663
Kabul,1944,14.347583333333333
Kabul,1945,14.043666666666667
Kabul,1946,15.240250000000001
Kabul,1947,15.437166666666668
Kabul,1948,14.531083333333335
Kabul,1949,14.170749999999998
Kabul,1950,13.507
Kabul,1951,14.41491666666667
Kabul,1952,14.729500000000002
Kabul,1953,15.076916666666667
Kabul,1954,14.241666666666665
Kabul,1955,14.72475
Kabul,1956,14.579416666666669
Kabul,1957,13.131583333333337
Kabul,1958,15.041666666666666
Kabul,1959,14.502999999999998
Kabul,1960,14.543666666666669
Kabul,1961,14.233999999999996
Kabul,1962,14.1015
Kabul,1963,15.009750000000002
Kabul,1964,13.727833333333335
Kabul,1965,13.899000000000001
Kabul,1966,14.38983333333333
Kabul,1967,13.844166666666666
Kabul,1968,13.854333333333331
Kabul,1969,14.44941666666667
Kabul,1970,15.22375
Kabul,1971,15.102583333333333
Kabul,1972,13.45975
Kabul,1973,14.432833333333335
Kabul,1974,13.951000000000002
Kabul,1975,13.710666666666668
Kabul,1976,14.081833333333336
Kabul,1977,14.807
Kabul,1978,14.423666666666668
Kabul,1979,14.507333333333333
Kabul,1980,15.027999999999999
Kabul,1981,14.959166666666667
Kabul,1982,14.115916666666669
Kabul,1983,14.427416666666668
Kabul,1984,14.954083333333331
Kabul,1985,15.524833333333335
Kabul,1986,14.71475
Kabul,1987,15.462249999999997
Kabul,1988,15.758666666666665
Kabul,1989,14.463000000000001
Kabul,1990,15.447083333333333
Kabul,1991,14.570083333333335
Kabul,1992,14.353416666666666
Kabul,1993,14.956000000000001
Kabul,1994,14.942583333333333
Kabul,1995,15.036250000000003
Kabul,1996,14.87075
Kabul,1997,14.771666666666668
Kabul,1998,15.139166666666668
Kabul,1999,15.885166666666668
Kabul,2000,15.822666666666665
Kabul,2001,15.847916666666665
Kabul,2002,15.714583333333332
Kabul,2003,15.132583333333331
Kabul,2004,16.128416666666666
Kabul,2005,14.847499999999998
Kabul,2006,15.798500000000002
Kabul,2007,15.517999999999999
Kabul,2008,15.479249999999999
Kabul,2009,15.093333333333334
Kabul,2010,15.675999999999997
Kabul,2011,15.812166666666664
Kabul,2012,14.510333333333334
Kabul,2013,16.206125
Kano,1856,26.321000000000005
Kano,1857,25.434
Kano,1858,25.980625
Kano,1859,25.778899999999993
Kano,1860,25.31209090909091
Kano,1861,25.2482
Kano,1862,25.216750000000005
Kano,1873,26.552125000000004
Kano,1874,25.550363636363638
Kano,1875,25.413
Kano,1876,25.37777777777778
Kano,1877,25.959
Kano,1878,26.134583333333335
Kano,1879,25.47641666666667
Kano,1880,25.57241666666667
Kano,1881,26.013916666666663
Kano,1882,25.51541666666667
Kano,1883,25.86341666666667
Kano,1884,26.056874999999998
Kano,1885,22.603
Kano,1886,25.284333333333336
Kano,1887,24.952
Kano,1888,25.217000000000002
Kano,1889,25.314833333333336
Kano,1890,24.511916666666668
Kano,1891,25.0565
Kano,1892,25.330083333333334
Kano,1893,25.308000000000003
Kano,1894,25.43166666666667
Kano,1895,25.75883333333333
Kano,1896,25.480083333333337
Kano,1897,25.923500000000004
Kano,1898,25.479916666666668
Kano,1899,25.82133333333334
Kano,1900,25.915833333333335
Kano,1901,25.869000000000003
Kano,1902,25.648416666666662
Kano,1903,25.474416666666666
Kano,1904,25.07675
Kano,1905,24.971833333333333
Kano,1906,25.533333333333335
Kano,1907,25.06866666666666
Kano,1908,25.605833333333333
Kano,1909,25.90466666666666
Kano,1910,25.636416666666666
Kano,1911,25.695666666666664
Kano,1912,25.341583333333336
Kano,1913,26.30666666666667
Kano,1914,26.705083333333334
Kano,1915,26.359083333333334
Kano,1916,25.824749999999998
Kano,1917,26.625083333333336
Kano,1918,26.077333333333332
Kano,1919,26.34741666666667
Kano,1920,25.509666666666664
Kano,1921,26.040916666666664
Kano,1922,26.31141666666667
Kano,1923,26.08966666666667
Kano,1924,26.34908333333333
Kano,1925,26.011083333333335
Kano,1926,26.52033333333333
Kano,1927,26.454083333333333
Kano,1928,26.59208333333333
Kano,1929,26.08316666666666
Kano,1930,26.559083333333334
Kano,1931,27.065083333333334
Kano,1932,26.247666666666664
Kano,1933,26.621250000000003
Kano,1934,26.168916666666664
Kano,1935,26.493416666666672
Kano,1936,26.273666666666667
Kano,1937,26.140083333333333
Kano,1938,26.550416666666667
Kano,1939,26.25616666666667
Kano,1940,26.497833333333332
Kano,1941,27.078000000000003
Kano,1942,26.871750000000002
Kano,1943,26.326333333333334
Kano,1944,26.40216666666667
Kano,1945,25.925583333333332
Kano,1946,26.1245
Kano,1947,26.506583333333335
Kano,1948,25.852083333333336
Kano,1949,26.53
Kano,1950,25.911916666666666
Kano,1951,26.016333333333332
Kano,1952,25.9205
Kano,1953,25.928416666666664
Kano,1954,26.068583333333333
Kano,1955,25.768749999999997
Kano,1956,26.01833333333333
Kano,1957,25.895666666666667
Kano,1958,26.441249999999997
Kano,1959,26.038083333333333
Kano,1960,26.242833333333333
Kano,1961,25.470000000000002
Kano,1962,26.119916666666665
Kano,1963,26.61233333333333
Kano,1964,26.054333333333332
Kano,1965,26.001083333333337
Kano,1966,26.00283333333334
Kano,1967,25.935833333333335
Kano,1968,26.200000000000003
Kano,1969,26.784833333333335
Kano,1970,26.21241666666667
Kano,1971,26.161749999999998
Kano,1972,26.52733333333333
Kano,1973,27.046499999999998
Kano,1974,25.972500000000007
Kano,1975,25.89375
Kano,1976,26.314916666666665
Kano,1977,26.041499999999996
Kano,1978,26.126749999999998
Kano,1979,26.440250000000002
Kano,1980,26.36725
Kano,1981,26.15116666666667
Kano,1982,26.374166666666667
Kano,1983,26.296999999999997
Kano,1984,26.526166666666665
Kano,1985,26.384166666666662
Kano,1986,26.599333333333334
Kano,1987,27.0145
Kano,1988,26.334500000000002
Kano,1989,25.629083333333337
Kano,1990,26.8545
Kano,1991,26.426750000000002
Kano,1992,25.956
Kano,1993,26.507250000000003
Kano,1994,26.127833333333328
Kano,1995,26.56358333333333
Kano,1996,26.641583333333333
Kano,1997,26.65958333333334
Kano,1998,26.934500000000003
Kano,1999,26.848499999999998
Kano,2000,26.376416666666668
Kano,2001,26.471499999999995
Kano,2002,26.955583333333333
Kano,2003,26.831500000000005
Kano,2004,26.99116666666667
Kano,2005,27.27475
Kano,2006,27.25916666666667
Kano,2007,27.246750000000002
Kano,2008,26.709166666666665
Kano,2009,27.477750000000004
Kano,2010,27.6365
Kano,2011,27.202499999999997
Kano,2012,26.87375
Kano,2013,27.761875
Kanpur,1796,24.590083333333336
Kanpur,1797,26.2144
Kanpur,1798,23.8208
Kanpur,1799,24.851250000000004
Kanpur,1800,24.788416666666667
Kanpur,1801,23.738500000000002
Kanpur,1802,25.227666666666668
Kanpur,1803,24.98233333333333
Kanpur,1804,25.299249999999997
Kanpur,1805,24.889833333333332
Kanpur,1806,24.802333333333333
Kanpur,1807,24.3949
Kanpur,1813,24.144416666666668
Kanpur,1814,23.323636363636357
Kanpur,1815,23.674000000000003
Kanpur,1816,23.32641666666667
Kanpur,1817,23.454583333333332
Kanpur,1818,23.802083333333332
Kanpur,1819,23.43858333333333
Kanpur,1820,23.672416666666667
Kanpur,1821,24.43016666666667
Kanpur,1822,24.5505
Kanpur,1823,24.28783333333334
Kanpur,1824,24.894166666666667
Kanpur,1825,24.68766666666667
Kanpur,1826,24.711583333333333
Kanpur,1827,24.900500000000005
Kanpur,1828,24.487916666666663
Kanpur,1829,24.299833333333336
Kanpur,1830,24.61408333333333
Kanpur,1831,24.0475
Kanpur,1832,24.2953
Kanpur,1833,24.439749999999993
Kanpur,1834,24.364333333333335
Kanpur,1835,23.43041666666667
Kanpur,1836,24.16841666666667
Kanpur,1837,24.059
Kanpur,1838,24.0325
Kanpur,1839,24.10041666666667
Kanpur,1840,24.354916666666668
Kanpur,1841,24.165166666666668
Kanpur,1842,24.322249999999997
Kanpur,1843,24.295999999999996
Kanpur,1844,23.9255
Kanpur,1845,24.186666666666667
Kanpur,1846,24.64633333333333
Kanpur,1847,24.181749999999994
Kanpur,1848,24.02841666666667
Kanpur,1849,24.048833333333334
Kanpur,1850,24.4355
Kanpur,1851,24.373166666666666
Kanpur,1852,24.190833333333334
Kanpur,1853,24.534583333333334
Kanpur,1854,24.633166666666664
Kanpur,1855,24.761454545454548
Kanpur,1856,23.45263636363637
Kanpur,1857,23.857416666666666
Kanpur,1865,26.75688888888889
Kanpur,1866,24.654416666666663
Kanpur,1867,24.746833333333328
Kanpur,1868,24.428833333333333
Kanpur,1869,24.566416666666665
Kanpur,1870,24.4405
Kanpur,1871,24.508083333333335
Kanpur,1872,24.524666666666672
Kanpur,1873,24.61808333333333
Kanpur,1874,24.52725
Kanpur,1875,24.83991666666667
Kanpur,1876,24.668333333333337
Kanpur,1877,24.827333333333332
Kanpur,1878,24.940333333333328
Kanpur,1879,24.433166666666665
Kanpur,1880,24.788083333333333
Kanpur,1881,24.43583333333333
Kanpur,1882,24.388166666666667
Kanpur,1883,24.34608333333333
Kanpur,1884,24.213666666666665
Kanpur,1885,24.108666666666664
Kanpur,1886,24.43575
Kanpur,1887,24.312583333333333
Kanpur,1888,24.517500000000002
Kanpur,1889,24.901166666666672
Kanpur,1890,24.534333333333336
Kanpur,1891,24.297083333333337
Kanpur,1892,25.062750000000005
Kanpur,1893,23.525583333333334
Kanpur,1894,24.541999999999998
Kanpur,1895,24.6825
Kanpur,1896,25.57041666666667
Kanpur,1897,25.31975
Kanpur,1898,24.93825
Kanpur,1899,25.01516666666667
Kanpur,1900,25.13666666666667
Kanpur,1901,25.020166666666668
Kanpur,1902,25.167666666666666
Kanpur,1903,24.824
Kanpur,1904,24.55858333333333
Kanpur,1905,24.129
Kanpur,1906,24.793666666666667
Kanpur,1907,24.682666666666673
Kanpur,1908,24.934833333333334
Kanpur,1909,24.522999999999996
Kanpur,1910,24.474000000000004
Kanpur,1911,24.788083333333333
Kanpur,1912,24.711833333333335
Kanpur,1913,24.507999999999992
Kanpur,1914,24.7745
Kanpur,1915,25.05883333333333
Kanpur,1916,24.577416666666668
Kanpur,1917,23.60316666666667
Kanpur,1918,24.72458333333333
Kanpur,1919,24.484250000000003
Kanpur,1920,24.759
Kanpur,1921,25.3475
Kanpur,1922,24.73925
Kanpur,1923,24.997083333333336
Kanpur,1924,24.938333333333333
Kanpur,1925,24.40008333333333
Kanpur,1926,24.58475
Kanpur,1927,24.599333333333334
Kanpur,1928,25.28475
Kanpur,1929,24.993416666666672
Kanpur,1930,24.91241666666666
Kanpur,1931,25.35966666666667
Kanpur,1932,25.213166666666666
Kanpur,1933,24.28291666666667
Kanpur,1934,24.64341666666667
Kanpur,1935,24.59758333333333
Kanpur,1936,24.333249999999996
Kanpur,1937,24.324916666666667
Kanpur,1938,24.70725
Kanpur,1939,24.74983333333333
Kanpur,1940,24.646083333333333
Kanpur,1941,25.66558333333333
Kanpur,1942,25.089499999999997
Kanpur,1943,24.944000000000003
Kanpur,1944,24.58983333333333
Kanpur,1945,24.407583333333335
Kanpur,1946,24.948666666666664
Kanpur,1947,25.20975
Kanpur,1948,25.016499999999997
Kanpur,1949,25.000833333333333
Kanpur,1950,24.433000000000003
Kanpur,1951,25.124750000000002
Kanpur,1952,25.30566666666667
Kanpur,1953,25.544833333333333
Kanpur,1954,25.147499999999997
Kanpur,1955,24.698916666666662
Kanpur,1956,24.749083333333335
Kanpur,1957,24.664083333333334
Kanpur,1958,25.74116666666667
Kanpur,1959,25.301000000000002
Kanpur,1960,25.230833333333333
Kanpur,1961,24.528833333333335
Kanpur,1962,24.81708333333333
Kanpur,1963,24.897333333333332
Kanpur,1964,24.976416666666665
Kanpur,1965,24.977083333333336
Kanpur,1966,25.576666666666668
Kanpur,1967,24.771083333333333
Kanpur,1968,24.64425
Kanpur,1969,25.425750000000004
Kanpur,1970,24.93316666666667
Kanpur,1971,24.087499999999995
Kanpur,1972,25.05666666666667
Kanpur,1973,25.226250000000004
Kanpur,1974,25.13633333333333
Kanpur,1975,24.823166666666665
Kanpur,1976,25.046249999999997
Kanpur,1977,25.149833333333333
Kanpur,1978,24.65608333333333
Kanpur,1979,25.507166666666663
Kanpur,1980,25.305166666666665
Kanpur,1981,25.05316666666667
Kanpur,1982,24.918500000000005
Kanpur,1983,24.429
Kanpur,1984,25.004166666666663
Kanpur,1985,25.44225
Kanpur,1986,25.002916666666668
Kanpur,1987,25.819333333333333
Kanpur,1988,25.603499999999997
Kanpur,1989,24.954916666666666
Kanpur,1990,25.121416666666672
Kanpur,1991,25.31566666666667
Kanpur,1992,25.271416666666664
Kanpur,1993,25.2675
Kanpur,1994,25.32541666666667
Kanpur,1995,25.54608333333334
Kanpur,1996,25.30575
Kanpur,1997,24.705250000000003
Kanpur,1998,25.46383333333333
Kanpur,1999,25.780583333333336
Kanpur,2000,25.353916666666667
Kanpur,2001,25.326499999999996
Kanpur,2002,26.116833333333336
Kanpur,2003,25.40908333333333
Kanpur,2004,25.5865
Kanpur,2005,25.6215
Kanpur,2006,25.848833333333342
Kanpur,2007,25.43608333333333
Kanpur,2008,25.109750000000002
Kanpur,2009,25.987083333333334
Kanpur,2010,26.02175
Kanpur,2011,25.062083333333334
Kanpur,2012,25.44541666666667
Kanpur,2013,26.12125
Karachi,1816,25.8709
Karachi,1817,24.687583333333333
Karachi,1818,25.42833333333333
Karachi,1819,24.8475
Karachi,1820,25.86781818181818
Karachi,1821,25.621416666666665
Karachi,1822,25.690083333333337
Karachi,1823,26.029272727272733
Karachi,1833,25.66133333333333
Karachi,1834,25.72091666666667
Karachi,1835,24.851916666666664
Karachi,1836,24.859454545454547
Karachi,1837,25.558666666666664
Karachi,1838,28.01071428571429
Karachi,1840,25.390363636363634
Karachi,1841,25.683000000000003
Karachi,1842,26.579222222222224
Karachi,1843,25.580416666666665
Karachi,1844,25.235416666666666
Karachi,1845,25.422583333333332
Karachi,1848,25.369999999999994
Karachi,1849,25.423000000000002
Karachi,1850,25.43758333333334
Karachi,1851,25.608416666666667
Karachi,1852,25.6155
Karachi,1853,25.633250000000004
Karachi,1854,25.770833333333332
Karachi,1855,25.929
Karachi,1856,24.943090909090905
Karachi,1857,25.150583333333334
Karachi,1871,24.098399999999998
Karachi,1872,27.1592
Karachi,1873,26.553625
Karachi,1874,23.057000000000002
Karachi,1875,26.000249999999994
Karachi,1876,25.75133333333333
Karachi,1877,25.959
Karachi,1878,25.86725
Karachi,1879,25.33208333333334
Karachi,1880,25.951333333333327
Karachi,1881,25.929666666666666
Karachi,1882,25.51733333333333
Karachi,1883,25.346000000000004
Karachi,1884,25.613
Karachi,1885,25.61283333333333
Karachi,1886,25.885250000000003
Karachi,1887,25.73925
Karachi,1888,25.738416666666666
Karachi,1889,26.016000000000002
Karachi,1890,25.732000000000003
Karachi,1891,25.798083333333334
Karachi,1892,26.322916666666668
Karachi,1893,25.301916666666667
Karachi,1894,25.483416666666667
Karachi,1895,25.935083333333335
Karachi,1896,26.452583333333337
Karachi,1897,26.08641666666667
Karachi,1898,26.236499999999996
Karachi,1899,26.351583333333334
Karachi,1900,26.50775
Karachi,1901,26.178083333333333
Karachi,1902,26.75391666666667
Karachi,1903,25.741833333333336
Karachi,1904,26.09566666666667
Karachi,1905,25.552000000000003
Karachi,1906,25.835749999999994
Karachi,1907,25.83916666666667
Karachi,1908,25.700833333333332
Karachi,1909,25.618
Karachi,1910,25.522333333333336
Karachi,1911,25.504583333333333
Karachi,1912,26.293999999999997
Karachi,1913,25.850000000000005
Karachi,1914,26.10875
Karachi,1915,26.23908333333333
Karachi,1916,25.85575
Karachi,1917,25.591916666666666
Karachi,1918,25.521
Karachi,1919,25.69408333333334
Karachi,1920,26.06641666666667
Karachi,1921,26.197916666666668
Karachi,1922,26.02633333333333
Karachi,1923,25.48275
Karachi,1924,26.057666666666666
Karachi,1925,25.94633333333334
Karachi,1926,26.116333333333333
Karachi,1927,25.631416666666667
Karachi,1928,26.011750000000003
Karachi,1929,25.911333333333335
Karachi,1930,25.828000000000003
Karachi,1931,26.290249999999997
Karachi,1932,26.110583333333334
Karachi,1933,25.89925
Karachi,1934,25.878833333333333
Karachi,1935,25.69258333333333
Karachi,1936,26.01458333333333
Karachi,1937,25.824749999999998
Karachi,1938,25.78825
Karachi,1939,25.751833333333334
Karachi,1940,26.21641666666667
Karachi,1941,26.761416666666662
Karachi,1942,26.299500000000005
Karachi,1943,26.168500000000005
Karachi,1944,26.02766666666666
Karachi,1945,25.722000000000005
Karachi,1946,26.134583333333335
Karachi,1947,26.381833333333333
Karachi,1948,26.299666666666667
Karachi,1949,26.160999999999998
Karachi,1950,25.483833333333337
Karachi,1951,26.286083333333327
Karachi,1952,26.263333333333335
Karachi,1953,26.778000000000002
Karachi,1954,26.370833333333334
Karachi,1955,26.187083333333334
Karachi,1956,25.746750000000006
Karachi,1957,25.839166666666667
Karachi,1958,26.838250000000002
Karachi,1959,26.32575
Karachi,1960,26.20483333333333
Karachi,1961,25.902416666666667
Karachi,1962,26.105916666666673
Karachi,1963,26.626250000000002
Karachi,1964,25.857583333333334
Karachi,1965,26.172083333333333
Karachi,1966,26.140416666666667
Karachi,1967,25.943750000000005
Karachi,1968,25.908
Karachi,1969,26.427750000000003
Karachi,1970,26.4395
Karachi,1971,26.209
Karachi,1972,25.928916666666662
Karachi,1973,26.12408333333333
Karachi,1974,26.198583333333335
Karachi,1975,25.874916666666667
Karachi,1976,26.093416666666673
Karachi,1977,26.837749999999996
Karachi,1978,26.21141666666667
Karachi,1979,26.28316666666667
Karachi,1980,26.675249999999995
Karachi,1981,26.569666666666667
Karachi,1982,26.285083333333343
Karachi,1983,26.09725
Karachi,1984,25.90816666666667
Karachi,1985,26.336583333333333
Karachi,1986,26.104000000000003
Karachi,1987,26.876083333333337
Karachi,1988,27.20808333333333
Karachi,1989,26.24508333333333
Karachi,1990,26.387666666666664
Karachi,1991,26.340833333333336
Karachi,1992,26.364416666666667
Karachi,1993,27.245499999999996
Karachi,1994,26.362916666666667
Karachi,1995,26.62933333333333
Karachi,1996,26.496750000000002
Karachi,1997,26.29025
Karachi,1998,27.361416666666667
Karachi,1999,27.139666666666667
Karachi,2000,27.116416666666662
Karachi,2001,27.279583333333335
Karachi,2002,27.199916666666667
Karachi,2003,26.967249999999996
Karachi,2004,27.500583333333335
Karachi,2005,26.799833333333336
Karachi,2006,26.730666666666668
Karachi,2007,27.207916666666666
Karachi,2008,26.740249999999993
Karachi,2009,27.41441666666667
Karachi,2010,27.454333333333338
Karachi,2011,27.02208333333333
Karachi,2012,26.749833333333328
Karachi,2013,27.211624999999998
Kiev,1743,0.895
Kiev,1744,9.498625
Kiev,1745,-2.4837499999999997
Kiev,1750,7.846272727272728
Kiev,1751,8.110125
Kiev,1752,1.2143333333333335
Kiev,1753,6.902333333333332
Kiev,1754,7.015833333333333
Kiev,1755,6.883583333333333
Kiev,1756,7.609333333333335
Kiev,1757,7.557000000000001
Kiev,1758,5.510416666666667
Kiev,1759,6.645083333333333
Kiev,1760,5.906416666666666
Kiev,1761,7.28
Kiev,1762,7.115500000000001
Kiev,1763,6.1228333333333325
Kiev,1764,7.379666666666668
Kiev,1765,7.287666666666666
Kiev,1766,7.165166666666667
Kiev,1767,6.852000000000001
Kiev,1768,5.6866666666666665
Kiev,1769,6.8119999999999985
Kiev,1770,6.925249999999998
Kiev,1771,6.229666666666668
Kiev,1772,7.331416666666667
Kiev,1773,7.705583333333336
Kiev,1774,7.455583333333333
Kiev,1775,8.220666666666668
Kiev,1776,6.922666666666667
Kiev,1777,6.6812499999999995
Kiev,1778,7.550083333333333
Kiev,1779,8.071666666666667
Kiev,1780,6.9872499999999995
Kiev,1781,7.312666666666666
Kiev,1782,6.445166666666666
Kiev,1783,7.138999999999999
Kiev,1784,6.91675
Kiev,1785,5.624833333333334
Kiev,1786,6.291250000000001
Kiev,1787,7.1948333333333325
Kiev,1788,6.4926666666666675
Kiev,1789,7.6702499999999985
Kiev,1790,7.057083333333334
Kiev,1791,7.986000000000001
Kiev,1792,6.900666666666667
Kiev,1793,7.1724999999999985
Kiev,1794,7.868666666666666
Kiev,1795,7.095
Kiev,1796,7.071083333333333
Kiev,1797,8.421416666666667
Kiev,1798,7.6176666666666675
Kiev,1799,6.020666666666666
Kiev,1800,6.945250000000001
Kiev,1801,8.062333333333333
Kiev,1802,7.950250000000001
Kiev,1803,6.339833333333332
Kiev,1804,6.8735
Kiev,1805,6.362666666666667
Kiev,1806,7.4965
Kiev,1807,7.612333333333332
Kiev,1808,6.293666666666667
Kiev,1809,5.632833333333334
Kiev,1810,5.9259166666666685
Kiev,1811,6.846916666666666
Kiev,1812,5.511500000000001
Kiev,1813,6.311416666666666
Kiev,1814,6.098499999999999
Kiev,1815,5.7165833333333325
Kiev,1816,6.2413333333333325
Kiev,1817,6.691916666666665
Kiev,1818,7.070666666666665
Kiev,1819,7.044333333333334
Kiev,1820,6.08475
Kiev,1821,6.896083333333333
Kiev,1822,7.600083333333333
Kiev,1823,7.336416666666666
Kiev,1824,8.438666666666666
Kiev,1825,6.722
Kiev,1826,7.271333333333334
Kiev,1827,7.671500000000001
Kiev,1828,5.9452500000000015
Kiev,1829,5.2058333333333335
Kiev,1830,6.624250000000003
Kiev,1831,6.248499999999999
Kiev,1832,4.920333333333333
Kiev,1833,6.792583333333333
Kiev,1834,7.533583333333333
Kiev,1835,6.259833333333334
Kiev,1836,6.984249999999999
Kiev,1837,6.06975
Kiev,1838,5.689499999999999
Kiev,1839,6.457999999999999
Kiev,1840,5.4768333333333326
Kiev,1841,7.3885000000000005
Kiev,1842,6.150416666666666
Kiev,1843,7.553416666666666
Kiev,1844,5.935499999999998
Kiev,1845,6.277333333333334
Kiev,1846,7.342499999999998
Kiev,1847,6.391416666666667
Kiev,1848,7.694249999999999
Kiev,1849,6.498166666666666
Kiev,1850,6.820416666666667
Kiev,1851,7.777500000000001
Kiev,1852,6.427000000000002
Kiev,1853,7.044666666666667
Kiev,1854,6.838916666666665
Kiev,1855,6.320333333333335
Kiev,1856,6.819000000000002
Kiev,1857,7.078916666666665
Kiev,1858,6.285083333333333
Kiev,1859,7.957833333333333
Kiev,1860,7.062666666666666
Kiev,1861,6.059083333333334
Kiev,1862,5.461916666666667
Kiev,1863,7.981333333333333
Kiev,1864,5.830666666666666
Kiev,1865,6.428666666666667
Kiev,1866,7.37725
Kiev,1867,6.179666666666667
Kiev,1868,7.10425
Kiev,1869,7.888416666666667
Kiev,1870,5.814916666666666
Kiev,1871,5.493916666666667
Kiev,1872,8.11125
Kiev,1873,7.5661666666666685
Kiev,1874,7.172999999999999
Kiev,1875,5.079833333333334
Kiev,1876,6.377
Kiev,1877,6.326583333333333
Kiev,1878,7.815333333333335
Kiev,1879,6.609333333333333
Kiev,1880,6.275666666666666
Kiev,1881,5.704750000000001
Kiev,1882,7.72825
Kiev,1883,6.629666666666666
Kiev,1884,6.73725
Kiev,1885,7.322916666666667
Kiev,1886,6.93925
Kiev,1887,7.102916666666666
Kiev,1888,5.633749999999999
Kiev,1889,6.636416666666666
Kiev,1890,7.153750000000001
Kiev,1891,6.815833333333333
Kiev,1892,7.126999999999999
Kiev,1893,5.6563333333333325
Kiev,1894,6.480499999999999
Kiev,1895,6.700666666666666
Kiev,1896,6.482333333333333
Kiev,1897,7.512166666666668
Kiev,1898,6.863083333333333
Kiev,1899,7.065583333333335
Kiev,1900,7.006333333333333
Kiev,1901,7.5823333333333345
Kiev,1902,5.822250000000001
Kiev,1903,8.078999999999999
Kiev,1904,6.4254999999999995
Kiev,1905,7.353833333333334
Kiev,1906,7.962416666666666
Kiev,1907,5.882583333333332
Kiev,1908,5.9303333333333335
Kiev,1909,6.792333333333333
Kiev,1910,7.973333333333334
Kiev,1911,6.184916666666666
Kiev,1912,5.88625
Kiev,1913,7.770416666666666
Kiev,1914,7.435249999999999
Kiev,1915,6.9866666666666655
Kiev,1916,7.231249999999999
Kiev,1917,6.278416666666666
Kiev,1918,7.565249999999999
Kiev,1919,6.304250000000001
Kiev,1920,7.050583333333335
Kiev,1921,7.290666666666667
Kiev,1922,6.672583333333333
Kiev,1923,7.547833333333334
Kiev,1924,6.3885
Kiev,1925,8.140500000000001
Kiev,1926,7.202750000000001
Kiev,1927,6.887083333333333
Kiev,1928,6.072083333333334
Kiev,1929,5.8755
Kiev,1930,7.710666666666666
Kiev,1931,6.111333333333334
Kiev,1932,7.453750000000002
Kiev,1933,5.28725
Kiev,1934,8.118583333333333
Kiev,1935,7.036666666666668
Kiev,1936,8.29875
Kiev,1937,8.03125
Kiev,1938,8.449666666666666
Kiev,1939,8.187
Kiev,1940,5.7941666666666665
Kiev,1941,5.37425
Kiev,1942,4.750250000000001
Kiev,1943,7.1415
Kiev,1944,7.768916666666667
Kiev,1945,6.124249999999999
Kiev,1946,7.542166666666667
Kiev,1947,6.962166666666668
Kiev,1948,7.582083333333333
Kiev,1949,7.964583333333334
Kiev,1950,7.23125
Kiev,1951,7.560833333333332
Kiev,1952,7.152416666666667
Kiev,1953,6.910583333333334
Kiev,1954,6.7004166666666665
Kiev,1955,7.385000000000001
Kiev,1956,5.671583333333333
Kiev,1957,8.108833333333333
Kiev,1958,7.389500000000001
Kiev,1959,7.261333333333333
Kiev,1960,7.90575
Kiev,1961,8.083916666666669
Kiev,1962,7.689666666666667
Kiev,1963,6.5640833333333335
Kiev,1964,6.99875
Kiev,1965,6.3269166666666665
Kiev,1966,8.652083333333334
Kiev,1967,7.6688333333333345
Kiev,1968,7.134916666666666
Kiev,1969,5.9658333333333315
Kiev,1970,7.482666666666667
Kiev,1971,7.533000000000001
Kiev,1972,8.002500000000001
Kiev,1973,7.168666666666667
Kiev,1974,7.796833333333333
Kiev,1975,9.093833333333333
Kiev,1976,5.957583333333335
Kiev,1977,7.255916666666667
Kiev,1978,6.460583333333333
Kiev,1979,7.4325833333333335
Kiev,1980,6.159166666666668
Kiev,1981,8.201
Kiev,1982,7.817
Kiev,1983,8.580166666666667
Kiev,1984,7.311333333333335
Kiev,1985,5.79825
Kiev,1986,7.348333333333334
Kiev,1987,5.231166666666666
Kiev,1988,7.245416666666666
Kiev,1989,9.263083333333332
Kiev,1990,8.89825
Kiev,1991,7.892666666666666
Kiev,1992,8.068166666666668
Kiev,1993,6.8935
Kiev,1994,7.978416666666667
Kiev,1995,8.257083333333332
Kiev,1996,6.997083333333333
Kiev,1997,7.207083333333333
Kiev,1998,7.735166666666667
Kiev,1999,8.972666666666667
Kiev,2000,8.81875
Kiev,2001,8.424
Kiev,2002,8.874833333333335
Kiev,2003,7.799083333333332
Kiev,2004,8.323583333333334
Kiev,2005,8.387416666666667
Kiev,2006,7.884499999999998
Kiev,2007,9.455999999999998
Kiev,2008,9.238249999999999
Kiev,2009,8.819749999999997
Kiev,2010,8.965
Kiev,2011,8.479666666666667
Kiev,2012,8.564583333333333
Kiev,2013,10.331375
Kinshasa,1856,23.978800000000003
Kinshasa,1857,22.88585714285714
Kinshasa,1858,23.444374999999994
Kinshasa,1859,23.284700000000004
Kinshasa,1860,23.32190909090909
Kinshasa,1861,23.056800000000003
Kinshasa,1862,23.8995
Kinshasa,1875,22.886750000000003
Kinshasa,1876,23.452555555555552
Kinshasa,1877,23.745333333333335
Kinshasa,1878,23.744416666666666
Kinshasa,1879,22.919888888888888
Kinshasa,1880,22.664416666666664
Kinshasa,1881,23.025000000000002
Kinshasa,1882,23.206583333333338
Kinshasa,1883,23.274583333333336
Kinshasa,1884,23.035583333333335
Kinshasa,1885,23.54791666666667
Kinshasa,1886,23.475583333333333
Kinshasa,1887,22.926416666666668
Kinshasa,1888,23.20141666666667
Kinshasa,1889,23.84058333333333
Kinshasa,1890,22.65816666666667
Kinshasa,1891,22.915000000000003
Kinshasa,1892,23.132333333333335
Kinshasa,1893,23.413583333333335
Kinshasa,1894,23.441583333333337
Kinshasa,1895,23.489333333333335
Kinshasa,1896,23.498333333333335
Kinshasa,1897,23.718500000000002
Kinshasa,1898,23.312249999999995
Kinshasa,1899,23.677916666666665
Kinshasa,1900,23.725666666666665
Kinshasa,1901,23.988916666666668
Kinshasa,1902,23.69
Kinshasa,1903,23.632083333333338
Kinshasa,1904,22.80333333333333
Kinshasa,1905,23.52225
Kinshasa,1906,23.39475
Kinshasa,1907,23.361500000000003
Kinshasa,1908,23.377
Kinshasa,1909,23.548916666666667
Kinshasa,1910,23.493916666666664
Kinshasa,1911,23.207000000000004
Kinshasa,1912,24.119083333333336
Kinshasa,1913,23.868666666666666
Kinshasa,1914,23.736500000000003
Kinshasa,1915,23.794666666666668
Kinshasa,1916,23.961583333333333
Kinshasa,1917,23.71475
Kinshasa,1918,23.260833333333334
Kinshasa,1919,23.402333333333335
Kinshasa,1920,23.681166666666666
Kinshasa,1921,23.954833333333337
Kinshasa,1922,23.498416666666667
Kinshasa,1923,23.541749999999997
Kinshasa,1924,24.291583333333335
Kinshasa,1925,23.660750000000004
Kinshasa,1926,24.011916666666664
Kinshasa,1927,24.024666666666665
Kinshasa,1928,24.097916666666666
Kinshasa,1929,23.64791666666667
Kinshasa,1930,23.6515
Kinshasa,1931,24.132166666666667
Kinshasa,1932,23.708416666666665
Kinshasa,1933,23.915416666666662
Kinshasa,1934,24.27725
Kinshasa,1935,24.11475
Kinshasa,1936,23.9315
Kinshasa,1937,24.244250000000005
Kinshasa,1938,24.063916666666668
Kinshasa,1939,23.75091666666667
Kinshasa,1940,23.80791666666667
Kinshasa,1941,24.33366666666667
Kinshasa,1942,24.222916666666663
Kinshasa,1943,23.80366666666667
Kinshasa,1944,24.57375
Kinshasa,1945,24.516000000000005
Kinshasa,1946,24.000583333333335
Kinshasa,1947,24.312833333333334
Kinshasa,1948,24.01666666666667
Kinshasa,1949,24.365749999999995
Kinshasa,1950,23.947
Kinshasa,1951,24.094833333333337
Kinshasa,1952,24.137
Kinshasa,1953,23.918666666666663
Kinshasa,1954,23.607416666666666
Kinshasa,1955,23.68733333333334
Kinshasa,1956,23.796916666666664
Kinshasa,1957,24.02366666666667
Kinshasa,1958,24.05725
Kinshasa,1959,23.987
Kinshasa,1960,23.8245
Kinshasa,1961,23.65791666666667
Kinshasa,1962,23.94191666666667
Kinshasa,1963,24.201666666666664
Kinshasa,1964,23.852083333333336
Kinshasa,1965,23.925749999999997
Kinshasa,1966,24.195416666666663
Kinshasa,1967,23.681250000000002
Kinshasa,1968,23.80266666666667
Kinshasa,1969,24.215666666666667
Kinshasa,1970,24.083583333333333
Kinshasa,1971,23.868000000000006
Kinshasa,1972,23.96375
Kinshasa,1973,24.318166666666666
Kinshasa,1974,23.836583333333333
Kinshasa,1975,23.819999999999997
Kinshasa,1976,23.677000000000003
Kinshasa,1977,24.10908333333333
Kinshasa,1978,24.085833333333337
Kinshasa,1979,24.335583333333332
Kinshasa,1980,24.068750000000005
Kinshasa,1981,24.084000000000003
Kinshasa,1982,23.828833333333332
Kinshasa,1983,24.13358333333333
Kinshasa,1984,24.358833333333326
Kinshasa,1985,24.088333333333335
Kinshasa,1986,24.078249999999997
Kinshasa,1987,24.573833333333337
Kinshasa,1988,24.449583333333333
Kinshasa,1989,23.998
Kinshasa,1990,23.96558333333334
Kinshasa,1991,24.239749999999997
Kinshasa,1992,23.894166666666663
Kinshasa,1993,24.30633333333333
Kinshasa,1994,24.271333333333335
Kinshasa,1995,24.368333333333336
Kinshasa,1996,24.092249999999996
Kinshasa,1997,24.332583333333336
Kinshasa,1998,24.994416666666666
Kinshasa,1999,24.335583333333336
Kinshasa,2000,24.17816666666667
Kinshasa,2001,24.250500000000002
Kinshasa,2002,24.626499999999997
Kinshasa,2003,24.636333333333337
Kinshasa,2004,24.664333333333335
Kinshasa,2005,24.70533333333334
Kinshasa,2006,24.587166666666665
Kinshasa,2007,24.5705
Kinshasa,2008,24.51591666666667
Kinshasa,2009,24.58175
Kinshasa,2010,24.90341666666667
Kinshasa,2011,24.1985
Kinshasa,2012,24.2105
Kinshasa,2013,24.408375
Lagos,1856,26.3476
Lagos,1857,25.445
Lagos,1858,25.9175
Lagos,1859,26.179600000000004
Lagos,1860,26.011
Lagos,1861,25.949400000000004
Lagos,1862,25.898
Lagos,1873,26.458125000000003
Lagos,1874,26.083454545454547
Lagos,1875,25.818583333333333
Lagos,1876,25.819555555555556
Lagos,1877,26.352166666666665
Lagos,1878,26.256333333333334
Lagos,1879,25.670083333333334
Lagos,1880,26.13983333333334
Lagos,1881,26.38983333333334
Lagos,1882,26.00800000000001
Lagos,1883,26.417333333333342
Lagos,1884,26.426500000000004
Lagos,1885,26.226
Lagos,1886,25.873166666666666
Lagos,1887,25.091166666666666
Lagos,1888,25.4235
Lagos,1889,25.344333333333335
Lagos,1890,24.856916666666667
Lagos,1891,25.285916666666665
Lagos,1892,25.485916666666668
Lagos,1893,25.669833333333333
Lagos,1894,25.58791666666667
Lagos,1895,25.921833333333336
Lagos,1896,25.873000000000005
Lagos,1897,26.289166666666663
Lagos,1898,25.794083333333333
Lagos,1899,26.312166666666666
Lagos,1900,26.422416666666667
Lagos,1901,26.529416666666666
Lagos,1902,26.087666666666667
Lagos,1903,25.68166666666666
Lagos,1904,25.47883333333333
Lagos,1905,26.158666666666665
Lagos,1906,26.205083333333334
Lagos,1907,25.95691666666667
Lagos,1908,26.149
Lagos,1909,26.07541666666667
Lagos,1910,26.134333333333334
Lagos,1911,25.719833333333337
Lagos,1912,26.174166666666668
Lagos,1913,26.64925
Lagos,1914,26.75466666666666
Lagos,1915,26.808000000000003
Lagos,1916,26.601666666666663
Lagos,1917,26.959333333333337
Lagos,1918,26.408666666666665
Lagos,1919,26.697083333333335
Lagos,1920,26.71616666666667
Lagos,1921,26.772583333333333
Lagos,1922,26.72908333333333
Lagos,1923,26.632749999999998
Lagos,1924,26.952833333333334
Lagos,1925,26.64358333333334
Lagos,1926,26.967333333333332
Lagos,1927,26.881833333333333
Lagos,1928,26.75225
Lagos,1929,26.48325
Lagos,1930,26.836416666666665
Lagos,1931,26.847916666666666
Lagos,1932,26.4635
Lagos,1933,26.926500000000004
Lagos,1934,26.886416666666666
Lagos,1935,26.90216666666667
Lagos,1936,26.657083333333333
Lagos,1937,26.955749999999995
Lagos,1938,26.824916666666667
Lagos,1939,26.386166666666668
Lagos,1940,26.810666666666666
Lagos,1941,27.362583333333333
Lagos,1942,26.95466666666667
Lagos,1943,26.53333333333333
Lagos,1944,27.066833333333335
Lagos,1945,27.07183333333334
Lagos,1946,26.717083333333335
Lagos,1947,26.980583333333332
Lagos,1948,26.60825
Lagos,1949,26.97541666666667
Lagos,1950,26.57241666666667
Lagos,1951,26.894916666666663
Lagos,1952,26.662000000000006
Lagos,1953,26.656583333333334
Lagos,1954,26.284166666666664
Lagos,1955,26.41608333333333
Lagos,1956,26.3145
Lagos,1957,26.64675
Lagos,1958,26.683916666666665
Lagos,1959,26.722499999999997
Lagos,1960,26.68433333333333
Lagos,1961,26.462083333333336
Lagos,1962,26.55225
Lagos,1963,27.008583333333334
Lagos,1964,26.477
Lagos,1965,26.52775
Lagos,1966,26.837833333333332
Lagos,1967,26.428333333333338
Lagos,1968,26.67233333333333
Lagos,1969,26.888500000000004
Lagos,1970,26.923083333333334
Lagos,1971,26.55691666666667
Lagos,1972,26.908416666666668
Lagos,1973,27.202583333333337
Lagos,1974,26.442083333333333
Lagos,1975,26.26608333333333
Lagos,1976,26.368666666666666
Lagos,1977,27.013999999999996
Lagos,1978,26.73458333333333
Lagos,1979,26.992583333333332
Lagos,1980,26.84533333333333
Lagos,1981,26.794583333333332
Lagos,1982,26.662833333333335
Lagos,1983,26.990083333333335
Lagos,1984,26.97708333333333
Lagos,1985,26.741416666666666
Lagos,1986,26.65375
Lagos,1987,27.510166666666663
Lagos,1988,27.036916666666666
Lagos,1989,26.70975
Lagos,1990,27.056666666666672
Lagos,1991,26.87558333333334
Lagos,1992,26.732999999999993
Lagos,1993,26.904500000000002
Lagos,1994,26.84133333333334
Lagos,1995,27.071416666666664
Lagos,1996,26.915916666666664
Lagos,1997,26.91491666666667
Lagos,1998,27.52858333333333
Lagos,1999,27.033083333333334
Lagos,2000,27.021083333333337
Lagos,2001,26.921249999999997
Lagos,2002,27.13475
Lagos,2003,27.36733333333333
Lagos,2004,27.31983333333333
Lagos,2005,27.38575
Lagos,2006,27.526750000000003
Lagos,2007,27.456166666666665
Lagos,2008,27.298666666666666
Lagos,2009,27.528833333333335
Lagos,2010,27.793333333333333
Lagos,2011,27.352500000000003
Lagos,2012,27.153166666666664
Lagos,2013,27.3585
Lahore,1816,24.689099999999996
Lahore,1817,22.738250000000004
Lahore,1818,23.43491666666667
Lahore,1819,22.831083333333336
Lahore,1820,24.21972727272727
Lahore,1821,23.705833333333334
Lahore,1822,23.813249999999996
Lahore,1823,24.414818181818188
Lahore,1833,23.7325
Lahore,1834,23.731666666666666
Lahore,1835,22.857583333333334
Lahore,1836,22.74
Lahore,1837,24.367833333333333
Lahore,1838,27.702714285714286
Lahore,1840,23.524545454545454
Lahore,1841,24.031299999999998
Lahore,1842,25.04211111111111
Lahore,1843,23.713666666666665
Lahore,1844,23.233500000000003
Lahore,1845,23.485083333333336
Lahore,1846,24.64275
Lahore,1848,23.26725
Lahore,1849,23.430333333333333
Lahore,1850,23.593166666666665
Lahore,1851,23.605166666666666
Lahore,1852,23.563750000000002
Lahore,1853,23.65641666666667
Lahore,1854,23.864833333333333
Lahore,1855,24.346636363636367
Lahore,1856,22.862090909090906
Lahore,1857,23.198833333333337
Lahore,1870,23.883583333333334
Lahore,1871,23.78741666666667
Lahore,1872,23.88983333333334
Lahore,1873,24.0205
Lahore,1874,23.299181818181818
Lahore,1875,24.294750000000004
Lahore,1876,23.57516666666666
Lahore,1877,23.752916666666664
Lahore,1878,23.668583333333334
Lahore,1879,23.998833333333334
Lahore,1880,24.662916666666664
Lahore,1881,24.307583333333337
Lahore,1882,23.848250000000004
Lahore,1883,23.785333333333327
Lahore,1884,23.571166666666667
Lahore,1885,23.204499999999996
Lahore,1886,23.733500000000003
Lahore,1887,23.83283333333333
Lahore,1888,23.923999999999996
Lahore,1889,23.946583333333336
Lahore,1890,23.734916666666667
Lahore,1891,23.371333333333336
Lahore,1892,24.45958333333333
Lahore,1893,22.916
Lahore,1894,23.53525
Lahore,1895,24.23075
Lahore,1896,24.617999999999995
Lahore,1897,23.81341666666667
Lahore,1898,24.372416666666666
Lahore,1899,24.688999999999997
Lahore,1900,24.23891666666667
Lahore,1901,24.064833333333336
Lahore,1902,24.579250000000002
Lahore,1903,23.658749999999998
Lahore,1904,24.180833333333336
Lahore,1905,23.588583333333332
Lahore,1906,24.02416666666667
Lahore,1907,23.723083333333335
Lahore,1908,23.83241666666667
Lahore,1909,23.50983333333333
Lahore,1910,23.53183333333334
Lahore,1911,24.074583333333333
Lahore,1912,24.096999999999994
Lahore,1913,23.612
Lahore,1914,23.703250000000008
Lahore,1915,24.819333333333336
Lahore,1916,23.993333333333336
Lahore,1917,23.158666666666665
Lahore,1918,24.004666666666665
Lahore,1919,23.857749999999996
Lahore,1920,23.78441666666667
Lahore,1921,25.08
Lahore,1922,24.166750000000004
Lahore,1923,23.719583333333336
Lahore,1924,23.712166666666672
Lahore,1925,23.726249999999997
Lahore,1926,23.461166666666667
Lahore,1927,23.645166666666668
Lahore,1928,24.284750000000003
Lahore,1929,24.012916666666666
Lahore,1930,23.64825
Lahore,1931,24.080249999999996
Lahore,1932,24.471
Lahore,1933,23.686333333333327
Lahore,1934,24.054500000000004
Lahore,1935,23.70075
Lahore,1936,24.105666666666668
Lahore,1937,23.941750000000003
Lahore,1938,24.400166666666667
Lahore,1939,24.195666666666668
Lahore,1940,24.34783333333333
Lahore,1941,25.20875
Lahore,1942,24.33908333333333
Lahore,1943,24.374583333333337
Lahore,1944,23.66616666666667
Lahore,1945,23.767583333333334
Lahore,1946,25.045999999999996
Lahore,1947,25.32733333333333
Lahore,1948,24.37591666666667
Lahore,1949,24.285666666666668
Lahore,1950,23.21841666666667
Lahore,1951,24.28525
Lahore,1952,24.610916666666665
Lahore,1953,24.94683333333333
Lahore,1954,24.34716666666667
Lahore,1955,24.108500000000003
Lahore,1956,24.19258333333333
Lahore,1957,23.448666666666668
Lahore,1958,24.69491666666667
Lahore,1959,24.28933333333333
Lahore,1960,24.280416666666667
Lahore,1961,23.79008333333334
Lahore,1962,24.00708333333333
Lahore,1963,24.523749999999996
Lahore,1964,23.778166666666667
Lahore,1965,23.988916666666668
Lahore,1966,23.989583333333332
Lahore,1967,23.914833333333334
Lahore,1968,23.88766666666667
Lahore,1969,24.661916666666666
Lahore,1970,24.709500000000002
Lahore,1971,24.40533333333333
Lahore,1972,24.063249999999996
Lahore,1973,24.337
Lahore,1974,24.144333333333332
Lahore,1975,23.643833333333333
Lahore,1976,23.767083333333332
Lahore,1977,24.322500000000005
Lahore,1978,24.291083333333333
Lahore,1979,24.393500000000003
Lahore,1980,24.85108333333333
Lahore,1981,24.625166666666672
Lahore,1982,23.98391666666667
Lahore,1983,23.746750000000006
Lahore,1984,24.52
Lahore,1985,25.02025
Lahore,1986,24.080249999999996
Lahore,1987,25.046000000000003
Lahore,1988,25.242833333333326
Lahore,1989,24.233999999999998
Lahore,1990,24.80708333333334
Lahore,1991,24.383750000000003
Lahore,1992,24.314666666666668
Lahore,1993,25.042916666666667
Lahore,1994,24.78141666666666
Lahore,1995,24.583333333333332
Lahore,1996,24.427166666666665
Lahore,1997,23.75766666666667
Lahore,1998,24.914583333333336
Lahore,1999,25.49966666666667
Lahore,2000,25.323416666666663
Lahore,2001,25.179083333333335
Lahore,2002,25.609499999999997
Lahore,2003,24.71375
Lahore,2004,25.55216666666667
Lahore,2005,24.662833333333335
Lahore,2006,25.16625
Lahore,2007,25.15608333333333
Lahore,2008,24.890166666666662
Lahore,2009,25.365749999999995
Lahore,2010,25.477916666666673
Lahore,2011,24.975250000000003
Lahore,2012,24.869416666666666
Lahore,2013,25.952624999999998
Lakhnau,1796,24.590083333333336
Lakhnau,1797,26.2144
Lakhnau,1798,23.8208
Lakhnau,1799,24.851250000000004
Lakhnau,1800,24.788416666666667
Lakhnau,1801,23.738500000000002
Lakhnau,1802,25.227666666666668
Lakhnau,1803,24.98233333333333
Lakhnau,1804,25.299249999999997
Lakhnau,1805,24.889833333333332
Lakhnau,1806,24.802333333333333
Lakhnau,1807,24.3949
Lakhnau,1813,24.144416666666668
Lakhnau,1814,23.323636363636357
Lakhnau,1815,23.674000000000003
Lakhnau,1816,23.32641666666667
Lakhnau,1817,23.454583333333332
Lakhnau,1818,23.802083333333332
Lakhnau,1819,23.43858333333333
Lakhnau,1820,23.672416666666667
Lakhnau,1821,24.43016666666667
Lakhnau,1822,24.5505
Lakhnau,1823,24.28783333333334
Lakhnau,1824,24.894166666666667
Lakhnau,1825,24.68766666666667
Lakhnau,1826,24.711583333333333
Lakhnau,1827,24.900500000000005
Lakhnau,1828,24.487916666666663
Lakhnau,1829,24.299833333333336
Lakhnau,1830,24.61408333333333
Lakhnau,1831,24.0475
Lakhnau,1832,24.2953
Lakhnau,1833,24.439749999999993
Lakhnau,1834,24.364333333333335
Lakhnau,1835,23.43041666666667
Lakhnau,1836,24.16841666666667
Lakhnau,1837,24.059
Lakhnau,1838,24.0325
Lakhnau,1839,24.10041666666667
Lakhnau,1840,24.354916666666668
Lakhnau,1841,24.165166666666668
Lakhnau,1842,24.322249999999997
Lakhnau,1843,24.295999999999996
Lakhnau,1844,23.9255
Lakhnau,1845,24.186666666666667
Lakhnau,1846,24.64633333333333
Lakhnau,1847,24.181749999999994
Lakhnau,1848,24.02841666666667
Lakhnau,1849,24.048833333333334
Lakhnau,1850,24.4355
Lakhnau,1851,24.373166666666666
Lakhnau,1852,24.190833333333334
Lakhnau,1853,24.534583333333334
Lakhnau,1854,24.633166666666664
Lakhnau,1855,24.761454545454548
Lakhnau,1856,23.45263636363637
Lakhnau,1857,23.857416666666666
Lakhnau,1865,26.75688888888889
Lakhnau,1866,24.654416666666663
Lakhnau,1867,24.746833333333328
Lakhnau,1868,24.428833333333333
Lakhnau,1869,24.566416666666665
Lakhnau,1870,24.4405
Lakhnau,1871,24.508083333333335
Lakhnau,1872,24.524666666666672
Lakhnau,1873,24.61808333333333
Lakhnau,1874,24.52725
Lakhnau,1875,24.83991666666667
Lakhnau,1876,24.668333333333337
Lakhnau,1877,24.827333333333332
Lakhnau,1878,24.940333333333328
Lakhnau,1879,24.433166666666665
Lakhnau,1880,24.788083333333333
Lakhnau,1881,24.43583333333333
Lakhnau,1882,24.388166666666667
Lakhnau,1883,24.34608333333333
Lakhnau,1884,24.213666666666665
Lakhnau,1885,24.108666666666664
Lakhnau,1886,24.43575
Lakhnau,1887,24.312583333333333
Lakhnau,1888,24.517500000000002
Lakhnau,1889,24.901166666666672
Lakhnau,1890,24.534333333333336
Lakhnau,1891,24.297083333333337
Lakhnau,1892,25.062750000000005
Lakhnau,1893,23.525583333333334
Lakhnau,1894,24.541999999999998
Lakhnau,1895,24.6825
Lakhnau,1896,25.57041666666667
Lakhnau,1897,25.31975
Lakhnau,1898,24.93825
Lakhnau,1899,25.01516666666667
Lakhnau,1900,25.13666666666667
Lakhnau,1901,25.020166666666668
Lakhnau,1902,25.167666666666666
Lakhnau,1903,24.824
Lakhnau,1904,24.55858333333333
Lakhnau,1905,24.129
Lakhnau,1906,24.793666666666667
Lakhnau,1907,24.682666666666673
Lakhnau,1908,24.934833333333334
Lakhnau,1909,24.522999999999996
Lakhnau,1910,24.474000000000004
Lakhnau,1911,24.788083333333333
Lakhnau,1912,24.711833333333335
Lakhnau,1913,24.507999999999992
Lakhnau,1914,24.7745
Lakhnau,1915,25.05883333333333
Lakhnau,1916,24.577416666666668
Lakhnau,1917,23.60316666666667
Lakhnau,1918,24.72458333333333
Lakhnau,1919,24.484250000000003
Lakhnau,1920,24.759
Lakhnau,1921,25.3475
Lakhnau,1922,24.73925
Lakhnau,1923,24.997083333333336
Lakhnau,1924,24.938333333333333
Lakhnau,1925,24.40008333333333
Lakhnau,1926,24.58475
Lakhnau,1927,24.599333333333334
Lakhnau,1928,25.28475
Lakhnau,1929,24.993416666666672
Lakhnau,1930,24.91241666666666
Lakhnau,1931,25.35966666666667
Lakhnau,1932,25.213166666666666
Lakhnau,1933,24.28291666666667
Lakhnau,1934,24.64341666666667
Lakhnau,1935,24.59758333333333
Lakhnau,1936,24.333249999999996
Lakhnau,1937,24.324916666666667
Lakhnau,1938,24.70725
Lakhnau,1939,24.74983333333333
Lakhnau,1940,24.646083333333333
Lakhnau,1941,25.66558333333333
Lakhnau,1942,25.089499999999997
Lakhnau,1943,24.944000000000003
Lakhnau,1944,24.58983333333333
Lakhnau,1945,24.407583333333335
Lakhnau,1946,24.948666666666664
Lakhnau,1947,25.20975
Lakhnau,1948,25.016499999999997
Lakhnau,1949,25.000833333333333
Lakhnau,1950,24.433000000000003
Lakhnau,1951,25.124750000000002
Lakhnau,1952,25.30566666666667
Lakhnau,1953,25.544833333333333
Lakhnau,1954,25.147499999999997
Lakhnau,1955,24.698916666666662
Lakhnau,1956,24.749083333333335
Lakhnau,1957,24.664083333333334
Lakhnau,1958,25.74116666666667
Lakhnau,1959,25.301000000000002
Lakhnau,1960,25.230833333333333
Lakhnau,1961,24.528833333333335
Lakhnau,1962,24.81708333333333
Lakhnau,1963,24.897333333333332
Lakhnau,1964,24.976416666666665
Lakhnau,1965,24.977083333333336
Lakhnau,1966,25.576666666666668
Lakhnau,1967,24.771083333333333
Lakhnau,1968,24.64425
Lakhnau,1969,25.425750000000004
Lakhnau,1970,24.93316666666667
Lakhnau,1971,24.087499999999995
Lakhnau,1972,25.05666666666667
Lakhnau,1973,25.226250000000004
Lakhnau,1974,25.13633333333333
Lakhnau,1975,24.823166666666665
Lakhnau,1976,25.046249999999997
Lakhnau,1977,25.149833333333333
Lakhnau,1978,24.65608333333333
Lakhnau,1979,25.507166666666663
Lakhnau,1980,25.305166666666665
Lakhnau,1981,25.05316666666667
Lakhnau,1982,24.918500000000005
Lakhnau,1983,24.429
Lakhnau,1984,25.004166666666663
Lakhnau,1985,25.44225
Lakhnau,1986,25.002916666666668
Lakhnau,1987,25.819333333333333
Lakhnau,1988,25.603499999999997
Lakhnau,1989,24.954916666666666
Lakhnau,1990,25.121416666666672
Lakhnau,1991,25.31566666666667
Lakhnau,1992,25.271416666666664
Lakhnau,1993,25.2675
Lakhnau,1994,25.32541666666667
Lakhnau,1995,25.54608333333334
Lakhnau,1996,25.30575
Lakhnau,1997,24.705250000000003
Lakhnau,1998,25.46383333333333
Lakhnau,1999,25.780583333333336
Lakhnau,2000,25.353916666666667
Lakhnau,2001,25.326499999999996
Lakhnau,2002,26.116833333333336
Lakhnau,2003,25.40908333333333
Lakhnau,2004,25.5865
Lakhnau,2005,25.6215
Lakhnau,2006,25.848833333333342
Lakhnau,2007,25.43608333333333
Lakhnau,2008,25.109750000000002
Lakhnau,2009,25.987083333333334
Lakhnau,2010,26.02175
Lakhnau,2011,25.062083333333334
Lakhnau,2012,25.44541666666667
Lakhnau,2013,26.12125
Lima,1881,15.746100000000002
Lima,1882,15.880666666666668
Lima,1883,16.182363636363633
Lima,1884,16.141545454545454
Lima,1886,15.8091
Lima,1891,16.04733333333333
Lima,1892,16.056250000000002
Lima,1893,15.982166666666666
Lima,1894,16.219166666666666
Lima,1895,16.349416666666666
Lima,1896,16.52941666666667
Lima,1897,16.400583333333334
Lima,1898,15.485700000000003
Lima,1899,16.306500000000003
Lima,1900,16.75475
Lima,1901,16.455083333333334
Lima,1902,16.489
Lima,1903,16.257416666666668
Lima,1904,16.308166666666665
Lima,1905,16.76325
Lima,1906,16.3965
Lima,1907,16.18833333333333
Lima,1908,16.13633333333333
Lima,1909,16.053
Lima,1910,15.949583333333335
Lima,1911,16.377750000000002
Lima,1912,16.48616666666667
Lima,1913,16.627
Lima,1914,16.48625
Lima,1915,16.65516666666667
Lima,1916,15.818
Lima,1917,16.344333333333335
Lima,1918,16.7375
Lima,1919,17.078333333333337
Lima,1920,16.481333333333332
Lima,1921,15.996833333333333
Lima,1922,16.510083333333334
Lima,1923,16.504583333333333
Lima,1924,16.3775
Lima,1925,16.521916666666662
Lima,1926,16.890249999999998
Lima,1927,16.651
Lima,1928,16.762833333333333
Lima,1929,16.18525
Lima,1930,16.978416666666668
Lima,1931,16.630750000000003
Lima,1932,16.776333333333337
Lima,1933,16.198999999999998
Lima,1934,16.457250000000002
Lima,1935,16.743
Lima,1936,16.79416666666667
Lima,1937,16.553749999999997
Lima,1938,16.323666666666668
Lima,1939,17.73175
Lima,1940,17.195166666666665
Lima,1941,17.46725
Lima,1942,16.28708333333333
Lima,1943,17.16975
Lima,1944,16.94525
Lima,1945,16.960250000000002
Lima,1946,16.521083333333333
Lima,1947,16.822750000000003
Lima,1948,16.958249999999996
Lima,1949,16.737
Lima,1950,16.114
Lima,1951,17.32933333333333
Lima,1952,16.74625
Lima,1953,17.450333333333337
Lima,1954,16.01308333333333
Lima,1955,16.2385
Lima,1956,15.967666666666664
Lima,1957,17.980166666666666
Lima,1958,17.319
Lima,1959,16.871916666666667
Lima,1960,16.701333333333334
Lima,1961,16.8025
Lima,1962,16.74175
Lima,1963,16.95475
Lima,1964,16.285
Lima,1965,17.58825
Lima,1966,16.785749999999997
Lima,1967,16.35075
Lima,1968,16.36025
Lima,1969,17.456416666666666
Lima,1970,16.45266666666667
Lima,1971,16.308916666666665
Lima,1972,18.37233333333333
Lima,1973,16.824499999999997
Lima,1974,16.547
Lima,1975,16.389916666666668
Lima,1976,17.239166666666666
Lima,1977,17.05775
Lima,1978,16.64825
Lima,1979,16.985916666666668
Lima,1980,17.030749999999998
Lima,1981,16.710666666666665
Lima,1982,17.207083333333333
Lima,1983,18.76
Lima,1984,17.018166666666666
Lima,1985,16.679583333333333
Lima,1986,16.77475
Lima,1987,18.013499999999997
Lima,1988,16.577333333333332
Lima,1989,16.655166666666666
Lima,1990,16.84425
Lima,1991,17.15275
Lima,1992,17.957166666666666
Lima,1993,17.55783333333334
Lima,1994,17.3095
Lima,1995,17.260416666666664
Lima,1996,16.452916666666663
Lima,1997,18.620833333333334
Lima,1998,18.12741666666667
Lima,1999,16.646583333333336
Lima,2000,17.018166666666666
Lima,2001,16.94866666666667
Lima,2002,17.44333333333333
Lima,2003,17.35683333333333
Lima,2004,17.29375
Lima,2005,17.019499999999997
Lima,2006,17.60833333333333
Lima,2007,16.68016666666667
Lima,2008,17.337416666666666
Lima,2009,17.397
Lima,2010,16.969
Lima,2011,17.03475
Lima,2012,17.680916666666665
Lima,2013,16.995375
London,1743,7.541
London,1744,10.338875
London,1745,4.128
London,1750,10.248636363636363
London,1751,9.988875
London,1752,6.542166666666667
London,1753,9.421333333333333
London,1754,9.19825
London,1755,8.949083333333334
London,1756,9.41525
London,1757,9.338083333333335
London,1758,8.854583333333334
London,1759,9.802666666666667
London,1760,9.2615
London,1761,9.687083333333335
London,1762,8.991416666666668
London,1763,8.748666666666667
London,1764,9.142666666666667
London,1765,8.951416666666669
London,1766,9.070416666666668
London,1767,8.977916666666667
London,1768,9.123833333333334
London,1769,9.042916666666667
London,1770,9.0325
London,1771,8.784
London,1772,9.355166666666667
London,1773,9.331333333333335
London,1774,9.1045
London,1775,10.096416666666668
London,1776,9.209083333333334
London,1777,9.254000000000003
London,1778,9.80325
London,1779,10.76025
London,1780,9.669750000000002
London,1781,10.414083333333336
London,1782,8.444833333333333
London,1783,9.97275
London,1784,8.292
London,1785,8.541666666666666
London,1786,8.347083333333332
London,1787,9.52675
London,1788,9.389583333333334
London,1789,9.12425
London,1790,9.672833333333335
London,1791,9.591583333333332
London,1792,9.562916666666668
London,1793,9.5875
London,1794,9.999916666666666
London,1795,9.187749999999998
London,1796,9.498583333333334
London,1797,9.61975
London,1798,9.827250000000001
London,1799,7.938
London,1800,9.31725
London,1801,9.682416666666667
London,1802,9.3095
London,1803,8.792333333333334
London,1804,9.368333333333334
London,1805,8.558499999999999
London,1806,9.869000000000002
London,1807,9.028583333333332
London,1808,8.914666666666669
London,1809,8.99325
London,1810,8.9665
London,1811,10.104416666666667
London,1812,8.583416666666666
London,1813,9.133083333333333
London,1814,7.929333333333332
London,1815,8.994583333333333
London,1816,7.980916666666666
London,1817,8.948416666666667
London,1818,9.878749999999998
London,1819,9.584416666666668
London,1820,8.60975
London,1821,9.631083333333335
London,1822,10.360416666666666
London,1823,8.800416666666667
London,1824,9.654083333333334
London,1825,9.982583333333334
London,1826,10.12125
London,1827,9.368749999999999
London,1828,10.103833333333332
London,1829,7.947833333333334
London,1830,8.784833333333333
London,1831,10.013666666666667
London,1832,9.243750000000002
London,1833,9.396
London,1834,10.586166666666665
London,1835,9.483749999999999
London,1836,9.044416666666667
London,1837,8.853333333333335
London,1838,8.053333333333333
London,1839,8.889166666666666
London,1840,8.678666666666667
London,1841,9.121083333333333
London,1842,9.434166666666668
London,1843,9.400083333333333
London,1844,8.854666666666667
London,1845,8.455666666666668
London,1846,10.483250000000002
London,1847,9.240499999999999
London,1848,9.519333333333336
London,1849,9.419833333333335
London,1850,9.06125
London,1851,9.174916666666666
London,1852,9.959999999999999
London,1853,8.440416666666666
London,1854,9.299333333333333
London,1855,8.031416666666667
London,1856,9.165750000000001
London,1857,10.208833333333335
London,1858,9.203916666666668
London,1859,9.969166666666668
London,1860,8.1695
London,1861,9.417750000000002
London,1862,9.5585
London,1863,9.897583333333335
London,1864,8.736000000000002
London,1865,9.815666666666667
London,1866,9.692666666666666
London,1867,9.055750000000002
London,1868,10.501916666666666
London,1869,9.456250000000002
London,1870,8.943
London,1871,8.971333333333336
London,1872,10.073333333333332
London,1873,9.261333333333333
London,1874,9.372333333333335
London,1875,9.427000000000001
London,1876,9.746416666666665
London,1877,9.42675
London,1878,9.46725
London,1879,7.620333333333334
London,1880,9.349166666666667
London,1881,8.706666666666667
London,1882,9.425083333333331
London,1883,9.2055
London,1884,9.864833333333333
London,1885,8.683
London,1886,8.8025
London,1887,8.390833333333333
London,1888,8.31408333333333
London,1889,8.909500000000001
London,1890,8.858916666666667
London,1891,8.652833333333332
London,1892,8.352333333333332
London,1893,10.054250000000001
London,1894,9.423666666666668
London,1895,8.905
London,1896,9.409083333333335
London,1897,9.495166666666668
London,1898,10.075083333333334
London,1899,9.85025
London,1900,9.733083333333333
London,1901,9.195416666666665
London,1902,8.952583333333335
London,1903,9.44525
London,1904,9.184583333333334
London,1905,9.24525
London,1906,9.615833333333335
London,1907,9.030916666666668
London,1908,9.3075
London,1909,8.699666666666667
London,1910,9.39175
London,1911,10.220999999999998
London,1912,9.573916666666667
London,1913,9.890000000000002
London,1914,9.979916666666666
London,1915,9.07225
London,1916,9.281249999999998
London,1917,8.648249999999999
London,1918,9.602166666666667
London,1919,8.484916666666669
London,1920,9.672166666666666
London,1921,10.598083333333335
London,1922,8.814666666666668
London,1923,9.165166666666666
London,1924,9.341416666666666
London,1925,9.314666666666666
London,1926,9.831416666666668
London,1927,9.246916666666667
London,1928,9.694083333333333
London,1929,9.086916666666667
London,1930,9.6995
London,1931,9.115250000000001
London,1932,9.574166666666668
London,1933,9.961500000000001
London,1934,10.114583333333334
London,1935,9.90075
London,1936,9.429
London,1937,9.692333333333332
London,1938,10.179416666666667
London,1939,9.773583333333335
London,1940,9.057500000000001
London,1941,9.0855
London,1942,9.09825
London,1943,10.190083333333334
London,1944,9.615666666666668
London,1945,10.394666666666666
London,1946,9.583500000000003
London,1947,9.754583333333334
London,1948,10.16
London,1949,10.63
London,1950,9.754666666666667
London,1951,9.524833333333333
London,1952,9.354916666666666
London,1953,9.945083333333335
London,1954,9.35041666666667
London,1955,9.388666666666667
London,1956,8.8705
London,1957,10.260916666666667
London,1958,9.658000000000001
London,1959,10.633583333333334
London,1960,9.883750000000001
London,1961,10.196833333333332
London,1962,8.645666666666667
London,1963,8.481083333333334
London,1964,9.533583333333334
London,1965,9.03075
London,1966,9.585333333333333
London,1967,9.808
London,1968,9.483333333333334
London,1969,9.470666666666668
London,1970,9.690833333333334
London,1971,9.888916666666667
London,1972,9.411583333333335
London,1973,9.750083333333334
London,1974,9.698083333333335
London,1975,9.994333333333335
London,1976,10.282166666666667
London,1977,9.690166666666668
London,1978,9.411416666666666
London,1979,9.058666666666666
London,1980,9.54275
London,1981,9.381333333333334
London,1982,10.066
London,1983,10.116
London,1984,9.748583333333334
London,1985,8.998666666666667
London,1986,8.937
London,1987,9.215833333333334
London,1988,9.824499999999999
London,1989,10.759
London,1990,10.940249999999999
London,1991,9.669666666666666
London,1992,10.154000000000002
London,1993,9.693583333333335
London,1994,10.484916666666667
London,1995,10.551833333333333
London,1996,9.269083333333334
London,1997,10.640916666666667
London,1998,10.399000000000003
London,1999,10.8615
London,2000,10.519166666666667
London,2001,10.180416666666666
London,2002,10.911416666666666
London,2003,10.809416666666666
London,2004,10.76783333333333
London,2005,10.630333333333333
London,2006,11.09675
London,2007,10.834416666666668
London,2008,10.377583333333336
London,2009,10.5235
London,2010,9.3755
London,2011,11.193583333333335
London,2012,9.997583333333333
London,2013,9.907250000000001
Los Angeles,1849,15.709583333333333
Los Angeles,1850,15.27825
Los Angeles,1851,15.526499999999999
Los Angeles,1852,15.610999999999999
Los Angeles,1853,16.274
Los Angeles,1854,15.741500000000002
Los Angeles,1855,15.942916666666669
Los Angeles,1856,15.51975
Los Angeles,1857,16.189500000000002
Los Angeles,1858,15.673083333333336
Los Angeles,1859,15.28958333333334
Los Angeles,1860,15.411000000000001
Los Angeles,1861,16.5115
Los Angeles,1862,16.04825
Los Angeles,1863,15.875583333333331
Los Angeles,1864,16.624750000000002
Los Angeles,1865,15.890166666666667
Los Angeles,1866,16.325916666666664
Los Angeles,1867,16.5145
Los Angeles,1868,16.0945
Los Angeles,1869,16.050916666666666
Los Angeles,1870,15.640666666666668
Los Angeles,1871,15.893833333333335
Los Angeles,1872,15.658666666666667
Los Angeles,1873,15.69641666666667
Los Angeles,1874,15.325999999999999
Los Angeles,1875,16.186500000000002
Los Angeles,1876,15.699333333333334
Los Angeles,1877,16.239916666666662
Los Angeles,1878,15.442583333333332
Los Angeles,1879,15.549999999999997
Los Angeles,1880,14.35608333333333
Los Angeles,1881,15.6485
Los Angeles,1882,14.845166666666664
Los Angeles,1883,15.515250000000002
Los Angeles,1884,15.275166666666669
Los Angeles,1885,16.435416666666665
Los Angeles,1886,15.737333333333332
Los Angeles,1887,15.624416666666669
Los Angeles,1888,15.91475
Los Angeles,1889,16.223166666666668
Los Angeles,1890,15.801749999999998
Los Angeles,1891,15.633583333333334
Los Angeles,1892,15.328333333333333
Los Angeles,1893,14.949250000000001
Los Angeles,1894,14.83483333333333
Los Angeles,1895,15.359166666666669
Los Angeles,1896,16.101666666666663
Los Angeles,1897,15.317749999999998
Los Angeles,1898,15.652249999999997
Los Angeles,1899,15.594916666666668
Los Angeles,1900,16.079
Los Angeles,1901,15.718583333333335
Los Angeles,1902,15.076250000000002
Los Angeles,1903,15.486333333333334
Los Angeles,1904,16.236833333333333
Los Angeles,1905,15.521166666666666
Los Angeles,1906,15.738583333333336
Los Angeles,1907,15.461749999999997
Los Angeles,1908,15.168999999999999
Los Angeles,1909,15.011499999999998
Los Angeles,1910,15.938416666666667
Los Angeles,1911,14.817250000000003
Los Angeles,1912,14.8435
Los Angeles,1913,15.19916666666667
Los Angeles,1914,15.647
Los Angeles,1915,15.4325
Los Angeles,1916,14.602833333333335
Los Angeles,1917,15.593250000000003
Los Angeles,1918,15.652500000000002
Los Angeles,1919,15.335083333333335
Los Angeles,1920,15.055749999999998
Los Angeles,1921,15.756750000000002
Los Angeles,1922,15.308083333333334
Los Angeles,1923,15.394666666666666
Los Angeles,1924,15.68908333333333
Los Angeles,1925,15.722
Los Angeles,1926,16.59991666666667
Los Angeles,1927,15.414833333333334
Los Angeles,1928,15.984166666666665
Los Angeles,1929,16.104416666666662
Los Angeles,1930,15.986999999999997
Los Angeles,1931,16.60225
Los Angeles,1932,15.396999999999998
Los Angeles,1933,15.396666666666667
Los Angeles,1934,17.026750000000003
Los Angeles,1935,15.503666666666666
Los Angeles,1936,16.596500000000002
Los Angeles,1937,15.681750000000001
Los Angeles,1938,15.893916666666668
Los Angeles,1939,16.304333333333332
Los Angeles,1940,16.531333333333333
Los Angeles,1941,15.619416666666666
Los Angeles,1942,15.77383333333333
Los Angeles,1943,16.121583333333334
Los Angeles,1944,15.032333333333334
Los Angeles,1945,15.704916666666668
Los Angeles,1946,15.65191666666667
Los Angeles,1947,15.982166666666666
Los Angeles,1948,15.092416666666665
Los Angeles,1949,15.362583333333333
Los Angeles,1950,16.2
Los Angeles,1951,15.758249999999999
Los Angeles,1952,15.326333333333336
Los Angeles,1953,15.682083333333336
Los Angeles,1954,16.047333333333338
Los Angeles,1955,15.34275
Los Angeles,1956,15.696583333333331
Los Angeles,1957,15.796583333333336
Los Angeles,1958,16.69725
Los Angeles,1959,17.045416666666668
Los Angeles,1960,16.314833333333333
Los Angeles,1961,16.21441666666667
Los Angeles,1962,15.624500000000003
Los Angeles,1963,15.728499999999999
Los Angeles,1964,15.284666666666668
Los Angeles,1965,15.34358333333333
Los Angeles,1966,15.986416666666663
Los Angeles,1967,15.916333333333329
Los Angeles,1968,15.894499999999999
Los Angeles,1969,15.794166666666664
Los Angeles,1970,15.999416666666667
Los Angeles,1971,15.260250000000001
Los Angeles,1972,15.95675
Los Angeles,1973,15.510333333333335
Los Angeles,1974,15.850416666666668
Los Angeles,1975,15.124
Los Angeles,1976,16.181416666666667
Los Angeles,1977,16.256333333333334
Los Angeles,1978,16.010833333333334
Los Angeles,1979,15.877749999999999
Los Angeles,1980,16.228083333333334
Los Angeles,1981,16.892916666666668
Los Angeles,1982,15.436
Los Angeles,1983,16.195
Los Angeles,1984,16.761
Los Angeles,1985,15.955833333333336
Los Angeles,1986,16.503333333333334
Los Angeles,1987,16.094416666666664
Los Angeles,1988,16.44258333333333
Los Angeles,1989,16.360416666666666
Los Angeles,1990,16.3735
Los Angeles,1991,16.001583333333333
Los Angeles,1992,16.787833333333335
Los Angeles,1993,16.363166666666668
Los Angeles,1994,16.286083333333334
Los Angeles,1995,16.635250000000003
Los Angeles,1996,17.083833333333335
Los Angeles,1997,16.931583333333332
Los Angeles,1998,15.370666666666667
Los Angeles,1999,16.11841666666667
Los Angeles,2000,16.643333333333334
Los Angeles,2001,16.46625
Los Angeles,2002,16.43025
Los Angeles,2003,16.944666666666667
Los Angeles,2004,16.552833333333336
Los Angeles,2005,16.431416666666667
Los Angeles,2006,16.623083333333334
Los Angeles,2007,16.699916666666663
Los Angeles,2008,17.01475
Los Angeles,2009,16.677000000000003
Los Angeles,2010,15.887
Los Angeles,2011,15.874833333333333
Los Angeles,2012,17.089583333333334
Los Angeles,2013,18.12066666666667
Luanda,1857,22.65157142857143
Luanda,1858,23.428875
Luanda,1859,22.921800000000005
Luanda,1860,23.388555555555552
Luanda,1861,23.0934
Luanda,1862,24.3825
Luanda,1873,22.904625000000003
Luanda,1874,23.516818181818188
Luanda,1875,23.028750000000002
Luanda,1876,23.802555555555553
Luanda,1877,23.563583333333337
Luanda,1878,23.59691666666667
Luanda,1879,22.642416666666666
Luanda,1880,22.24175
Luanda,1881,22.61675
Luanda,1882,23.00333333333334
Luanda,1883,23.008166666666668
Luanda,1884,22.806083333333333
Luanda,1885,23.532
Luanda,1886,23.46291666666667
Luanda,1887,22.88
Luanda,1888,23.017916666666668
Luanda,1889,23.844083333333334
Luanda,1890,22.509
Luanda,1891,22.701583333333335
Luanda,1892,22.831166666666665
Luanda,1893,23.460583333333332
Luanda,1894,23.2585
Luanda,1895,23.398083333333332
Luanda,1896,23.453166666666664
Luanda,1897,23.53033333333333
Luanda,1898,23.099416666666666
Luanda,1899,23.481333333333335
Luanda,1900,23.589833333333335
Luanda,1901,23.68058333333333
Luanda,1902,23.522166666666667
Luanda,1903,23.45975
Luanda,1904,22.71666666666667
Luanda,1905,23.446583333333333
Luanda,1906,23.245500000000003
Luanda,1907,22.9875
Luanda,1908,23.1885
Luanda,1909,23.68466666666667
Luanda,1910,23.5355
Luanda,1911,22.9355
Luanda,1912,23.873083333333337
Luanda,1913,23.611166666666666
Luanda,1914,23.343916666666672
Luanda,1915,23.50266666666667
Luanda,1916,23.957583333333332
Luanda,1917,23.53325
Luanda,1918,22.964249999999996
Luanda,1919,22.942666666666668
Luanda,1920,23.5505
Luanda,1921,23.750416666666666
Luanda,1922,23.34608333333333
Luanda,1923,23.382416666666668
Luanda,1924,24.076000000000004
Luanda,1925,23.564666666666668
Luanda,1926,23.91691666666667
Luanda,1927,23.784833333333335
Luanda,1928,23.975166666666667
Luanda,1929,23.533583333333336
Luanda,1930,23.33475
Luanda,1931,23.977749999999997
Luanda,1932,23.48
Luanda,1933,23.741583333333335
Luanda,1934,24.240166666666664
Luanda,1935,23.781499999999998
Luanda,1936,23.51675
Luanda,1937,24.113333333333333
Luanda,1938,23.70183333333333
Luanda,1939,23.555833333333336
Luanda,1940,23.501916666666663
Luanda,1941,23.949666666666662
Luanda,1942,23.638916666666663
Luanda,1943,23.229416666666665
Luanda,1944,24.277
Luanda,1945,24.201000000000004
Luanda,1946,23.842
Luanda,1947,24.255750000000003
Luanda,1948,23.67833333333333
Luanda,1949,24.231749999999995
Luanda,1950,23.764916666666668
Luanda,1951,23.921583333333334
Luanda,1952,23.934249999999995
Luanda,1953,23.61108333333333
Luanda,1954,23.24416666666667
Luanda,1955,23.48266666666667
Luanda,1956,23.402250000000006
Luanda,1957,23.967166666666667
Luanda,1958,23.494249999999997
Luanda,1959,23.901833333333332
Luanda,1960,23.978166666666667
Luanda,1961,23.751166666666663
Luanda,1962,23.780833333333334
Luanda,1963,24.10891666666667
Luanda,1964,23.692083333333333
Luanda,1965,23.623833333333334
Luanda,1966,23.976166666666668
Luanda,1967,23.64641666666667
Luanda,1968,23.49416666666666
Luanda,1969,24.01291666666667
Luanda,1970,23.9225
Luanda,1971,23.67358333333333
Luanda,1972,23.565250000000002
Luanda,1973,24.340666666666664
Luanda,1974,23.60383333333333
Luanda,1975,23.626333333333335
Luanda,1976,23.381000000000004
Luanda,1977,24.120583333333332
Luanda,1978,23.75
Luanda,1979,24.130666666666666
Luanda,1980,23.9875
Luanda,1981,23.84325
Luanda,1982,23.219333333333335
Luanda,1983,23.937083333333334
Luanda,1984,24.250916666666665
Luanda,1985,23.94158333333333
Luanda,1986,23.948000000000004
Luanda,1987,24.488166666666668
Luanda,1988,24.373583333333332
Luanda,1989,23.990749999999995
Luanda,1990,24.12075
Luanda,1991,24.024333333333335
Luanda,1992,23.962083333333336
Luanda,1993,24.154083333333332
Luanda,1994,24.036583333333336
Luanda,1995,24.56058333333333
Luanda,1996,24.110500000000002
Luanda,1997,24.058083333333332
Luanda,1998,24.958333333333332
Luanda,1999,24.369916666666665
Luanda,2000,24.41033333333333
Luanda,2001,24.427083333333332
Luanda,2002,24.79091666666667
Luanda,2003,24.867166666666666
Luanda,2004,24.216166666666666
Luanda,2005,24.41458333333333
Luanda,2006,24.138416666666668
Luanda,2007,24.241583333333327
Luanda,2008,24.266333333333332
Luanda,2009,24.32508333333333
Luanda,2010,24.440250000000002
Luanda,2011,24.15075
Luanda,2012,24.24008333333333
Luanda,2013,24.553875000000005
Madras,1796,27.991833333333336
Madras,1797,29.278700000000004
Madras,1798,28.169300000000003
Madras,1799,28.326416666666663
Madras,1800,28.40591666666667
Madras,1801,27.998399999999997
Madras,1802,29.032500000000002
Madras,1803,28.824499999999997
Madras,1804,29.309416666666664
Madras,1805,28.575916666666668
Madras,1806,28.421666666666667
Madras,1807,28.1697
Madras,1813,27.78216666666667
Madras,1814,27.325454545454544
Madras,1815,27.349500000000003
Madras,1816,26.891750000000002
Madras,1817,27.175583333333336
Madras,1818,27.330916666666667
Madras,1819,27.41791666666667
Madras,1820,27.46433333333333
Madras,1821,27.957833333333337
Madras,1822,27.866000000000003
Madras,1823,28.297416666666663
Madras,1824,28.69008333333333
Madras,1825,28.221500000000006
Madras,1826,28.466250000000002
Madras,1827,28.136000000000006
Madras,1828,28.17808333333333
Madras,1829,28.033833333333334
Madras,1830,27.863249999999997
Madras,1831,28.07258333333333
Madras,1832,28.166999999999994
Madras,1833,28.018
Madras,1834,28.13383333333333
Madras,1835,27.44783333333333
Madras,1836,27.69875
Madras,1837,27.82941666666667
Madras,1838,27.96775
Madras,1839,27.951166666666666
Madras,1840,27.993416666666672
Madras,1841,27.587
Madras,1842,27.705250000000003
Madras,1843,27.424083333333332
Madras,1844,27.629166666666674
Madras,1845,27.951000000000004
Madras,1846,28.37216666666667
Madras,1847,27.859083333333334
Madras,1848,27.87891666666667
Madras,1849,27.844916666666663
Madras,1850,27.990583333333333
Madras,1851,28.029416666666673
Madras,1852,27.96841666666667
Madras,1853,28.27433333333333
Madras,1854,28.350583333333333
Madras,1855,28.389333333333337
Madras,1856,27.767916666666668
Madras,1857,27.29416666666667
Madras,1858,28.165750000000003
Madras,1859,28.11966666666667
Madras,1860,27.965833333333336
Madras,1861,27.785166666666665
Madras,1862,24.87766666666667
Madras,1865,28.62675
Madras,1866,28.617416666666667
Madras,1867,28.48008333333333
Madras,1868,28.431833333333334
Madras,1869,28.331249999999997
Madras,1870,27.945749999999993
Madras,1871,28.13175
Madras,1872,28.060166666666664
Madras,1873,28.106333333333325
Madras,1874,28.085333333333335
Madras,1875,28.22108333333333
Madras,1876,28.389000000000006
Madras,1877,28.72541666666667
Madras,1878,28.812583333333336
Madras,1879,27.997249999999998
Madras,1880,28.166916666666665
Madras,1881,28.319999999999997
Madras,1882,28.09341666666667
Madras,1883,27.902166666666663
Madras,1884,27.867
Madras,1885,28.10633333333333
Madras,1886,27.994249999999997
Madras,1887,27.926750000000002
Madras,1888,28.208666666666673
Madras,1889,28.24458333333334
Madras,1890,28.152500000000003
Madras,1891,28.675583333333332
Madras,1892,28.193916666666667
Madras,1893,27.88191666666667
Madras,1894,28.435000000000002
Madras,1895,28.200500000000005
Madras,1896,28.675166666666666
Madras,1897,28.882916666666674
Madras,1898,28.279000000000007
Madras,1899,28.44425
Madras,1900,28.887249999999998
Madras,1901,28.62666666666667
Madras,1902,28.605833333333337
Madras,1903,28.231166666666667
Madras,1904,28.216499999999996
Madras,1905,28.574916666666663
Madras,1906,28.657750000000004
Madras,1907,28.27558333333333
Madras,1908,28.27733333333333
Madras,1909,28.281000000000006
Madras,1910,28.109916666666667
Madras,1911,28.50133333333333
Madras,1912,28.568416666666664
Madras,1913,28.5865
Madras,1914,28.388499999999997
Madras,1915,28.74658333333333
Madras,1916,28.239166666666666
Madras,1917,27.834333333333333
Madras,1918,28.300666666666668
Madras,1919,28.60775
Madras,1920,28.70566666666667
Madras,1921,28.36691666666667
Madras,1922,28.383416666666665
Madras,1923,28.524083333333333
Madras,1924,28.51708333333333
Madras,1925,28.120999999999995
Madras,1926,28.70008333333333
Madras,1927,28.742250000000002
Madras,1928,28.69583333333333
Madras,1929,28.560083333333335
Madras,1930,28.277083333333326
Madras,1931,28.639166666666664
Madras,1932,28.20475
Madras,1933,28.150583333333334
Madras,1934,28.306
Madras,1935,28.590166666666672
Madras,1936,28.715166666666672
Madras,1937,28.468416666666666
Madras,1938,28.461249999999996
Madras,1939,28.499083333333335
Madras,1940,28.45533333333333
Madras,1941,29.029833333333332
Madras,1942,28.702166666666667
Madras,1943,28.136499999999998
Madras,1944,28.376416666666668
Madras,1945,28.468500000000002
Madras,1946,28.50191666666667
Madras,1947,28.565833333333334
Madras,1948,28.870250000000002
Madras,1949,28.230833333333333
Madras,1950,28.343166666666665
Madras,1951,28.559000000000008
Madras,1952,28.702416666666664
Madras,1953,28.82983333333333
Madras,1954,28.504500000000007
Madras,1955,28.381500000000003
Madras,1956,28.429333333333332
Madras,1957,28.690916666666666
Madras,1958,29.05616666666667
Madras,1959,28.772833333333338
Madras,1960,28.699916666666667
Madras,1961,28.47816666666667
Madras,1962,28.340249999999997
Madras,1963,28.462333333333333
Madras,1964,28.776916666666665
Madras,1965,28.67866666666667
Madras,1966,28.886583333333334
Madras,1967,28.44116666666667
Madras,1968,28.718666666666664
Madras,1969,28.825083333333335
Madras,1970,28.437666666666672
Madras,1971,28.25016666666666
Madras,1972,28.888500000000004
Madras,1973,29.091333333333335
Madras,1974,28.53741666666667
Madras,1975,28.488833333333332
Madras,1976,28.573666666666668
Madras,1977,28.803583333333336
Madras,1978,28.784499999999998
Madras,1979,29.174250000000004
Madras,1980,29.110833333333332
Madras,1981,28.69666666666667
Madras,1982,29.032750000000004
Madras,1983,29.06191666666666
Madras,1984,28.75175
Madras,1985,28.8835
Madras,1986,29.139750000000003
Madras,1987,29.2205
Madras,1988,29.044500000000003
Madras,1989,28.668583333333334
Madras,1990,28.764833333333332
Madras,1991,28.833583333333333
Madras,1992,28.660833333333333
Madras,1993,28.76275
Madras,1994,28.80308333333333
Madras,1995,28.78075
Madras,1996,28.7765
Madras,1997,29.181750000000005
Madras,1998,29.55275
Madras,1999,28.952583333333337
Madras,2000,28.811666666666667
Madras,2001,29.16291666666667
Madras,2002,29.246499999999997
Madras,2003,29.273083333333332
Madras,2004,28.810916666666667
Madras,2005,29.099416666666666
Madras,2006,29.07325
Madras,2007,28.970166666666668
Madras,2008,29.024083333333333
Madras,2009,29.417416666666664
Madras,2010,29.047333333333338
Madras,2011,29.06316666666667
Madras,2012,29.77841666666667
Madras,2013,30.41175
Madrid,1743,6.651999999999999
Madrid,1744,12.4125
Madrid,1745,5.45925
Madrid,1750,12.012545454545453
Madrid,1751,12.705625000000001
Madrid,1752,7.073166666666666
Madrid,1753,11.465250000000003
Madrid,1754,11.487916666666669
Madrid,1755,11.173333333333334
Madrid,1756,11.496749999999999
Madrid,1757,11.335250000000002
Madrid,1758,10.236083333333335
Madrid,1759,11.346833333333334
Madrid,1760,10.918416666666667
Madrid,1761,11.527166666666666
Madrid,1762,11.430916666666668
Madrid,1763,10.791166666666664
Madrid,1764,11.456166666666666
Madrid,1765,11.479083333333334
Madrid,1766,11.344249999999997
Madrid,1767,11.447833333333334
Madrid,1768,10.771833333333333
Madrid,1769,11.227916666666667
Madrid,1770,11.075249999999999
Madrid,1771,11.567666666666666
Madrid,1772,12.180416666666666
Madrid,1773,11.15125
Madrid,1774,11.786583333333333
Madrid,1775,11.929583333333333
Madrid,1776,11.433916666666669
Madrid,1777,11.268
Madrid,1778,11.619833333333334
Madrid,1779,11.803499999999998
Madrid,1780,12.212583333333333
Madrid,1781,11.853416666666668
Madrid,1782,10.839166666666666
Madrid,1783,11.395333333333333
Madrid,1784,11.151333333333334
Madrid,1785,10.953333333333333
Madrid,1786,11.359833333333334
Madrid,1787,11.50891666666667
Madrid,1788,11.975083333333336
Madrid,1789,10.724833333333331
Madrid,1790,11.571333333333333
Madrid,1791,11.591166666666668
Madrid,1792,11.575333333333331
Madrid,1793,11.567
Madrid,1794,11.460666666666668
Madrid,1795,11.560333333333332
Madrid,1796,11.355333333333334
Madrid,1797,11.190416666666666
Madrid,1798,11.53425
Madrid,1799,11.017333333333331
Madrid,1800,11.949833333333336
Madrid,1801,11.741166666666667
Madrid,1802,11.895916666666665
Madrid,1803,11.611416666666665
Madrid,1804,12.063249999999998
Madrid,1805,11.097416666666668
Madrid,1806,11.738166666666666
Madrid,1807,11.127416666666667
Madrid,1808,10.467
Madrid,1809,10.649499999999998
Madrid,1810,10.39525
Madrid,1811,10.836416666666667
Madrid,1812,10.43025
Madrid,1813,10.664250000000001
Madrid,1814,10.263666666666667
Madrid,1815,10.852416666666665
Madrid,1816,10.199833333333332
Madrid,1817,11.37025
Madrid,1818,11.669833333333335
Madrid,1819,11.023916666666667
Madrid,1820,10.832833333333333
Madrid,1821,11.672583333333336
Madrid,1822,11.666083333333333
Madrid,1823,11.077833333333333
Madrid,1824,11.429250000000001
Madrid,1825,11.623666666666667
Madrid,1826,11.341166666666666
Madrid,1827,11.216416666666667
Madrid,1828,11.65475
Madrid,1829,10.772583333333332
Madrid,1830,11.307833333333333
Madrid,1831,11.646083333333335
Madrid,1832,11.145333333333333
Madrid,1833,11.073749999999999
Madrid,1834,12.086916666666667
Madrid,1835,10.977083333333335
Madrid,1836,11.11016666666667
Madrid,1837,11.085666666666667
Madrid,1838,11.228000000000002
Madrid,1839,11.15775
Madrid,1840,10.960416666666667
Madrid,1841,11.229916666666666
Madrid,1842,11.16825
Madrid,1843,11.405333333333333
Madrid,1844,11.234250000000001
Madrid,1845,10.830083333333334
Madrid,1846,11.854833333333334
Madrid,1847,11.299666666666665
Madrid,1848,10.972416666666668
Madrid,1849,11.298916666666665
Madrid,1850,11.403583333333332
Madrid,1851,11.014916666666666
Madrid,1852,11.837083333333332
Madrid,1853,10.415000000000001
Madrid,1854,11.189916666666667
Madrid,1855,10.609999999999998
Madrid,1856,11.868083333333333
Madrid,1857,11.343666666666666
Madrid,1858,11.738750000000001
Madrid,1859,11.248083333333334
Madrid,1860,10.571333333333333
Madrid,1861,11.265916666666667
Madrid,1862,11.291416666666665
Madrid,1863,11.189416666666666
Madrid,1864,11.49125
Madrid,1865,11.396916666666668
Madrid,1866,11.406500000000001
Madrid,1867,11.60566666666667
Madrid,1868,11.835833333333333
Madrid,1869,11.341166666666666
Madrid,1870,11.704916666666668
Madrid,1871,11.097916666666665
Madrid,1872,11.310583333333334
Madrid,1873,11.248583333333336
Madrid,1874,11.604000000000001
Madrid,1875,11.6315
Madrid,1876,11.691166666666666
Madrid,1877,11.514000000000001
Madrid,1878,11.565833333333336
Madrid,1879,10.984499999999999
Madrid,1880,11.117583333333334
Madrid,1881,11.907416666666665
Madrid,1882,11.165916666666666
Madrid,1883,10.593250000000001
Madrid,1884,10.782499999999999
Madrid,1885,10.5925
Madrid,1886,10.993166666666667
Madrid,1887,10.708666666666666
Madrid,1888,10.435166666666666
Madrid,1889,10.350750000000001
Madrid,1890,10.535833333333334
Madrid,1891,10.72725
Madrid,1892,11.2515
Madrid,1893,11.869750000000002
Madrid,1894,10.873083333333334
Madrid,1895,11.81275
Madrid,1896,10.496833333333335
Madrid,1897,12.03775
Madrid,1898,11.531166666666666
Madrid,1899,12.499333333333334
Madrid,1900,11.537250000000002
Madrid,1901,10.836250000000001
Madrid,1902,11.08375
Madrid,1903,11.128750000000002
Madrid,1904,11.759
Madrid,1905,10.854666666666668
Madrid,1906,11.257749999999996
Madrid,1907,11.23625
Madrid,1908,11.572666666666668
Madrid,1909,10.904833333333334
Madrid,1910,10.816249999999998
Madrid,1911,11.161583333333333
Madrid,1912,10.948916666666664
Madrid,1913,11.359916666666665
Madrid,1914,11.178083333333333
Madrid,1915,11.31875
Madrid,1916,11.207333333333336
Madrid,1917,10.6325
Madrid,1918,11.11725
Madrid,1919,11.026416666666668
Madrid,1920,11.820416666666667
Madrid,1921,11.657750000000002
Madrid,1922,11.137833333333333
Madrid,1923,11.312833333333332
Madrid,1924,11.572416666666667
Madrid,1925,10.71875
Madrid,1926,12.125666666666667
Madrid,1927,11.539333333333332
Madrid,1928,11.759750000000002
Madrid,1929,11.852583333333333
Madrid,1930,11.790166666666666
Madrid,1931,11.483749999999999
Madrid,1932,10.905
Madrid,1933,11.490250000000001
Madrid,1934,11.363249999999999
Madrid,1935,11.271749999999999
Madrid,1936,11.170416666666666
Madrid,1937,12.031916666666667
Madrid,1938,11.928083333333333
Madrid,1939,11.231250000000001
Madrid,1940,11.527333333333331
Madrid,1941,11.097999999999999
Madrid,1942,11.625749999999998
Madrid,1943,12.114499999999998
Madrid,1944,11.258666666666668
Madrid,1945,12.560416666666667
Madrid,1946,11.098666666666666
Madrid,1947,12.379083333333332
Madrid,1948,12.490000000000002
Madrid,1949,12.430583333333336
Madrid,1950,12.174083333333334
Madrid,1951,11.14625
Madrid,1952,11.501083333333336
Madrid,1953,11.7555
Madrid,1954,11.288916666666667
Madrid,1955,12.446666666666665
Madrid,1956,10.340916666666667
Madrid,1957,11.300666666666666
Madrid,1958,11.803333333333335
Madrid,1959,11.801083333333336
Madrid,1960,11.571666666666665
Madrid,1961,12.596083333333333
Madrid,1962,11.70425
Madrid,1963,11.20275
Madrid,1964,11.969000000000001
Madrid,1965,11.549416666666666
Madrid,1966,11.791249999999998
Madrid,1967,11.495750000000001
Madrid,1968,11.84825
Madrid,1969,10.944166666666668
Madrid,1970,11.606666666666667
Madrid,1971,10.834416666666664
Madrid,1972,10.649
Madrid,1973,11.216333333333337
Madrid,1974,11.065583333333334
Madrid,1975,11.136166666666663
Madrid,1976,11.313916666666666
Madrid,1977,11.298416666666666
Madrid,1978,11.52683333333333
Madrid,1979,11.722
Madrid,1980,11.423083333333336
Madrid,1981,12.10275
Madrid,1982,12.054333333333334
Madrid,1983,11.977916666666665
Madrid,1984,11.048083333333336
Madrid,1985,12.04425
Madrid,1986,11.64725
Madrid,1987,12.363666666666665
Madrid,1988,11.827083333333334
Madrid,1989,13.036166666666665
Madrid,1990,12.679083333333336
Madrid,1991,11.92158333333333
Madrid,1992,11.89175
Madrid,1993,11.115333333333332
Madrid,1994,12.451166666666666
Madrid,1995,12.98775
Madrid,1996,11.96425
Madrid,1997,13.017333333333335
Madrid,1998,12.400083333333335
Madrid,1999,12.09025
Madrid,2000,12.203000000000001
Madrid,2001,12.329750000000002
Madrid,2002,12.515833333333333
Madrid,2003,12.924083333333334
Madrid,2004,12.172416666666669
Madrid,2005,12.262666666666666
Madrid,2006,13.056916666666668
Madrid,2007,11.888750000000002
Madrid,2008,11.916666666666666
Madrid,2009,12.959000000000001
Madrid,2010,12.006416666666667
Madrid,2011,13.2765
Madrid,2012,12.329833333333333
Madrid,2013,12.684875000000002
Manila,1853,26.21366666666667
Manila,1854,26.330416666666665
Manila,1855,26.0565
Manila,1856,25.645
Manila,1857,25.9664
Manila,1858,25.947333333333333
Manila,1859,26.16109090909091
Manila,1860,26.011499999999998
Manila,1861,25.84316666666666
Manila,1862,24.092
Manila,1865,26.270090909090904
Manila,1866,26.109083333333334
Manila,1867,26.357454545454548
Manila,1868,26.419666666666668
Manila,1869,26.372833333333336
Manila,1870,26.25408333333333
Manila,1871,26.13666666666667
Manila,1872,26.27958333333333
Manila,1873,26.18366666666667
Manila,1874,26.407750000000004
Manila,1875,25.963916666666673
Manila,1876,25.73091666666667
Manila,1877,26.454333333333327
Manila,1878,26.620916666666663
Manila,1879,26.140916666666666
Manila,1880,25.857250000000004
Manila,1881,25.895833333333332
Manila,1882,26.031333333333333
Manila,1883,25.927000000000003
Manila,1884,25.438916666666668
Manila,1885,25.77208333333333
Manila,1886,25.434583333333332
Manila,1887,25.60441666666667
Manila,1888,26.313666666666666
Manila,1889,26.24508333333333
Manila,1890,25.941166666666664
Manila,1891,25.971
Manila,1892,25.749333333333336
Manila,1893,25.73025
Manila,1894,25.87158333333333
Manila,1895,25.87333333333333
Manila,1896,26.032916666666665
Manila,1897,26.540249999999997
Manila,1898,26.191583333333327
Manila,1899,25.922583333333332
Manila,1900,26.206
Manila,1901,25.98783333333333
Manila,1902,26.154583333333335
Manila,1903,26.360833333333336
Manila,1904,25.776499999999995
Manila,1905,25.932999999999996
Manila,1906,26.128083333333336
Manila,1907,26.218750000000004
Manila,1908,26.282
Manila,1909,26.3295
Manila,1910,26.24366666666667
Manila,1911,26.020750000000003
Manila,1912,26.55716666666667
Manila,1913,26.22933333333333
Manila,1914,26.522666666666666
Manila,1915,26.938000000000002
Manila,1916,26.239666666666665
Manila,1917,26.136666666666667
Manila,1918,25.82875
Manila,1919,26.511916666666668
Manila,1920,26.337666666666667
Manila,1921,26.37666666666667
Manila,1922,26.508916666666668
Manila,1923,25.97758333333333
Manila,1924,26.33516666666667
Manila,1925,26.100416666666664
Manila,1926,26.35366666666667
Manila,1927,26.423250000000007
Manila,1928,26.3415
Manila,1929,26.13683333333334
Manila,1930,26.368250000000003
Manila,1931,26.551750000000002
Manila,1932,26.19191666666667
Manila,1933,26.285083333333336
Manila,1934,25.85258333333333
Manila,1935,26.155
Manila,1936,26.388499999999997
Manila,1937,26.512416666666667
Manila,1938,26.45866666666667
Manila,1939,26.353250000000003
Manila,1940,26.48883333333333
Manila,1941,26.904083333333336
Manila,1942,26.553333333333327
Manila,1943,26.33825
Manila,1944,26.42408333333333
Manila,1945,26.231250000000003
Manila,1946,26.756500000000003
Manila,1947,26.52475
Manila,1948,26.38633333333334
Manila,1949,26.632
Manila,1950,26.614583333333332
Manila,1951,26.782666666666668
Manila,1952,26.944833333333335
Manila,1953,26.929000000000002
Manila,1954,26.904500000000002
Manila,1955,26.62533333333333
Manila,1956,26.69483333333333
Manila,1957,26.942583333333335
Manila,1958,26.8965
Manila,1959,26.996916666666674
Manila,1960,26.91191666666667
Manila,1961,26.847666666666665
Manila,1962,26.790500000000005
Manila,1963,26.491833333333332
Manila,1964,26.83316666666667
Manila,1965,26.62783333333333
Manila,1966,27.0585
Manila,1967,26.51766666666667
Manila,1968,26.65533333333333
Manila,1969,27.109583333333337
Manila,1970,27.107249999999997
Manila,1971,26.47608333333333
Manila,1972,26.733916666666662
Manila,1973,27.17075
Manila,1974,26.715083333333336
Manila,1975,26.832333333333334
Manila,1976,26.533583333333336
Manila,1977,26.87425
Manila,1978,26.55366666666667
Manila,1979,26.843666666666664
Manila,1980,27.02316666666667
Manila,1981,26.78791666666667
Manila,1982,26.765416666666667
Manila,1983,27.212833333333332
Manila,1984,26.77458333333334
Manila,1985,26.951750000000004
Manila,1986,26.789999999999996
Manila,1987,27.3895
Manila,1988,27.424000000000003
Manila,1989,26.732833333333332
Manila,1990,26.854416666666665
Manila,1991,26.691333333333336
Manila,1992,26.72233333333334
Manila,1993,26.874333333333336
Manila,1994,26.892750000000003
Manila,1995,26.800916666666666
Manila,1996,26.95316666666667
Manila,1997,26.986499999999996
Manila,1998,27.801000000000002
Manila,1999,27.066583333333337
Manila,2000,27.02066666666667
Manila,2001,27.171249999999997
Manila,2002,27.10308333333333
Manila,2003,27.07316666666667
Manila,2004,27.094250000000002
Manila,2005,27.12041666666667
Manila,2006,27.23091666666667
Manila,2007,27.20625
Manila,2008,26.937583333333336
Manila,2009,26.915916666666664
Manila,2010,27.49233333333333
Manila,2011,26.8165
Manila,2012,27.33641666666667
Manila,2013,27.868999999999996
Mashhad,1837,12.692454545454545
Mashhad,1838,11.446916666666667
Mashhad,1839,11.674583333333333
Mashhad,1840,11.825916666666666
Mashhad,1841,11.537416666666667
Mashhad,1842,12.324083333333334
Mashhad,1843,12.390166666666664
Mashhad,1844,11.762333333333332
Mashhad,1845,11.88675
Mashhad,1846,12.541666666666666
Mashhad,1847,12.100499999999998
Mashhad,1848,11.7085
Mashhad,1849,12.147416666666667
Mashhad,1850,11.827583333333331
Mashhad,1851,12.345916666666668
Mashhad,1852,12.18725
Mashhad,1853,12.1025
Mashhad,1854,12.086083333333335
Mashhad,1855,12.607916666666668
Mashhad,1856,12.08775
Mashhad,1857,11.606250000000001
Mashhad,1858,12.246666666666668
Mashhad,1859,12.537833333333333
Mashhad,1860,12.007666666666665
Mashhad,1861,11.645499999999998
Mashhad,1862,11.346499999999999
Mashhad,1863,12.074666666666666
Mashhad,1864,11.735166666666666
Mashhad,1865,12.053583333333334
Mashhad,1866,11.894666666666666
Mashhad,1867,12.457499999999998
Mashhad,1868,12.254249999999999
Mashhad,1869,12.390333333333333
Mashhad,1870,12.461
Mashhad,1871,12.133250000000002
Mashhad,1872,12.620333333333335
Mashhad,1873,12.664749999999998
Mashhad,1874,12.452
Mashhad,1875,12.707333333333333
Mashhad,1876,12.195416666666667
Mashhad,1877,12.427749999999998
Mashhad,1878,12.659999999999998
Mashhad,1879,12.747750000000002
Mashhad,1880,12.299333333333331
Mashhad,1881,12.808
Mashhad,1882,12.022083333333335
Mashhad,1883,12.314416666666666
Mashhad,1884,11.914166666666668
Mashhad,1885,11.75875
Mashhad,1886,11.483916666666666
Mashhad,1887,12.227833333333331
Mashhad,1888,13.122583333333337
Mashhad,1889,11.982666666666667
Mashhad,1890,12.321333333333333
Mashhad,1891,11.684333333333335
Mashhad,1892,12.413166666666667
Mashhad,1893,12.338666666666667
Mashhad,1894,11.8955
Mashhad,1895,12.508083333333333
Mashhad,1896,12.171666666666665
Mashhad,1897,11.962333333333333
Mashhad,1898,11.670416666666668
Mashhad,1899,13.146749999999999
Mashhad,1900,11.854833333333332
Mashhad,1901,12.663416666666668
Mashhad,1902,12.880833333333333
Mashhad,1903,11.708666666666666
Mashhad,1904,12.135416666666666
Mashhad,1905,12.141500000000002
Mashhad,1906,12.59425
Mashhad,1907,11.73675
Mashhad,1908,12.101083333333335
Mashhad,1909,12.595416666666665
Mashhad,1910,11.65475
Mashhad,1911,11.4865
Mashhad,1912,12.513916666666667
Mashhad,1913,12.556500000000002
Mashhad,1914,13.100083333333332
Mashhad,1915,13.790916666666668
Mashhad,1916,11.877916666666666
Mashhad,1917,13.0555
Mashhad,1918,11.973500000000001
Mashhad,1919,12.63
Mashhad,1920,11.273000000000001
Mashhad,1921,12.543333333333335
Mashhad,1922,13.130583333333334
Mashhad,1923,11.990166666666667
Mashhad,1924,12.101
Mashhad,1925,13.09366666666667
Mashhad,1926,12.60425
Mashhad,1927,12.770916666666666
Mashhad,1928,11.927666666666667
Mashhad,1929,11.363999999999997
Mashhad,1930,11.235749999999998
Mashhad,1931,11.604666666666667
Mashhad,1932,11.615
Mashhad,1933,12.310083333333337
Mashhad,1934,11.447416666666667
Mashhad,1935,12.339666666666668
Mashhad,1936,12.578916666666666
Mashhad,1937,12.08
Mashhad,1938,12.989833333333335
Mashhad,1939,12.830583333333335
Mashhad,1940,13.55916666666667
Mashhad,1941,14.024000000000001
Mashhad,1942,13.034166666666666
Mashhad,1943,11.856499999999999
Mashhad,1944,13.294333333333332
Mashhad,1945,12.253666666666668
Mashhad,1946,12.676249999999998
Mashhad,1947,13.581166666666666
Mashhad,1948,12.86841666666667
Mashhad,1949,11.395499999999998
Mashhad,1950,11.403916666666667
Mashhad,1951,12.385833333333336
Mashhad,1952,12.451499999999998
Mashhad,1953,12.796333333333335
Mashhad,1954,12.056249999999999
Mashhad,1955,13.725416666666666
Mashhad,1956,12.446416666666666
Mashhad,1957,11.610833333333332
Mashhad,1958,13.21275
Mashhad,1959,12.119583333333333
Mashhad,1960,12.67725
Mashhad,1961,13.033
Mashhad,1962,12.596250000000003
Mashhad,1963,13.735583333333333
Mashhad,1964,11.588749999999997
Mashhad,1965,13.143999999999998
Mashhad,1966,13.608916666666667
Mashhad,1967,12.320000000000002
Mashhad,1968,12.688333333333333
Mashhad,1969,11.611833333333335
Mashhad,1970,13.264333333333333
Mashhad,1971,13.456666666666669
Mashhad,1972,10.6885
Mashhad,1973,13.031500000000001
Mashhad,1974,11.481
Mashhad,1975,12.638583333333335
Mashhad,1976,12.201416666666667
Mashhad,1977,13.313333333333334
Mashhad,1978,12.907166666666667
Mashhad,1979,13.252
Mashhad,1980,13.407416666666668
Mashhad,1981,13.778583333333335
Mashhad,1982,12.091583333333334
Mashhad,1983,13.691333333333334
Mashhad,1984,12.516916666666665
Mashhad,1985,13.309333333333335
Mashhad,1986,12.762833333333335
Mashhad,1987,13.706916666666666
Mashhad,1988,13.903333333333336
Mashhad,1989,13.223416666666667
Mashhad,1990,13.662
Mashhad,1991,13.086500000000001
Mashhad,1992,12.395583333333335
Mashhad,1993,12.666333333333334
Mashhad,1994,13.403833333333333
Mashhad,1995,14.010583333333331
Mashhad,1996,13.335333333333333
Mashhad,1997,13.896833333333333
Mashhad,1998,14.106166666666667
Mashhad,1999,14.011166666666666
Mashhad,2000,14.154416666666668
Mashhad,2001,14.64241666666667
Mashhad,2002,14.258833333333333
Mashhad,2003,13.541333333333334
Mashhad,2004,14.301499999999999
Mashhad,2005,14.04875
Mashhad,2006,14.607250000000002
Mashhad,2007,13.735833333333334
Mashhad,2008,13.718416666666664
Mashhad,2009,14.118000000000002
Mashhad,2010,15.211916666666667
Mashhad,2011,13.92858333333333
Mashhad,2012,13.566
Mashhad,2013,15.938500000000001
Melbourne,1852,11.275166666666665
Melbourne,1853,12.505583333333334
Melbourne,1854,11.794888888888888
Melbourne,1855,11.43075
Melbourne,1856,13.396500000000001
Melbourne,1857,13.435916666666666
Melbourne,1858,13.59533333333333
Melbourne,1859,13.174916666666663
Melbourne,1860,13.289083333333332
Melbourne,1861,13.176749999999998
Melbourne,1862,13.49966666666667
Melbourne,1863,12.956333333333333
Melbourne,1864,13.009499999999997
Melbourne,1865,12.77966666666667
Melbourne,1866,13.356333333333334
Melbourne,1867,13.365916666666664
Melbourne,1868,13.313416666666667
Melbourne,1869,13.183250000000001
Melbourne,1870,13.297416666666669
Melbourne,1871,13.495833333333332
Melbourne,1872,13.400666666666668
Melbourne,1873,13.474166666666667
Melbourne,1874,12.962166666666668
Melbourne,1875,13.090833333333334
Melbourne,1876,13.220749999999997
Melbourne,1877,13.095666666666666
Melbourne,1878,13.338916666666668
Melbourne,1879,13.024
Melbourne,1880,13.398166666666667
Melbourne,1881,13.097500000000002
Melbourne,1882,13.338583333333332
Melbourne,1883,13.419000000000002
Melbourne,1884,12.869
Melbourne,1885,13.009416666666668
Melbourne,1886,13.026416666666668
Melbourne,1887,13.46675
Melbourne,1888,13.360083333333334
Melbourne,1889,13.54325
Melbourne,1890,13.595916666666666
Melbourne,1891,13.113416666666668
Melbourne,1892,12.932
Melbourne,1893,13.232
Melbourne,1894,13.486416666666665
Melbourne,1895,13.53475
Melbourne,1896,13.19
Melbourne,1897,13.106416666666666
Melbourne,1898,13.974749999999998
Melbourne,1899,13.236083333333333
Melbourne,1900,12.980083333333333
Melbourne,1901,13.334166666666668
Melbourne,1902,13.346333333333334
Melbourne,1903,13.183083333333334
Melbourne,1904,13.194833333333335
Melbourne,1905,12.737333333333334
Melbourne,1906,13.411416666666668
Melbourne,1907,13.095
Melbourne,1908,13.512833333333333
Melbourne,1909,12.6195
Melbourne,1910,13.472666666666669
Melbourne,1911,13.131083333333335
Melbourne,1912,13.160166666666667
Melbourne,1913,13.1175
Melbourne,1914,14.129333333333335
Melbourne,1915,13.127833333333333
Melbourne,1916,13.017000000000001
Melbourne,1917,13.000666666666667
Melbourne,1918,13.442166666666667
Melbourne,1919,13.868166666666665
Melbourne,1920,13.252666666666663
Melbourne,1921,13.959499999999998
Melbourne,1922,13.342833333333333
Melbourne,1923,13.20725
Melbourne,1924,12.514416666666667
Melbourne,1925,13.020916666666666
Melbourne,1926,13.476583333333332
Melbourne,1927,13.181166666666664
Melbourne,1928,13.448999999999998
Melbourne,1929,12.618249999999998
Melbourne,1930,13.607916666666668
Melbourne,1931,12.7295
Melbourne,1932,12.886083333333332
Melbourne,1933,13.056583333333336
Melbourne,1934,13.5895
Melbourne,1935,13.018416666666667
Melbourne,1936,13.257083333333334
Melbourne,1937,13.451249999999996
Melbourne,1938,13.761583333333334
Melbourne,1939,13.408333333333333
Melbourne,1940,13.357416666666666
Melbourne,1941,13.1595
Melbourne,1942,13.693999999999997
Melbourne,1943,12.681750000000001
Melbourne,1944,13.045416666666668
Melbourne,1945,13.004249999999999
Melbourne,1946,12.630666666666665
Melbourne,1947,13.47075
Melbourne,1948,12.812583333333334
Melbourne,1949,12.424166666666665
Melbourne,1950,13.419750000000002
Melbourne,1951,13.556416666666669
Melbourne,1952,12.935916666666666
Melbourne,1953,13.306833333333335
Melbourne,1954,13.320666666666666
Melbourne,1955,13.235916666666666
Melbourne,1956,13.057583333333332
Melbourne,1957,13.054083333333333
Melbourne,1958,12.99275
Melbourne,1959,13.786416666666668
Melbourne,1960,13.173583333333333
Melbourne,1961,14.32808333333333
Melbourne,1962,13.546416666666667
Melbourne,1963,13.511666666666665
Melbourne,1964,12.88425
Melbourne,1965,13.318333333333333
Melbourne,1966,13.1045
Melbourne,1967,13.515666666666666
Melbourne,1968,13.616583333333333
Melbourne,1969,13.385916666666667
Melbourne,1970,13.124416666666667
Melbourne,1971,13.580250000000001
Melbourne,1972,13.729916666666666
Melbourne,1973,13.688583333333334
Melbourne,1974,13.816333333333334
Melbourne,1975,13.898666666666669
Melbourne,1976,13.547083333333333
Melbourne,1977,13.502749999999999
Melbourne,1978,13.479916666666666
Melbourne,1979,13.902083333333332
Melbourne,1980,14.123333333333333
Melbourne,1981,14.2555
Melbourne,1982,14.025333333333334
Melbourne,1983,13.716999999999999
Melbourne,1984,13.247666666666667
Melbourne,1985,13.695833333333331
Melbourne,1986,13.186750000000004
Melbourne,1987,13.467083333333335
Melbourne,1988,14.528416666666665
Melbourne,1989,13.860666666666665
Melbourne,1990,14.158416666666666
Melbourne,1991,13.76675
Melbourne,1992,13.307500000000003
Melbourne,1993,13.805416666666668
Melbourne,1994,13.519166666666665
Melbourne,1995,13.140333333333333
Melbourne,1996,13.046416666666667
Melbourne,1997,13.933416666666668
Melbourne,1998,13.607666666666669
Melbourne,1999,14.198166666666667
Melbourne,2000,14.320083333333331
Melbourne,2001,14.180000000000001
Melbourne,2002,14.075833333333335
Melbourne,2003,13.985583333333333
Melbourne,2004,13.742083333333333
Melbourne,2005,14.378499999999997
Melbourne,2006,13.991083333333334
Melbourne,2007,14.99183333333333
Melbourne,2008,14.110583333333336
Melbourne,2009,14.647416666666667
Melbourne,2010,14.231666666666664
Melbourne,2011,14.190916666666666
Melbourne,2012,14.268666666666668
Melbourne,2013,14.741499999999998
Mexico,1835,14.098083333333335
Mexico,1836,14.802999999999999
Mexico,1837,14.822583333333334
Mexico,1838,14.480333333333334
Mexico,1839,14.907333333333332
Mexico,1840,15.064750000000002
Mexico,1841,15.084916666666667
Mexico,1842,15.363166666666666
Mexico,1843,15.498833333333332
Mexico,1844,14.983583333333334
Mexico,1845,14.824833333333332
Mexico,1846,15.6385
Mexico,1847,15.184333333333333
Mexico,1848,15.181416666666665
Mexico,1849,15.729999999999999
Mexico,1850,15.591416666666667
Mexico,1851,15.366416666666664
Mexico,1852,15.558416666666668
Mexico,1853,14.949083333333332
Mexico,1854,14.902499999999998
Mexico,1855,14.833416666666666
Mexico,1856,14.724416666666665
Mexico,1857,15.077416666666666
Mexico,1858,15.50625
Mexico,1859,15.711416666666665
Mexico,1860,15.19341666666667
Mexico,1861,15.581666666666665
Mexico,1862,15.489833333333337
Mexico,1863,15.460416666666665
Mexico,1864,15.174000000000001
Mexico,1865,15.514916666666666
Mexico,1866,15.517083333333332
Mexico,1867,16.15825
Mexico,1868,15.350083333333332
Mexico,1869,15.73525
Mexico,1870,15.55625
Mexico,1871,15.577666666666664
Mexico,1872,15.474583333333333
Mexico,1873,15.414250000000001
Mexico,1874,15.518083333333331
Mexico,1875,15.305583333333331
Mexico,1876,15.307999999999998
Mexico,1877,15.517333333333333
Mexico,1878,15.94075
Mexico,1879,15.354416666666665
Mexico,1880,15.488583333333333
Mexico,1881,15.517583333333334
Mexico,1882,15.40325
Mexico,1883,15.169333333333336
Mexico,1884,15.069666666666665
Mexico,1885,15.298916666666665
Mexico,1886,15.368249999999998
Mexico,1887,14.951166666666666
Mexico,1888,15.13516666666667
Mexico,1889,15.43908333333333
Mexico,1890,14.993583333333332
Mexico,1891,15.057916666666666
Mexico,1892,15.42875
Mexico,1893,15.187166666666664
Mexico,1894,15.41025
Mexico,1895,15.504083333333332
Mexico,1896,15.966000000000001
Mexico,1897,16.049583333333334
Mexico,1898,15.287083333333335
Mexico,1899,15.300916666666666
Mexico,1900,15.73025
Mexico,1901,15.461
Mexico,1902,15.700166666666666
Mexico,1903,15.240249999999998
Mexico,1904,14.923333333333337
Mexico,1905,15.416083333333333
Mexico,1906,15.223666666666668
Mexico,1907,15.421999999999999
Mexico,1908,15.610000000000001
Mexico,1909,15.799749999999998
Mexico,1910,14.983416666666669
Mexico,1911,15.668583333333332
Mexico,1912,15.417916666666663
Mexico,1913,15.078583333333333
Mexico,1914,15.34925
Mexico,1915,15.548249999999998
Mexico,1916,15.575916666666666
Mexico,1917,15.510333333333334
Mexico,1918,15.578916666666666
Mexico,1919,15.885499999999999
Mexico,1920,15.998249999999999
Mexico,1921,15.893416666666665
Mexico,1922,16.068749999999998
Mexico,1923,15.842999999999998
Mexico,1924,15.880249999999997
Mexico,1925,15.547749999999999
Mexico,1926,15.768916666666664
Mexico,1927,15.932166666666665
Mexico,1928,15.96725
Mexico,1929,15.88683333333333
Mexico,1930,15.798000000000002
Mexico,1931,15.571500000000002
Mexico,1932,15.890333333333336
Mexico,1933,16.2285
Mexico,1934,15.435666666666664
Mexico,1935,15.569250000000002
Mexico,1936,15.890083333333335
Mexico,1937,16.051166666666667
Mexico,1938,15.759
Mexico,1939,15.589500000000001
Mexico,1940,16.005499999999998
Mexico,1941,16.15075
Mexico,1942,16.177916666666665
Mexico,1943,15.816583333333332
Mexico,1944,15.978499999999999
Mexico,1945,16.577166666666667
Mexico,1946,16.494333333333334
Mexico,1947,16.329250000000002
Mexico,1948,16.565416666666668
Mexico,1949,16.633083333333335
Mexico,1950,16.110333333333333
Mexico,1951,16.356583333333333
Mexico,1952,15.912083333333333
Mexico,1953,16.37266666666667
Mexico,1954,15.890166666666667
Mexico,1955,15.773083333333338
Mexico,1956,15.488333333333332
Mexico,1957,16.39675
Mexico,1958,16.04458333333333
Mexico,1959,15.795833333333333
Mexico,1960,16.269833333333334
Mexico,1961,15.984916666666669
Mexico,1962,16.217833333333335
Mexico,1963,15.920583333333331
Mexico,1964,16.151333333333334
Mexico,1965,15.899416666666667
Mexico,1966,15.549083333333334
Mexico,1967,15.816249999999998
Mexico,1968,15.667000000000002
Mexico,1969,16.334416666666666
Mexico,1970,15.866
Mexico,1971,16.01825
Mexico,1972,16.154166666666665
Mexico,1973,16.170416666666668
Mexico,1974,15.666333333333332
Mexico,1975,15.815249999999999
Mexico,1976,15.416000000000002
Mexico,1977,15.877833333333335
Mexico,1978,15.914
Mexico,1979,15.774916666666664
Mexico,1980,16.06116666666667
Mexico,1981,15.810833333333337
Mexico,1982,16.348166666666664
Mexico,1983,16.160583333333335
Mexico,1984,15.651333333333334
Mexico,1985,15.622166666666667
Mexico,1986,15.687416666666666
Mexico,1987,15.782666666666666
Mexico,1988,15.981166666666667
Mexico,1989,15.745916666666668
Mexico,1990,15.997583333333333
Mexico,1991,16.415833333333335
Mexico,1992,15.708999999999998
Mexico,1993,16.227166666666665
Mexico,1994,16.419749999999997
Mexico,1995,16.684250000000002
Mexico,1996,16.084166666666665
Mexico,1997,16.245416666666667
Mexico,1998,17.0745
Mexico,1999,16.08891666666667
Mexico,2000,16.113916666666668
Mexico,2001,15.978833333333334
Mexico,2002,16.37
Mexico,2003,16.651083333333332
Mexico,2004,16.204416666666667
Mexico,2005,16.702666666666666
Mexico,2006,16.373500000000003
Mexico,2007,16.378083333333333
Mexico,2008,16.219416666666667
Mexico,2009,16.653666666666666
Mexico,2010,15.873083333333334
Mexico,2011,16.639166666666664
Mexico,2012,16.426500000000004
Mexico,2013,17.342444444444443
Mogadishu,1850,26.43127272727273
Mogadishu,1859,26.644500000000004
Mogadishu,1864,26.500083333333333
Mogadishu,1875,26.289125
Mogadishu,1876,26.485500000000005
Mogadishu,1877,27.03883333333333
Mogadishu,1878,27.219666666666665
Mogadishu,1880,26.853727272727273
Mogadishu,1881,27.030909090909088
Mogadishu,1882,26.70875
Mogadishu,1883,26.57133333333333
Mogadishu,1884,26.427333333333337
Mogadishu,1885,26.638833333333334
Mogadishu,1886,26.721500000000002
Mogadishu,1887,26.430083333333332
Mogadishu,1888,26.678
Mogadishu,1889,26.82083333333333
Mogadishu,1890,26.522166666666674
Mogadishu,1891,26.56283333333334
Mogadishu,1892,26.665333333333333
Mogadishu,1893,26.754
Mogadishu,1894,26.864
Mogadishu,1895,26.941166666666664
Mogadishu,1896,27.026166666666672
Mogadishu,1897,27.207333333333327
Mogadishu,1898,27.226083333333335
Mogadishu,1899,26.90516666666667
Mogadishu,1900,27.030416666666667
Mogadishu,1901,26.746333333333336
Mogadishu,1902,26.890083333333326
Mogadishu,1903,26.805333333333337
Mogadishu,1904,26.736499999999996
Mogadishu,1905,26.937083333333334
Mogadishu,1906,26.658083333333337
Mogadishu,1907,26.492
Mogadishu,1908,26.641583333333333
Mogadishu,1909,26.62708333333333
Mogadishu,1910,27.3255
Mogadishu,1911,26.752166666666664
Mogadishu,1912,26.529083333333332
Mogadishu,1913,26.7985
Mogadishu,1914,27.114916666666673
Mogadishu,1915,27.035749999999997
Mogadishu,1916,26.922916666666666
Mogadishu,1917,26.961250000000003
Mogadishu,1918,26.79225
Mogadishu,1919,27.252499999999998
Mogadishu,1920,26.780749999999994
Mogadishu,1921,26.86225
Mogadishu,1922,26.688749999999995
Mogadishu,1923,26.544166666666666
Mogadishu,1924,26.957666666666668
Mogadishu,1925,26.636166666666668
Mogadishu,1926,26.879333333333335
Mogadishu,1927,26.672916666666666
Mogadishu,1928,27.245833333333337
Mogadishu,1929,27.411249999999995
Mogadishu,1930,27.161
Mogadishu,1931,27.56616666666667
Mogadishu,1932,27.151083333333336
Mogadishu,1933,27.044166666666666
Mogadishu,1934,26.983500000000003
Mogadishu,1935,26.995500000000003
Mogadishu,1936,26.972250000000003
Mogadishu,1937,27.0665
Mogadishu,1938,26.776666666666667
Mogadishu,1939,27.123500000000003
Mogadishu,1940,27.516250000000003
Mogadishu,1941,27.444499999999994
Mogadishu,1942,27.237833333333338
Mogadishu,1943,27.16666666666666
Mogadishu,1944,27.331000000000003
Mogadishu,1945,27.358999999999998
Mogadishu,1946,27.073916666666662
Mogadishu,1947,27.09075
Mogadishu,1948,27.32816666666667
Mogadishu,1949,27.25233333333333
Mogadishu,1950,26.895
Mogadishu,1951,27.26216666666667
Mogadishu,1952,27.461916666666664
Mogadishu,1953,27.365499999999997
Mogadishu,1954,27.082833333333337
Mogadishu,1955,27.146416666666664
Mogadishu,1956,27.014166666666668
Mogadishu,1957,27.243250000000003
Mogadishu,1958,27.354916666666668
Mogadishu,1959,27.448500000000006
Mogadishu,1960,27.209500000000002
Mogadishu,1961,27.348416666666665
Mogadishu,1962,27.465999999999994
Mogadishu,1963,26.72608333333333
Mogadishu,1964,26.758
Mogadishu,1965,26.780416666666664
Mogadishu,1966,26.896583333333336
Mogadishu,1967,27.14091666666667
Mogadishu,1968,26.797416666666667
Mogadishu,1969,27.56216666666667
Mogadishu,1970,27.281000000000002
Mogadishu,1971,26.895
Mogadishu,1972,27.42216666666667
Mogadishu,1973,27.434916666666663
Mogadishu,1974,27.257833333333334
Mogadishu,1975,27.026749999999996
Mogadishu,1976,27.078083333333336
Mogadishu,1977,27.329333333333334
Mogadishu,1978,27.578249999999997
Mogadishu,1979,27.471749999999997
Mogadishu,1980,27.559666666666672
Mogadishu,1981,27.403000000000002
Mogadishu,1982,27.437083333333334
Mogadishu,1983,27.878416666666666
Mogadishu,1984,27.146666666666665
Mogadishu,1985,27.236666666666668
Mogadishu,1986,27.37325
Mogadishu,1987,27.699416666666668
Mogadishu,1988,27.77
Mogadishu,1989,27.26866666666666
Mogadishu,1990,27.352249999999998
Mogadishu,1991,27.542749999999998
Mogadishu,1992,27.725833333333338
Mogadishu,1993,27.20691666666667
Mogadishu,1994,27.426416666666668
Mogadishu,1995,27.392750000000003
Mogadishu,1996,27.340833333333332
Mogadishu,1997,27.410250000000005
Mogadishu,1998,27.699833333333334
Mogadishu,1999,27.60591666666667
Mogadishu,2000,27.78741666666667
Mogadishu,2001,27.678916666666666
Mogadishu,2002,27.7735
Mogadishu,2003,28.03291666666667
Mogadishu,2004,27.853166666666667
Mogadishu,2005,28.081333333333333
Mogadishu,2006,27.783
Mogadishu,2007,28.08475
Mogadishu,2008,27.745416666666667
Mogadishu,2009,28.225333333333328
Mogadishu,2010,28.025583333333334
Mogadishu,2011,28.27508333333334
Mogadishu,2012,28.189500000000006
Mogadishu,2013,27.941375
Montreal,1768,1.9845000000000002
Montreal,1769,5.534375
Montreal,1774,-0.3583333333333331
Montreal,1775,5.263750000000001
Montreal,1776,4.322583333333333
Montreal,1777,3.8070833333333343
Montreal,1778,1.7099000000000004
Montreal,1779,4.8741666666666665
Montreal,1780,7.465375000000001
Montreal,1781,2.362999999999999
Montreal,1782,3.0938571428571433
Montreal,1796,8.740857142857143
Montreal,1797,0.872333333333334
Montreal,1811,5.5378
Montreal,1812,2.565083333333333
Montreal,1813,5.600111111111111
Montreal,1814,-1.4576666666666664
Montreal,1815,3.221166666666667
Montreal,1816,-0.14725
Montreal,1817,2.734666666666667
Montreal,1818,0.8832000000000008
Montreal,1819,-9.944
Montreal,1820,3.8799166666666665
Montreal,1821,3.7575000000000003
Montreal,1822,4.283416666666667
Montreal,1823,3.323166666666667
Montreal,1824,4.0977500000000004
Montreal,1825,5.020833333333335
Montreal,1826,4.964250000000001
Montreal,1827,4.2534166666666655
Montreal,1828,5.312500000000001
Montreal,1829,3.8584166666666664
Montreal,1830,4.671499999999999
Montreal,1831,4.1001666666666665
Montreal,1832,3.926083333333333
Montreal,1833,3.9579166666666663
Montreal,1834,4.062499999999999
Montreal,1835,2.9365833333333327
Montreal,1836,2.6460833333333333
Montreal,1837,2.8294166666666682
Montreal,1838,3.3666666666666667
Montreal,1839,4.192583333333333
Montreal,1840,4.3531666666666675
Montreal,1841,4.019333333333333
Montreal,1842,3.8770833333333337
Montreal,1843,3.5896666666666674
Montreal,1844,3.189916666666667
Montreal,1845,3.5457500000000004
Montreal,1846,4.414416666666667
Montreal,1847,4.115083333333333
Montreal,1848,4.197583333333333
Montreal,1849,3.665333333333334
Montreal,1850,3.8084166666666674
Montreal,1851,3.6658333333333335
Montreal,1852,3.929083333333334
Montreal,1853,4.0665000000000004
Montreal,1854,3.77825
Montreal,1855,4.023916666666667
Montreal,1856,3.213916666666666
Montreal,1857,3.8623333333333334
Montreal,1858,3.5495000000000005
Montreal,1859,3.5534166666666667
Montreal,1860,4.103333333333334
Montreal,1861,4.0151666666666666
Montreal,1862,3.4456666666666673
Montreal,1863,3.8146666666666675
Montreal,1864,4.550750000000001
Montreal,1865,4.456583333333334
Montreal,1866,3.8495833333333334
Montreal,1867,3.5690000000000004
Montreal,1868,3.3322500000000006
Montreal,1869,3.7601666666666667
Montreal,1870,5.2681666666666676
Montreal,1871,3.823333333333334
Montreal,1872,3.79525
Montreal,1873,3.331916666666667
Montreal,1874,3.6697500000000005
Montreal,1875,2.216083333333333
Montreal,1876,3.9491666666666663
Montreal,1877,5.3693333333333335
Montreal,1878,5.666250000000001
Montreal,1879,3.71475
Montreal,1880,4.696583333333334
Montreal,1881,4.953833333333333
Montreal,1882,4.129416666666667
Montreal,1883,3.053916666666666
Montreal,1884,4.146
Montreal,1885,3.101666666666667
Montreal,1886,3.9494166666666675
Montreal,1887,3.600166666666667
Montreal,1888,3.124166666666666
Montreal,1889,5.130333333333334
Montreal,1890,3.6655
Montreal,1891,5.119916666666667
Montreal,1892,4.24875
Montreal,1893,3.516083333333333
Montreal,1894,4.945166666666666
Montreal,1895,4.577916666666666
Montreal,1896,4.159250000000001
Montreal,1897,4.506083333333334
Montreal,1898,5.417083333333333
Montreal,1899,4.805583333333334
Montreal,1900,4.661333333333333
Montreal,1901,4.6706666666666665
Montreal,1902,4.621083333333334
Montreal,1903,4.585666666666667
Montreal,1904,2.9019999999999997
Montreal,1905,3.8270833333333343
Montreal,1906,4.544916666666667
Montreal,1907,3.624
Montreal,1908,4.653749999999999
Montreal,1909,4.476249999999999
Montreal,1910,4.880249999999999
Montreal,1911,4.8085
Montreal,1912,3.696916666666667
Montreal,1913,5.44475
Montreal,1914,3.595416666666667
Montreal,1915,5.6145
Montreal,1916,4.569333333333333
Montreal,1917,2.865833333333333
Montreal,1918,4.1354999999999995
Montreal,1919,4.75025
Montreal,1920,4.64775
Montreal,1921,5.881166666666666
Montreal,1922,4.9215
Montreal,1923,3.875666666666666
Montreal,1924,4.116
Montreal,1925,4.388249999999999
Montreal,1926,3.263416666666665
Montreal,1927,5.184166666666667
Montreal,1928,4.6570833333333335
Montreal,1929,4.390666666666668
Montreal,1930,5.2556666666666665
Montreal,1931,6.108333333333333
Montreal,1932,5.273666666666667
Montreal,1933,4.7129166666666675
Montreal,1934,3.970916666666666
Montreal,1935,4.138166666666667
Montreal,1936,4.204166666666667
Montreal,1937,5.832416666666667
Montreal,1938,5.38925
Montreal,1939,4.3205
Montreal,1940,4.009333333333333
Montreal,1941,5.152166666666666
Montreal,1942,5.301833333333335
Montreal,1943,3.89225
Montreal,1944,4.9656666666666665
Montreal,1945,5.232833333333335
Montreal,1946,5.371166666666667
Montreal,1947,5.025166666666668
Montreal,1948,5.186916666666668
Montreal,1949,6.143999999999999
Montreal,1950,4.981416666666667
Montreal,1951,5.278250000000001
Montreal,1952,5.765249999999999
Montreal,1953,6.626000000000001
Montreal,1954,4.841666666666666
Montreal,1955,5.222583333333333
Montreal,1956,4.463749999999999
Montreal,1957,5.443666666666668
Montreal,1958,4.42575
Montreal,1959,5.18475
Montreal,1960,5.436499999999999
Montreal,1961,5.249
Montreal,1962,4.3815
Montreal,1963,4.432833333333334
Montreal,1964,5.30575
Montreal,1965,4.537166666666667
Montreal,1966,5.246499999999999
Montreal,1967,4.553333333333333
Montreal,1968,4.619416666666666
Montreal,1969,5.218416666666667
Montreal,1970,4.6489166666666675
Montreal,1971,4.6749166666666655
Montreal,1972,3.993666666666666
Montreal,1973,6.031333333333333
Montreal,1974,4.54525
Montreal,1975,5.536499999999999
Montreal,1976,4.120583333333333
Montreal,1977,5.192583333333334
Montreal,1978,4.174500000000001
Montreal,1979,5.617083333333333
Montreal,1980,4.3574166666666665
Montreal,1981,5.675166666666667
Montreal,1982,4.755583333333333
Montreal,1983,5.76575
Montreal,1984,5.362166666666666
Montreal,1985,4.612749999999999
Montreal,1986,4.806833333333333
Montreal,1987,5.467500000000001
Montreal,1988,5.291083333333333
Montreal,1989,4.2515833333333335
Montreal,1990,6.065916666666666
Montreal,1991,5.824916666666667
Montreal,1992,4.413083333333333
Montreal,1993,4.516416666666665
Montreal,1994,4.71825
Montreal,1995,5.4695833333333335
Montreal,1996,5.254416666666667
Montreal,1997,4.539583333333334
Montreal,1998,7.004083333333334
Montreal,1999,6.711333333333333
Montreal,2000,5.13775
Montreal,2001,6.464000000000001
Montreal,2002,6.014583333333334
Montreal,2003,4.916083333333334
Montreal,2004,4.9085833333333335
Montreal,2005,5.951083333333334
Montreal,2006,6.954166666666667
Montreal,2007,5.246000000000001
Montreal,2008,5.616833333333335
Montreal,2009,5.274416666666668
Montreal,2010,7.114416666666666
Montreal,2011,6.521250000000001
Montreal,2012,7.094
Montreal,2013,7.860333333333334
Moscow,1812,2.404
Moscow,1813,2.776727272727273
Moscow,1814,2.9433636363636366
Moscow,1815,-5.667999999999999
Moscow,1816,7.214555555555555
Moscow,1817,3.168083333333333
Moscow,1818,4.110666666666667
Moscow,1819,3.3907500000000006
Moscow,1820,3.1240833333333335
Moscow,1821,3.8835833333333336
Moscow,1822,5.009666666666667
Moscow,1823,3.987833333333334
Moscow,1824,4.982583333333333
Moscow,1825,3.5958333333333337
Moscow,1826,4.838916666666666
Moscow,1827,4.372333333333334
Moscow,1828,2.7775
Moscow,1829,2.4456666666666664
Moscow,1830,3.6438333333333333
Moscow,1831,3.502416666666667
Moscow,1832,2.6171666666666664
Moscow,1833,3.931666666666667
Moscow,1834,3.86125
Moscow,1835,2.893666666666667
Moscow,1836,4.033666666666666
Moscow,1837,2.9725
Moscow,1838,2.852083333333333
Moscow,1839,3.4943333333333335
Moscow,1840,2.4575
Moscow,1841,4.464000000000001
Moscow,1842,3.5144166666666674
Moscow,1843,4.8146666666666675
Moscow,1844,2.996
Moscow,1845,2.93275
Moscow,1846,3.75675
Moscow,1847,4.017083333333333
Moscow,1848,4.439583333333334
Moscow,1849,3.181999999999999
Moscow,1850,3.5268333333333337
Moscow,1851,4.516749999999999
Moscow,1852,3.0544999999999995
Moscow,1853,3.8674166666666667
Moscow,1854,4.362833333333334
Moscow,1855,3.439
Moscow,1856,3.078333333333333
Moscow,1857,3.80875
Moscow,1858,3.875083333333333
Moscow,1859,4.985583333333334
Moscow,1860,3.6618333333333335
Moscow,1861,3.2516666666666665
Moscow,1862,1.5790833333333325
Moscow,1863,5.408666666666665
Moscow,1864,3.2134166666666673
Moscow,1865,3.2735
Moscow,1866,4.305
Moscow,1867,2.2930833333333336
Moscow,1868,3.7775833333333324
Moscow,1869,5.043833333333334
Moscow,1870,2.66775
Moscow,1871,2.2544166666666663
Moscow,1872,5.082416666666667
Moscow,1873,4.1290000000000004
Moscow,1874,4.364583333333333
Moscow,1875,1.49725
Moscow,1876,3.0155833333333337
Moscow,1877,3.1260000000000012
Moscow,1878,5.134250000000001
Moscow,1879,3.5627500000000007
Moscow,1880,3.2394166666666675
Moscow,1881,2.8359166666666664
Moscow,1882,4.96275
Moscow,1883,4.028916666666667
Moscow,1884,3.33975
Moscow,1885,3.996749999999999
Moscow,1886,3.9930833333333333
Moscow,1887,4.433416666666666
Moscow,1888,2.255833333333334
Moscow,1889,3.572083333333334
Moscow,1890,4.633083333333334
Moscow,1891,3.97275
Moscow,1892,3.314583333333333
Moscow,1893,2.597416666666667
Moscow,1894,4.014166666666667
Moscow,1895,3.6559999999999993
Moscow,1896,3.441166666666666
Moscow,1897,4.488833333333334
Moscow,1898,4.0438333333333345
Moscow,1899,3.7589166666666673
Moscow,1900,3.267583333333334
Moscow,1901,4.5728333333333335
Moscow,1902,2.6709999999999994
Moscow,1903,5.238833333333335
Moscow,1904,3.311666666666667
Moscow,1905,4.539416666666667
Moscow,1906,5.057416666666668
Moscow,1907,2.394250000000001
Moscow,1908,2.562416666666667
Moscow,1909,3.7610833333333336
Moscow,1910,5.03275
Moscow,1911,3.3872499999999994
Moscow,1912,3.1390000000000007
Moscow,1913,4.824333333333333
Moscow,1914,4.571583333333333
Moscow,1915,3.5149999999999992
Moscow,1916,4.068833333333333
Moscow,1917,3.2831666666666663
Moscow,1918,4.05225
Moscow,1919,3.185
Moscow,1920,4.640999999999999
Moscow,1921,4.329250000000001
Moscow,1922,4.013000000000001
Moscow,1923,3.9374166666666675
Moscow,1924,3.6675
Moscow,1925,5.393666666666667
Moscow,1926,3.3740833333333335
Moscow,1927,3.49875
Moscow,1928,3.2955000000000005
Moscow,1929,3.00975
Moscow,1930,4.54675
Moscow,1931,3.2820833333333326
Moscow,1932,5.095416666666667
Moscow,1933,2.718166666666667
Moscow,1934,5.262666666666667
Moscow,1935,4.558250000000001
Moscow,1936,5.363583333333334
Moscow,1937,5.157583333333332
Moscow,1938,5.918083333333332
Moscow,1939,4.6265833333333335
Moscow,1940,3.1582500000000002
Moscow,1941,1.6738333333333337
Moscow,1942,2.0863333333333336
Moscow,1943,4.634333333333334
Moscow,1944,4.761
Moscow,1945,2.937416666666667
Moscow,1946,4.093916666666667
Moscow,1947,3.769833333333334
Moscow,1948,4.778666666666668
Moscow,1949,5.273666666666666
Moscow,1950,3.9295833333333334
Moscow,1951,3.9931666666666668
Moscow,1952,4.207416666666667
Moscow,1953,4.004333333333334
Moscow,1954,4.035749999999999
Moscow,1955,3.714583333333334
Moscow,1956,2.4545
Moscow,1957,5.378166666666668
Moscow,1958,3.8884166666666675
Moscow,1959,4.304583333333334
Moscow,1960,4.495499999999999
Moscow,1961,5.2755
Moscow,1962,4.53775
Moscow,1963,3.1718333333333337
Moscow,1964,4.422583333333333
Moscow,1965,3.350166666666667
Moscow,1966,4.8135
Moscow,1967,4.554666666666667
Moscow,1968,3.578583333333333
Moscow,1969,2.4668333333333323
Moscow,1970,4.269666666666667
Moscow,1971,4.368666666666667
Moscow,1972,5.269666666666667
Moscow,1973,4.48275
Moscow,1974,5.450500000000001
Moscow,1975,6.01425
Moscow,1976,2.651333333333333
Moscow,1977,4.427083333333335
Moscow,1978,3.2144999999999997
Moscow,1979,4.3691666666666675
Moscow,1980,3.409500000000001
Moscow,1981,5.674499999999999
Moscow,1982,4.747666666666667
Moscow,1983,5.652
Moscow,1984,4.419416666666667
Moscow,1985,3.302750000000001
Moscow,1986,4.194416666666666
Moscow,1987,2.4885
Moscow,1988,4.891166666666667
Moscow,1989,6.625083333333336
Moscow,1990,5.807416666666666
Moscow,1991,5.618833333333334
Moscow,1992,5.359416666666665
Moscow,1993,4.152416666666668
Moscow,1994,4.131500000000001
Moscow,1995,5.882916666666667
Moscow,1996,4.551916666666667
Moscow,1997,4.556750000000002
Moscow,1998,4.47125
Moscow,1999,5.9444166666666645
Moscow,2000,5.960916666666667
Moscow,2001,5.316166666666667
Moscow,2002,5.634250000000001
Moscow,2003,4.987666666666667
Moscow,2004,5.3155833333333335
Moscow,2005,5.542416666666667
Moscow,2006,4.911
Moscow,2007,6.4270000000000005
Moscow,2008,6.759083333333333
Moscow,2009,5.685416666666666
Moscow,2010,5.914666666666668
Moscow,2011,6.009833333333334
Moscow,2012,5.200916666666665
Moscow,2013,6.798875000000001
Nagoya,1841,13.897499999999999
Nagoya,1844,13.429000000000002
Nagoya,1845,14.19983333333333
Nagoya,1846,14.544166666666667
Nagoya,1847,14.495916666666668
Nagoya,1848,14.378250000000001
Nagoya,1849,14.360083333333334
Nagoya,1850,13.952666666666667
Nagoya,1851,13.927500000000002
Nagoya,1852,13.91475
Nagoya,1853,14.113916666666666
Nagoya,1854,14.493833333333335
Nagoya,1855,14.753333333333336
Nagoya,1856,14.293333333333331
Nagoya,1857,14.22275
Nagoya,1858,14.417
Nagoya,1859,14.390833333333333
Nagoya,1860,13.926416666666666
Nagoya,1861,14.024999999999999
Nagoya,1862,13.848250000000002
Nagoya,1863,14.554416666666668
Nagoya,1864,14.082166666666668
Nagoya,1865,14.560583333333332
Nagoya,1866,13.849916666666665
Nagoya,1867,14.71133333333333
Nagoya,1868,14.504916666666668
Nagoya,1869,14.395083333333334
Nagoya,1870,14.46025
Nagoya,1871,14.451666666666666
Nagoya,1872,14.268166666666666
Nagoya,1873,13.782833333333336
Nagoya,1874,14.544583333333334
Nagoya,1875,14.302833333333332
Nagoya,1876,14.509416666666668
Nagoya,1877,14.815583333333334
Nagoya,1878,14.484083333333336
Nagoya,1879,14.951833333333335
Nagoya,1880,14.517666666666669
Nagoya,1881,14.32025
Nagoya,1882,14.33
Nagoya,1883,14.266916666666669
Nagoya,1884,13.487583333333333
Nagoya,1885,13.876333333333335
Nagoya,1886,14.3395
Nagoya,1887,14.317083333333334
Nagoya,1888,14.473833333333337
Nagoya,1889,13.968000000000004
Nagoya,1890,15.651083333333334
Nagoya,1891,14.641583333333335
Nagoya,1892,14.28858333333333
Nagoya,1893,14.142166666666663
Nagoya,1894,15.284166666666664
Nagoya,1895,14.460833333333333
Nagoya,1896,14.368583333333333
Nagoya,1897,14.262083333333335
Nagoya,1898,15.014916666666664
Nagoya,1899,14.531583333333336
Nagoya,1900,14.40075
Nagoya,1901,14.375583333333337
Nagoya,1902,14.343750000000002
Nagoya,1903,14.537583333333336
Nagoya,1904,14.448916666666667
Nagoya,1905,14.542499999999999
Nagoya,1906,14.049249999999999
Nagoya,1907,14.178249999999998
Nagoya,1908,14.079000000000002
Nagoya,1909,14.197666666666665
Nagoya,1910,14.179166666666667
Nagoya,1911,14.73583333333333
Nagoya,1912,14.500583333333337
Nagoya,1913,14.057166666666665
Nagoya,1914,15.262916666666667
Nagoya,1915,15.091000000000001
Nagoya,1916,15.364416666666669
Nagoya,1917,13.944000000000003
Nagoya,1918,14.14625
Nagoya,1919,14.698583333333337
Nagoya,1920,14.8375
Nagoya,1921,14.241916666666667
Nagoya,1922,15.033166666666668
Nagoya,1923,14.868333333333332
Nagoya,1924,14.376166666666665
Nagoya,1925,14.253333333333332
Nagoya,1926,14.0355
Nagoya,1927,14.442416666666668
Nagoya,1928,14.75366666666667
Nagoya,1929,14.58925
Nagoya,1930,15.155833333333334
Nagoya,1931,14.559166666666668
Nagoya,1932,14.545250000000001
Nagoya,1933,14.823166666666665
Nagoya,1934,14.201583333333334
Nagoya,1935,14.600249999999997
Nagoya,1936,14.12625
Nagoya,1937,15.051250000000001
Nagoya,1938,14.683333333333332
Nagoya,1939,14.837416666666664
Nagoya,1940,14.780833333333334
Nagoya,1941,15.001250000000004
Nagoya,1942,14.999583333333335
Nagoya,1943,14.517916666666666
Nagoya,1944,14.518166666666666
Nagoya,1945,14.054166666666665
Nagoya,1946,15.084666666666665
Nagoya,1947,14.142083333333334
Nagoya,1948,15.324250000000001
Nagoya,1949,14.657416666666668
Nagoya,1950,15.243166666666667
Nagoya,1951,14.882666666666665
Nagoya,1952,14.969749999999998
Nagoya,1953,15.001666666666667
Nagoya,1954,15.212250000000003
Nagoya,1955,15.547666666666666
Nagoya,1956,14.851750000000001
Nagoya,1957,14.703166666666668
Nagoya,1958,15.349083333333335
Nagoya,1959,15.940833333333336
Nagoya,1960,15.579083333333335
Nagoya,1961,15.883166666666666
Nagoya,1962,15.108083333333333
Nagoya,1963,14.821916666666667
Nagoya,1964,15.446166666666668
Nagoya,1965,14.374166666666666
Nagoya,1966,14.922250000000004
Nagoya,1967,15.094916666666665
Nagoya,1968,14.69525
Nagoya,1969,14.841583333333334
Nagoya,1970,14.634416666666668
Nagoya,1971,14.795499999999999
Nagoya,1972,15.196583333333335
Nagoya,1973,15.00475
Nagoya,1974,14.623499999999998
Nagoya,1975,15.078250000000002
Nagoya,1976,14.560666666666664
Nagoya,1977,15.312166666666663
Nagoya,1978,15.371249999999998
Nagoya,1979,15.767583333333333
Nagoya,1980,14.65466666666667
Nagoya,1981,14.409166666666666
Nagoya,1982,14.916583333333334
Nagoya,1983,15.175333333333333
Nagoya,1984,14.515416666666667
Nagoya,1985,15.240166666666667
Nagoya,1986,14.648250000000003
Nagoya,1987,15.586333333333336
Nagoya,1988,14.738583333333336
Nagoya,1989,15.473833333333333
Nagoya,1990,16.166416666666667
Nagoya,1991,15.485833333333334
Nagoya,1992,15.260583333333335
Nagoya,1993,14.719666666666667
Nagoya,1994,16.07408333333333
Nagoya,1995,14.972999999999999
Nagoya,1996,14.801083333333333
Nagoya,1997,15.393750000000002
Nagoya,1998,16.445666666666668
Nagoya,1999,15.792166666666667
Nagoya,2000,15.667666666666667
Nagoya,2001,15.473666666666668
Nagoya,2002,15.730083333333335
Nagoya,2003,15.352083333333335
Nagoya,2004,16.325
Nagoya,2005,15.36275
Nagoya,2006,15.446
Nagoya,2007,15.93775
Nagoya,2008,15.571083333333334
Nagoya,2009,15.667166666666667
Nagoya,2010,15.872916666666669
Nagoya,2011,15.434583333333334
Nagoya,2012,15.208833333333333
Nagoya,2013,16.021375
Nagpur,1796,25.425666666666668
Nagpur,1797,26.5759
Nagpur,1798,24.6329
Nagpur,1799,25.709166666666665
Nagpur,1800,25.689583333333335
Nagpur,1801,24.523699999999998
Nagpur,1802,26.18591666666667
Nagpur,1803,25.95175
Nagpur,1804,26.319750000000003
Nagpur,1805,25.811833333333336
Nagpur,1806,25.704166666666666
Nagpur,1807,25.001600000000003
Nagpur,1813,25.05175
Nagpur,1814,24.226363636363637
Nagpur,1815,24.59291666666667
Nagpur,1816,24.2175
Nagpur,1817,24.388500000000004
Nagpur,1818,24.657833333333333
Nagpur,1819,24.447499999999994
Nagpur,1820,24.624083333333335
Nagpur,1821,25.30425
Nagpur,1822,25.357750000000006
Nagpur,1823,25.317333333333327
Nagpur,1824,25.849416666666666
Nagpur,1825,25.564000000000004
Nagpur,1826,25.65433333333333
Nagpur,1827,25.685666666666663
Nagpur,1828,25.411166666666674
Nagpur,1829,25.236583333333332
Nagpur,1830,25.403500000000005
Nagpur,1831,25.07216666666667
Nagpur,1832,25.2511
Nagpur,1833,25.328333333333333
Nagpur,1834,25.309416666666664
Nagpur,1835,24.45425
Nagpur,1836,25.042166666666663
Nagpur,1837,25.00791666666667
Nagpur,1838,25.038166666666665
Nagpur,1839,25.090666666666667
Nagpur,1840,25.259166666666673
Nagpur,1841,25.008666666666667
Nagpur,1842,25.168916666666664
Nagpur,1843,25.002333333333336
Nagpur,1844,24.84283333333333
Nagpur,1845,25.14166666666667
Nagpur,1846,25.583916666666667
Nagpur,1847,25.09483333333333
Nagpur,1848,25.05633333333333
Nagpur,1849,24.998416666666667
Nagpur,1850,25.32041666666667
Nagpur,1851,25.2525
Nagpur,1852,25.156750000000002
Nagpur,1853,25.471083333333336
Nagpur,1854,25.56625
Nagpur,1855,25.570333333333334
Nagpur,1856,25.06816666666667
Nagpur,1857,24.698416666666663
Nagpur,1858,25.364666666666665
Nagpur,1859,25.432249999999996
Nagpur,1860,25.189000000000004
Nagpur,1861,25.084500000000002
Nagpur,1862,21.099666666666664
Nagpur,1865,25.609166666666667
Nagpur,1866,25.667666666666666
Nagpur,1867,25.67166666666667
Nagpur,1868,25.456
Nagpur,1869,25.535333333333337
Nagpur,1870,25.29058333333333
Nagpur,1871,25.400000000000002
Nagpur,1872,25.379833333333337
Nagpur,1873,25.455916666666667
Nagpur,1874,25.402666666666672
Nagpur,1875,25.53141666666666
Nagpur,1876,25.600499999999997
Nagpur,1877,25.682333333333332
Nagpur,1878,26.259583333333328
Nagpur,1879,25.06958333333334
Nagpur,1880,25.668333333333333
Nagpur,1881,25.195916666666673
Nagpur,1882,25.328749999999996
Nagpur,1883,25.073750000000004
Nagpur,1884,24.820000000000004
Nagpur,1885,25.136833333333332
Nagpur,1886,25.50283333333334
Nagpur,1887,25.13525
Nagpur,1888,25.57908333333333
Nagpur,1889,25.85475
Nagpur,1890,25.662666666666667
Nagpur,1891,25.317083333333333
Nagpur,1892,25.92175
Nagpur,1893,24.421000000000003
Nagpur,1894,25.55425
Nagpur,1895,25.696249999999996
Nagpur,1896,26.5855
Nagpur,1897,26.42466666666667
Nagpur,1898,25.851500000000005
Nagpur,1899,26.38175
Nagpur,1900,26.560750000000002
Nagpur,1901,25.782
Nagpur,1902,26.426583333333337
Nagpur,1903,25.577416666666664
Nagpur,1904,25.525583333333334
Nagpur,1905,25.366583333333335
Nagpur,1906,25.596833333333336
Nagpur,1907,25.378333333333334
Nagpur,1908,25.40308333333334
Nagpur,1909,25.452833333333334
Nagpur,1910,25.26008333333333
Nagpur,1911,25.718166666666665
Nagpur,1912,25.955416666666668
Nagpur,1913,25.638583333333333
Nagpur,1914,25.663083333333333
Nagpur,1915,26.005083333333335
Nagpur,1916,25.523249999999994
Nagpur,1917,24.50583333333333
Nagpur,1918,25.5755
Nagpur,1919,25.463250000000002
Nagpur,1920,25.85966666666667
Nagpur,1921,26.163250000000005
Nagpur,1922,25.647333333333336
Nagpur,1923,25.806916666666666
Nagpur,1924,26.024833333333337
Nagpur,1925,25.3665
Nagpur,1926,25.53583333333333
Nagpur,1927,25.602166666666665
Nagpur,1928,25.92975
Nagpur,1929,25.70283333333333
Nagpur,1930,25.690749999999998
Nagpur,1931,26.14941666666667
Nagpur,1932,25.839416666666665
Nagpur,1933,25.309249999999995
Nagpur,1934,25.453166666666664
Nagpur,1935,25.559249999999995
Nagpur,1936,25.596416666666666
Nagpur,1937,25.291500000000003
Nagpur,1938,25.57841666666666
Nagpur,1939,25.729250000000004
Nagpur,1940,25.626416666666668
Nagpur,1941,26.543166666666664
Nagpur,1942,25.930999999999997
Nagpur,1943,25.410166666666665
Nagpur,1944,25.51391666666666
Nagpur,1945,25.33758333333333
Nagpur,1946,25.829166666666666
Nagpur,1947,25.939999999999998
Nagpur,1948,26.00616666666667
Nagpur,1949,25.8335
Nagpur,1950,25.578333333333337
Nagpur,1951,25.99966666666667
Nagpur,1952,26.382
Nagpur,1953,26.54875
Nagpur,1954,26.017833333333332
Nagpur,1955,25.68816666666667
Nagpur,1956,25.69416666666667
Nagpur,1957,25.92566666666667
Nagpur,1958,26.534000000000002
Nagpur,1959,26.07858333333333
Nagpur,1960,25.929333333333336
Nagpur,1961,25.53125
Nagpur,1962,25.531499999999998
Nagpur,1963,25.630083333333335
Nagpur,1964,26.036
Nagpur,1965,25.965
Nagpur,1966,26.457416666666663
Nagpur,1967,26.07308333333333
Nagpur,1968,25.503249999999998
Nagpur,1969,26.437083333333334
Nagpur,1970,25.77475
Nagpur,1971,25.17925
Nagpur,1972,26.130166666666664
Nagpur,1973,26.288416666666667
Nagpur,1974,25.978499999999997
Nagpur,1975,25.59841666666667
Nagpur,1976,26.174000000000007
Nagpur,1977,26.232416666666666
Nagpur,1978,25.719333333333335
Nagpur,1979,26.419749999999997
Nagpur,1980,26.542416666666668
Nagpur,1981,25.937250000000002
Nagpur,1982,26.08941666666666
Nagpur,1983,25.721750000000004
Nagpur,1984,25.89616666666667
Nagpur,1985,26.184750000000005
Nagpur,1986,26.18508333333334
Nagpur,1987,26.31475
Nagpur,1988,26.474749999999997
Nagpur,1989,25.9455
Nagpur,1990,25.683416666666663
Nagpur,1991,26.195333333333327
Nagpur,1992,26.32466666666667
Nagpur,1993,26.071250000000003
Nagpur,1994,25.75425
Nagpur,1995,26.042666666666666
Nagpur,1996,26.455083333333334
Nagpur,1997,25.745833333333334
Nagpur,1998,26.39708333333333
Nagpur,1999,26.059583333333332
Nagpur,2000,26.181416666666667
Nagpur,2001,26.32166666666667
Nagpur,2002,26.753
Nagpur,2003,26.503833333333336
Nagpur,2004,26.406333333333333
Nagpur,2005,26.229166666666668
Nagpur,2006,26.37483333333333
Nagpur,2007,26.39366666666667
Nagpur,2008,26.188000000000002
Nagpur,2009,27.138916666666674
Nagpur,2010,26.927000000000007
Nagpur,2011,26.004666666666665
Nagpur,2012,26.327916666666667
Nagpur,2013,27.112375
Nairobi,1850,15.331545454545454
Nairobi,1859,15.731800000000002
Nairobi,1864,15.427833333333334
Nairobi,1875,15.110999999999999
Nairobi,1876,15.388
Nairobi,1877,15.983416666666669
Nairobi,1878,16.10241666666667
Nairobi,1880,15.622545454545456
Nairobi,1881,15.810299999999998
Nairobi,1882,15.583333333333336
Nairobi,1883,15.456333333333331
Nairobi,1884,15.275416666666667
Nairobi,1885,15.499166666666666
Nairobi,1886,15.516833333333333
Nairobi,1887,15.345916666666666
Nairobi,1888,15.473166666666664
Nairobi,1889,15.838583333333334
Nairobi,1890,15.483416666666663
Nairobi,1891,15.476750000000001
Nairobi,1892,15.750416666666668
Nairobi,1893,15.53375
Nairobi,1894,15.852249999999998
Nairobi,1895,15.826500000000001
Nairobi,1896,15.854833333333332
Nairobi,1897,15.950583333333332
Nairobi,1898,16.325333333333333
Nairobi,1899,15.866666666666665
Nairobi,1900,16.146916666666666
Nairobi,1901,16.451666666666668
Nairobi,1902,16.1855
Nairobi,1903,16.078750000000003
Nairobi,1904,15.575166666666663
Nairobi,1905,15.629999999999997
Nairobi,1906,15.205666666666668
Nairobi,1907,15.398166666666667
Nairobi,1908,15.992666666666667
Nairobi,1909,15.661999999999999
Nairobi,1910,15.519583333333335
Nairobi,1911,15.911333333333332
Nairobi,1912,15.926916666666664
Nairobi,1913,15.90475
Nairobi,1914,16.30433333333333
Nairobi,1915,16.336333333333332
Nairobi,1916,15.692999999999998
Nairobi,1917,15.343000000000002
Nairobi,1918,15.802999999999997
Nairobi,1919,15.915416666666665
Nairobi,1920,15.492999999999997
Nairobi,1921,15.714583333333332
Nairobi,1922,15.539416666666666
Nairobi,1923,15.549916666666666
Nairobi,1924,15.853166666666667
Nairobi,1925,15.795083333333332
Nairobi,1926,16.020666666666667
Nairobi,1927,15.932583333333335
Nairobi,1928,16.24933333333333
Nairobi,1929,15.988833333333332
Nairobi,1930,15.8515
Nairobi,1931,16.449333333333332
Nairobi,1932,16.04158333333333
Nairobi,1933,16.162416666666665
Nairobi,1934,16.189083333333336
Nairobi,1935,16.11375
Nairobi,1936,15.8585
Nairobi,1937,15.994333333333332
Nairobi,1938,15.97016666666667
Nairobi,1939,16.202333333333335
Nairobi,1940,16.223000000000003
Nairobi,1941,16.373416666666667
Nairobi,1942,15.897000000000004
Nairobi,1943,16.045416666666668
Nairobi,1944,16.235166666666668
Nairobi,1945,16.12733333333333
Nairobi,1946,16.209916666666665
Nairobi,1947,15.845999999999998
Nairobi,1948,16.097333333333328
Nairobi,1949,16.467416666666665
Nairobi,1950,15.965916666666665
Nairobi,1951,16.016166666666667
Nairobi,1952,16.267416666666666
Nairobi,1953,16.363833333333336
Nairobi,1954,16.050833333333333
Nairobi,1955,16.080250000000003
Nairobi,1956,15.698916666666667
Nairobi,1957,15.970916666666666
Nairobi,1958,16.225083333333334
Nairobi,1959,16.275583333333334
Nairobi,1960,16.151749999999996
Nairobi,1961,16.363916666666668
Nairobi,1962,15.831249999999999
Nairobi,1963,15.846333333333332
Nairobi,1964,15.625583333333333
Nairobi,1965,16.01158333333333
Nairobi,1966,16.226000000000003
Nairobi,1967,16.329416666666663
Nairobi,1968,15.679999999999994
Nairobi,1969,16.329
Nairobi,1970,16.04325
Nairobi,1971,15.802666666666665
Nairobi,1972,16.30766666666667
Nairobi,1973,16.4705
Nairobi,1974,15.935416666666663
Nairobi,1975,16.162583333333334
Nairobi,1976,16.276416666666666
Nairobi,1977,16.240666666666666
Nairobi,1978,15.860916666666668
Nairobi,1979,16.189666666666664
Nairobi,1980,16.61641666666667
Nairobi,1981,16.307999999999996
Nairobi,1982,16.464166666666667
Nairobi,1983,16.705333333333332
Nairobi,1984,16.3265
Nairobi,1985,16.240166666666667
Nairobi,1986,16.529
Nairobi,1987,17.190583333333333
Nairobi,1988,16.520416666666666
Nairobi,1989,15.906333333333334
Nairobi,1990,15.9405
Nairobi,1991,16.2595
Nairobi,1992,16.344916666666666
Nairobi,1993,16.364666666666665
Nairobi,1994,16.576999999999998
Nairobi,1995,16.522499999999997
Nairobi,1996,16.44408333333333
Nairobi,1997,16.7705
Nairobi,1998,16.526750000000003
Nairobi,1999,16.703749999999996
Nairobi,2000,16.734583333333337
Nairobi,2001,16.096833333333333
Nairobi,2002,16.613833333333332
Nairobi,2003,16.873833333333334
Nairobi,2004,16.917749999999998
Nairobi,2005,17.281916666666667
Nairobi,2006,16.92475
Nairobi,2007,16.599416666666666
Nairobi,2008,16.659166666666664
Nairobi,2009,17.30183333333333
Nairobi,2010,16.822333333333333
Nairobi,2011,16.897
Nairobi,2012,16.837999999999997
Nairobi,2013,16.909375
Nanjing,1841,14.495166666666668
Nanjing,1842,15.0605
Nanjing,1843,15.159916666666668
Nanjing,1844,14.980833333333335
Nanjing,1845,15.042500000000004
Nanjing,1846,15.514416666666667
Nanjing,1847,15.401750000000002
Nanjing,1848,14.708583333333335
Nanjing,1849,15.073083333333331
Nanjing,1850,15.16375
Nanjing,1851,14.882916666666665
Nanjing,1852,15.057083333333333
Nanjing,1853,15.423250000000001
Nanjing,1854,15.584333333333332
Nanjing,1855,15.409500000000001
Nanjing,1856,15.10333333333333
Nanjing,1857,15.466333333333333
Nanjing,1858,15.127583333333334
Nanjing,1859,15.317416666666668
Nanjing,1860,14.702083333333334
Nanjing,1861,14.902166666666668
Nanjing,1862,14.137999999999998
Nanjing,1863,14.884166666666665
Nanjing,1864,14.522750000000002
Nanjing,1865,15.352166666666667
Nanjing,1866,15.20575
Nanjing,1867,15.601750000000004
Nanjing,1868,15.516
Nanjing,1869,15.739749999999999
Nanjing,1870,15.589916666666669
Nanjing,1871,15.876416666666666
Nanjing,1872,15.728333333333333
Nanjing,1873,15.4095
Nanjing,1874,15.35675
Nanjing,1875,15.175666666666666
Nanjing,1876,15.280249999999997
Nanjing,1877,15.069083333333333
Nanjing,1878,15.113583333333336
Nanjing,1879,15.719083333333332
Nanjing,1880,14.88083333333333
Nanjing,1881,15.265083333333331
Nanjing,1882,15.160000000000002
Nanjing,1883,15.000833333333333
Nanjing,1884,14.545499999999999
Nanjing,1885,14.55675
Nanjing,1886,14.699083333333336
Nanjing,1887,15.220500000000001
Nanjing,1888,15.441
Nanjing,1889,14.995166666666668
Nanjing,1890,15.773083333333332
Nanjing,1891,15.40175
Nanjing,1892,15.089583333333332
Nanjing,1893,14.774666666666668
Nanjing,1894,15.752916666666664
Nanjing,1895,14.893083333333331
Nanjing,1896,15.33925
Nanjing,1897,15.228416666666662
Nanjing,1898,15.926583333333333
Nanjing,1899,15.529583333333337
Nanjing,1900,15.390416666666667
Nanjing,1901,14.982999999999999
Nanjing,1902,15.949166666666665
Nanjing,1903,15.212000000000002
Nanjing,1904,15.298916666666665
Nanjing,1905,14.982583333333332
Nanjing,1906,15.025250000000002
Nanjing,1907,15.258583333333334
Nanjing,1908,15.355583333333334
Nanjing,1909,15.479250000000002
Nanjing,1910,14.827916666666665
Nanjing,1911,15.022833333333336
Nanjing,1912,15.216999999999999
Nanjing,1913,15.05175
Nanjing,1914,16.130750000000003
Nanjing,1915,15.625416666666666
Nanjing,1916,15.188333333333334
Nanjing,1917,14.844999999999997
Nanjing,1918,15.128749999999998
Nanjing,1919,15.601916666666666
Nanjing,1920,15.606083333333336
Nanjing,1921,15.189749999999998
Nanjing,1922,15.716083333333335
Nanjing,1923,15.578333333333331
Nanjing,1924,15.40916666666667
Nanjing,1925,15.428916666666668
Nanjing,1926,15.687
Nanjing,1927,15.927000000000001
Nanjing,1928,15.902500000000002
Nanjing,1929,15.550666666666666
Nanjing,1930,15.517833333333336
Nanjing,1931,15.194666666666665
Nanjing,1932,15.671166666666666
Nanjing,1933,15.42666666666667
Nanjing,1934,15.558999999999997
Nanjing,1935,16.043583333333334
Nanjing,1936,15.051416666666666
Nanjing,1937,15.699583333333331
Nanjing,1938,16.063666666666666
Nanjing,1939,15.791416666666665
Nanjing,1940,15.96791666666667
Nanjing,1941,16.117333333333335
Nanjing,1942,15.900333333333334
Nanjing,1943,15.701500000000001
Nanjing,1944,15.798
Nanjing,1945,15.714500000000001
Nanjing,1946,16.40833333333333
Nanjing,1947,15.71325
Nanjing,1948,16.085250000000002
Nanjing,1949,16.162333333333333
Nanjing,1950,15.965250000000003
Nanjing,1951,15.855833333333331
Nanjing,1952,15.575583333333332
Nanjing,1953,16.672
Nanjing,1954,15.400666666666664
Nanjing,1955,15.678416666666664
Nanjing,1956,15.179916666666664
Nanjing,1957,15.18125
Nanjing,1958,15.683833333333332
Nanjing,1959,16.101666666666663
Nanjing,1960,16.101
Nanjing,1961,16.691499999999998
Nanjing,1962,15.840166666666663
Nanjing,1963,15.857916666666666
Nanjing,1964,16.124416666666665
Nanjing,1965,15.728500000000002
Nanjing,1966,16.145
Nanjing,1967,15.744083333333334
Nanjing,1968,15.863166666666666
Nanjing,1969,15.212583333333335
Nanjing,1970,15.412583333333336
Nanjing,1971,15.765083333333331
Nanjing,1972,15.323500000000001
Nanjing,1973,15.94333333333333
Nanjing,1974,15.560166666666667
Nanjing,1975,16.016416666666668
Nanjing,1976,15.466499999999998
Nanjing,1977,15.70825
Nanjing,1978,16.427333333333333
Nanjing,1979,16.1985
Nanjing,1980,15.166166666666667
Nanjing,1981,15.530250000000002
Nanjing,1982,15.791333333333334
Nanjing,1983,15.865916666666669
Nanjing,1984,15.294333333333336
Nanjing,1985,15.581166666666666
Nanjing,1986,15.591666666666667
Nanjing,1987,15.831833333333334
Nanjing,1988,15.787083333333335
Nanjing,1989,15.830499999999999
Nanjing,1990,16.663249999999998
Nanjing,1991,15.7145
Nanjing,1992,15.832333333333333
Nanjing,1993,15.582666666666668
Nanjing,1994,16.931833333333334
Nanjing,1995,16.07375
Nanjing,1996,15.816000000000003
Nanjing,1997,16.41358333333333
Nanjing,1998,17.11433333333333
Nanjing,1999,16.333000000000002
Nanjing,2000,16.479333333333333
Nanjing,2001,16.472333333333335
Nanjing,2002,16.814000000000004
Nanjing,2003,16.323416666666663
Nanjing,2004,16.855500000000003
Nanjing,2005,16.40816666666667
Nanjing,2006,17.0185
Nanjing,2007,17.24033333333333
Nanjing,2008,16.33875
Nanjing,2009,16.63158333333333
Nanjing,2010,16.443083333333334
Nanjing,2011,16.218916666666665
Nanjing,2012,16.131
Nanjing,2013,17.884125
New Delhi,1796,25.03025
New Delhi,1797,26.711900000000004
New Delhi,1798,24.289700000000003
New Delhi,1799,25.284166666666664
New Delhi,1800,25.207333333333334
New Delhi,1801,24.2161
New Delhi,1802,25.62816666666667
New Delhi,1803,25.37908333333333
New Delhi,1804,25.679083333333335
New Delhi,1805,25.301916666666667
New Delhi,1806,25.22083333333333
New Delhi,1807,24.9726
New Delhi,1813,24.561249999999998
New Delhi,1814,23.733
New Delhi,1815,24.087166666666672
New Delhi,1816,23.697750000000003
New Delhi,1817,23.859583333333333
New Delhi,1818,24.369333333333334
New Delhi,1819,23.903333333333336
New Delhi,1820,24.117500000000003
New Delhi,1821,24.826000000000004
New Delhi,1822,24.933916666666665
New Delhi,1823,24.634333333333334
New Delhi,1824,25.295333333333332
New Delhi,1825,25.114500000000003
New Delhi,1826,25.11675
New Delhi,1827,25.357083333333332
New Delhi,1828,24.899666666666665
New Delhi,1829,24.707250000000002
New Delhi,1830,25.069166666666664
New Delhi,1831,24.426
New Delhi,1832,24.6232
New Delhi,1833,24.845083333333335
New Delhi,1834,24.81566666666667
New Delhi,1835,23.897333333333332
New Delhi,1836,24.543083333333332
New Delhi,1837,24.41658333333333
New Delhi,1838,24.38141666666667
New Delhi,1839,24.45466666666667
New Delhi,1840,24.715500000000002
New Delhi,1841,24.493583333333333
New Delhi,1842,24.776083333333336
New Delhi,1843,24.746416666666665
New Delhi,1844,24.355833333333333
New Delhi,1845,24.603916666666663
New Delhi,1846,25.155916666666666
New Delhi,1847,24.661
New Delhi,1848,24.449916666666667
New Delhi,1849,24.4905
New Delhi,1850,24.77791666666667
New Delhi,1851,24.757583333333333
New Delhi,1852,24.652
New Delhi,1853,24.88291666666667
New Delhi,1854,25.02133333333333
New Delhi,1855,25.240454545454543
New Delhi,1856,23.862272727272728
New Delhi,1857,24.301083333333334
New Delhi,1870,24.889499999999998
New Delhi,1871,24.882416666666668
New Delhi,1872,24.943916666666667
New Delhi,1873,25.05633333333334
New Delhi,1874,24.252909090909096
New Delhi,1875,25.382833333333334
New Delhi,1876,24.931500000000003
New Delhi,1877,25.081666666666663
New Delhi,1878,25.182750000000002
New Delhi,1879,24.859916666666667
New Delhi,1880,25.454333333333334
New Delhi,1881,25.087083333333336
New Delhi,1882,24.891166666666663
New Delhi,1883,24.82491666666667
New Delhi,1884,24.666666666666668
New Delhi,1885,24.376583333333333
New Delhi,1886,24.89366666666667
New Delhi,1887,24.897333333333332
New Delhi,1888,24.882416666666668
New Delhi,1889,25.214749999999995
New Delhi,1890,25.05791666666667
New Delhi,1891,24.679166666666664
New Delhi,1892,25.487583333333333
New Delhi,1893,23.83791666666667
New Delhi,1894,24.735916666666665
New Delhi,1895,25.151416666666666
New Delhi,1896,25.83441666666667
New Delhi,1897,25.39408333333333
New Delhi,1898,25.552583333333335
New Delhi,1899,25.855416666666667
New Delhi,1900,25.55966666666667
New Delhi,1901,25.493166666666667
New Delhi,1902,25.660833333333333
New Delhi,1903,25.141000000000002
New Delhi,1904,25.068583333333326
New Delhi,1905,24.74875
New Delhi,1906,25.165833333333328
New Delhi,1907,25.02425
New Delhi,1908,25.140666666666664
New Delhi,1909,24.746250000000003
New Delhi,1910,24.810249999999996
New Delhi,1911,25.355833333333333
New Delhi,1912,25.247083333333336
New Delhi,1913,24.944083333333335
New Delhi,1914,25.120083333333337
New Delhi,1915,25.73483333333333
New Delhi,1916,25.068
New Delhi,1917,23.8425
New Delhi,1918,25.279833333333332
New Delhi,1919,24.837083333333336
New Delhi,1920,24.98708333333333
New Delhi,1921,26.042583333333337
New Delhi,1922,25.18308333333334
New Delhi,1923,25.261083333333335
New Delhi,1924,24.98216666666666
New Delhi,1925,24.85108333333333
New Delhi,1926,24.779749999999996
New Delhi,1927,24.731916666666667
New Delhi,1928,25.654500000000002
New Delhi,1929,25.387833333333337
New Delhi,1930,25.098583333333334
New Delhi,1931,25.578083333333336
New Delhi,1932,25.627416666666665
New Delhi,1933,24.518749999999997
New Delhi,1934,24.960666666666672
New Delhi,1935,24.806
New Delhi,1936,24.755166666666668
New Delhi,1937,24.809250000000002
New Delhi,1938,25.36041666666667
New Delhi,1939,25.23675
New Delhi,1940,25.0735
New Delhi,1941,26.302083333333343
New Delhi,1942,25.395
New Delhi,1943,25.252666666666666
New Delhi,1944,24.982916666666668
New Delhi,1945,24.780083333333334
New Delhi,1946,25.46783333333333
New Delhi,1947,25.724833333333336
New Delhi,1948,25.44808333333333
New Delhi,1949,25.59841666666667
New Delhi,1950,24.66125
New Delhi,1951,25.58408333333333
New Delhi,1952,25.835916666666666
New Delhi,1953,26.13633333333334
New Delhi,1954,25.67716666666667
New Delhi,1955,25.153583333333334
New Delhi,1956,25.301
New Delhi,1957,24.905833333333337
New Delhi,1958,25.93433333333334
New Delhi,1959,25.5565
New Delhi,1960,25.534916666666664
New Delhi,1961,24.804249999999996
New Delhi,1962,25.18466666666666
New Delhi,1963,25.456
New Delhi,1964,25.048
New Delhi,1965,25.256000000000004
New Delhi,1966,25.518
New Delhi,1967,24.975333333333335
New Delhi,1968,25.020916666666665
New Delhi,1969,25.801083333333338
New Delhi,1970,25.38716666666667
New Delhi,1971,24.80666666666667
New Delhi,1972,25.4235
New Delhi,1973,25.56316666666667
New Delhi,1974,25.520666666666667
New Delhi,1975,25.023583333333335
New Delhi,1976,25.32875
New Delhi,1977,25.405083333333337
New Delhi,1978,25.206083333333336
New Delhi,1979,25.8105
New Delhi,1980,26.015583333333336
New Delhi,1981,25.787666666666667
New Delhi,1982,25.175583333333332
New Delhi,1983,24.747333333333334
New Delhi,1984,25.56408333333333
New Delhi,1985,25.864583333333332
New Delhi,1986,25.309083333333334
New Delhi,1987,26.538999999999998
New Delhi,1988,26.10566666666666
New Delhi,1989,25.43258333333333
New Delhi,1990,25.53825
New Delhi,1991,25.73866666666667
New Delhi,1992,25.521083333333337
New Delhi,1993,25.921416666666673
New Delhi,1994,25.86916666666667
New Delhi,1995,25.920333333333332
New Delhi,1996,25.54641666666667
New Delhi,1997,24.708166666666667
New Delhi,1998,25.769000000000002
New Delhi,1999,26.362833333333338
New Delhi,2000,26.048333333333332
New Delhi,2001,25.862916666666667
New Delhi,2002,26.63433333333333
New Delhi,2003,25.721083333333336
New Delhi,2004,26.23991666666667
New Delhi,2005,25.716083333333334
New Delhi,2006,26.365916666666667
New Delhi,2007,26.14566666666667
New Delhi,2008,25.674999999999997
New Delhi,2009,26.55425
New Delhi,2010,26.520249999999994
New Delhi,2011,25.629500000000004
New Delhi,2012,25.889416666666666
New Delhi,2013,26.70925
New York,1768,6.6339999999999995
New York,1769,10.506875
New York,1774,5.259666666666667
New York,1775,10.242833333333333
New York,1776,9.133636363636363
New York,1777,8.765083333333331
New York,1778,6.885166666666666
New York,1779,0.2466666666666666
New York,1781,7.224249999999999
New York,1782,8.535571428571428
New York,1796,12.688142857142855
New York,1797,6.602
New York,1811,10.3012
New York,1812,7.79775
New York,1813,10.601555555555555
New York,1814,3.451333333333333
New York,1815,8.266250000000003
New York,1816,5.407125
New York,1817,7.7785
New York,1818,6.018099999999999
New York,1819,-1.5620000000000003
New York,1820,8.984916666666665
New York,1821,8.528833333333333
New York,1822,9.84175
New York,1823,8.638166666666669
New York,1824,9.292
New York,1825,10.206166666666666
New York,1826,9.922
New York,1827,9.261083333333332
New York,1828,10.703666666666669
New York,1829,9.172416666666667
New York,1830,10.319416666666667
New York,1831,9.065166666666666
New York,1832,9.145499999999998
New York,1833,9.153166666666666
New York,1834,9.317833333333333
New York,1835,8.475
New York,1836,7.514333333333333
New York,1837,8.120333333333333
New York,1838,8.7325
New York,1839,9.170083333333332
New York,1840,9.273666666666665
New York,1841,8.999166666666666
New York,1842,9.408750000000001
New York,1843,8.491166666666667
New York,1844,9.115416666666667
New York,1845,9.488249999999999
New York,1846,9.655583333333334
New York,1847,9.304416666666667
New York,1848,9.537083333333333
New York,1849,8.833166666666665
New York,1850,9.09575
New York,1851,9.2635
New York,1852,8.98225
New York,1853,9.675083333333333
New York,1854,9.561333333333334
New York,1855,9.11275
New York,1856,8.202499999999999
New York,1857,8.515416666666667
New York,1858,9.132666666666665
New York,1859,9.169916666666667
New York,1860,9.184583333333332
New York,1861,9.467333333333332
New York,1862,8.997333333333335
New York,1863,9.088166666666664
New York,1864,9.289333333333333
New York,1865,9.638333333333332
New York,1866,8.95025
New York,1867,8.58525
New York,1868,7.948916666666666
New York,1869,8.8495
New York,1870,10.035250000000001
New York,1871,8.937999999999999
New York,1872,8.605166666666667
New York,1873,8.439749999999998
New York,1874,9.057
New York,1875,7.739000000000001
New York,1876,9.353000000000002
New York,1877,10.1535
New York,1878,10.381499999999999
New York,1879,9.372166666666667
New York,1880,9.988166666666666
New York,1881,9.770583333333335
New York,1882,9.224416666666665
New York,1883,8.588666666666667
New York,1884,9.358583333333334
New York,1885,8.370833333333335
New York,1886,8.898833333333334
New York,1887,9.10275
New York,1888,8.306416666666665
New York,1889,9.85625
New York,1890,9.616916666666667
New York,1891,9.997333333333332
New York,1892,9.147666666666666
New York,1893,8.679249999999998
New York,1894,9.952333333333334
New York,1895,9.219499999999998
New York,1896,9.512333333333332
New York,1897,9.631666666666666
New York,1898,10.237666666666668
New York,1899,9.506583333333332
New York,1900,10.397999999999998
New York,1901,9.289000000000001
New York,1902,9.42975
New York,1903,9.321333333333333
New York,1904,7.868833333333334
New York,1905,9.100416666666666
New York,1906,9.896833333333335
New York,1907,8.491416666666666
New York,1908,9.867333333333335
New York,1909,9.51
New York,1910,9.552583333333333
New York,1911,9.909833333333331
New York,1912,9.239583333333332
New York,1913,10.764333333333333
New York,1914,9.023083333333334
New York,1915,9.854249999999999
New York,1916,9.098083333333333
New York,1917,8.24425
New York,1918,9.50775
New York,1919,10.047083333333333
New York,1920,9.193499999999998
New York,1921,10.913416666666665
New York,1922,10.036666666666667
New York,1923,9.513083333333336
New York,1924,8.852583333333333
New York,1925,9.722083333333334
New York,1926,8.541833333333333
New York,1927,9.695083333333335
New York,1928,9.823666666666668
New York,1929,9.9655
New York,1930,10.222166666666668
New York,1931,11.025750000000002
New York,1932,10.436416666666664
New York,1933,10.17575
New York,1934,9.482249999999999
New York,1935,9.479666666666665
New York,1936,9.734416666666666
New York,1937,10.1635
New York,1938,10.421916666666666
New York,1939,10.067916666666665
New York,1940,8.52575
New York,1941,10.191166666666666
New York,1942,9.959583333333333
New York,1943,9.577916666666665
New York,1944,10.01275
New York,1945,9.942833333333333
New York,1946,10.631083333333335
New York,1947,9.907
New York,1948,9.826000000000002
New York,1949,11.386166666666666
New York,1950,9.72425
New York,1951,10.274333333333333
New York,1952,10.522583333333333
New York,1953,11.1745
New York,1954,10.308666666666667
New York,1955,10.390166666666667
New York,1956,9.752833333333333
New York,1957,10.503083333333334
New York,1958,9.161833333333332
New York,1959,10.773916666666667
New York,1960,9.762416666666667
New York,1961,10.026333333333334
New York,1962,9.3165
New York,1963,9.316083333333333
New York,1964,9.961333333333334
New York,1965,9.628416666666666
New York,1966,9.7495
New York,1967,9.304833333333335
New York,1968,9.745833333333334
New York,1969,9.761416666666666
New York,1970,9.766916666666667
New York,1971,10.014500000000004
New York,1972,9.48975
New York,1973,10.959916666666667
New York,1974,10.078833333333334
New York,1975,10.559583333333334
New York,1976,9.533666666666667
New York,1977,9.958416666666666
New York,1978,9.17125
New York,1979,10.024500000000002
New York,1980,9.85825
New York,1981,9.949
New York,1982,9.775
New York,1983,10.509166666666667
New York,1984,10.257333333333333
New York,1985,10.2615
New York,1986,10.152916666666668
New York,1987,10.319833333333333
New York,1988,9.93325
New York,1989,9.661333333333333
New York,1990,11.3225
New York,1991,11.35725
New York,1992,9.572666666666667
New York,1993,10.040916666666664
New York,1994,9.995333333333333
New York,1995,10.236416666666667
New York,1996,9.807083333333335
New York,1997,10.00375
New York,1998,11.823916666666667
New York,1999,11.162583333333332
New York,2000,9.969083333333336
New York,2001,10.931
New York,2002,11.252166666666668
New York,2003,9.835999999999999
New York,2004,10.389500000000002
New York,2005,10.681416666666669
New York,2006,11.519250000000001
New York,2007,10.627333333333334
New York,2008,10.641666666666667
New York,2009,10.141833333333333
New York,2010,11.357583333333336
New York,2011,11.27225
New York,2012,11.9715
New York,2013,12.163888888888888
Paris,1743,7.648
Paris,1744,11.47975
Paris,1745,4.729
Paris,1750,11.175909090909089
Paris,1751,11.152750000000001
Paris,1752,6.966666666666668
Paris,1753,10.402000000000001
Paris,1754,10.154
Paris,1755,9.841916666666668
Paris,1756,10.196583333333333
Paris,1757,10.022
Paris,1758,9.615499999999999
Paris,1759,10.663916666666667
Paris,1760,10.496833333333335
Paris,1761,10.546166666666668
Paris,1762,10.061916666666667
Paris,1763,9.832666666666666
Paris,1764,10.312333333333333
Paris,1765,10.151833333333334
Paris,1766,9.988000000000001
Paris,1767,10.009083333333333
Paris,1768,10.0745
Paris,1769,10.102
Paris,1770,9.991833333333332
Paris,1771,9.976250000000002
Paris,1772,10.943333333333333
Paris,1773,10.3465
Paris,1774,10.323083333333335
Paris,1775,10.917333333333334
Paris,1776,10.251083333333334
Paris,1777,10.1725
Paris,1778,10.798666666666668
Paris,1779,11.364166666666668
Paris,1780,10.634250000000002
Paris,1781,11.395333333333333
Paris,1782,9.529083333333334
Paris,1783,11.007166666666668
Paris,1784,9.445333333333334
Paris,1785,9.488916666666666
Paris,1786,9.647583333333333
Paris,1787,10.52625
Paris,1788,10.482333333333335
Paris,1789,9.795583333333331
Paris,1790,10.593666666666666
Paris,1791,10.646
Paris,1792,10.595083333333335
Paris,1793,10.661499999999998
Paris,1794,11.086833333333333
Paris,1795,10.372333333333335
Paris,1796,10.257416666666668
Paris,1797,10.553
Paris,1798,10.517916666666666
Paris,1799,8.890833333333335
Paris,1800,10.456833333333334
Paris,1801,10.642249999999999
Paris,1802,10.456666666666667
Paris,1803,9.902
Paris,1804,10.457083333333333
Paris,1805,9.0915
Paris,1806,11.164666666666667
Paris,1807,10.243583333333333
Paris,1808,9.521166666666668
Paris,1809,9.903
Paris,1810,9.874333333333333
Paris,1811,11.166000000000002
Paris,1812,9.357666666666669
Paris,1813,9.76875
Paris,1814,9.219333333333333
Paris,1815,10.058916666666667
Paris,1816,8.894250000000001
Paris,1817,10.064333333333332
Paris,1818,10.755833333333333
Paris,1819,10.788333333333334
Paris,1820,9.677666666666669
Paris,1821,10.674583333333333
Paris,1822,11.539
Paris,1823,9.998333333333333
Paris,1824,10.483916666666667
Paris,1825,10.86758333333333
Paris,1826,10.698750000000002
Paris,1827,10.077416666666666
Paris,1828,11.017916666666666
Paris,1829,8.759333333333334
Paris,1830,9.586666666666668
Paris,1831,10.802750000000001
Paris,1832,10.019499999999999
Paris,1833,10.260833333333332
Paris,1834,11.566250000000002
Paris,1835,10.182916666666669
Paris,1836,10.298250000000001
Paris,1837,9.797416666666665
Paris,1838,9.29175
Paris,1839,10.1935
Paris,1840,9.626583333333336
Paris,1841,10.146416666666665
Paris,1842,9.992166666666666
Paris,1843,10.3635
Paris,1844,9.701583333333334
Paris,1845,9.42675
Paris,1846,11.405583333333333
Paris,1847,10.01375
Paris,1848,10.38825
Paris,1849,10.341916666666666
Paris,1850,9.787
Paris,1851,9.75575
Paris,1852,10.978499999999999
Paris,1853,9.318166666666666
Paris,1854,10.232083333333334
Paris,1855,8.981333333333334
Paris,1856,10.316333333333334
Paris,1857,10.88
Paris,1858,9.939166666666669
Paris,1859,11.091416666666666
Paris,1860,9.14625
Paris,1861,10.298083333333333
Paris,1862,10.818166666666665
Paris,1863,10.775
Paris,1864,9.361833333333333
Paris,1865,10.779166666666667
Paris,1866,10.76591666666667
Paris,1867,10.098166666666666
Paris,1868,11.332749999999999
Paris,1869,10.312333333333333
Paris,1870,9.715083333333334
Paris,1871,9.427916666666667
Paris,1872,11.069916666666666
Paris,1873,10.360750000000001
Paris,1874,10.290916666666666
Paris,1875,10.1655
Paris,1876,10.568083333333334
Paris,1877,10.488583333333333
Paris,1878,10.133833333333333
Paris,1879,8.680666666666665
Paris,1880,10.467166666666666
Paris,1881,9.872250000000001
Paris,1882,10.200083333333334
Paris,1883,9.970166666666666
Paris,1884,10.656833333333331
Paris,1885,9.77725
Paris,1886,10.101166666666668
Paris,1887,9.05275
Paris,1888,9.122
Paris,1889,9.480416666666667
Paris,1890,9.338916666666666
Paris,1891,9.531500000000001
Paris,1892,9.800083333333335
Paris,1893,10.786333333333332
Paris,1894,10.307749999999999
Paris,1895,9.826166666666666
Paris,1896,9.802916666666668
Paris,1897,10.48025
Paris,1898,10.78866666666667
Paris,1899,10.735333333333335
Paris,1900,10.79125
Paris,1901,9.902666666666667
Paris,1902,9.8315
Paris,1903,10.27425
Paris,1904,10.400916666666665
Paris,1905,10.00925
Paris,1906,10.501333333333333
Paris,1907,10.112
Paris,1908,9.92266666666667
Paris,1909,9.587499999999999
Paris,1910,10.323500000000001
Paris,1911,11.158666666666667
Paris,1912,10.338
Paris,1913,10.762916666666667
Paris,1914,10.528999999999998
Paris,1915,10.208083333333333
Paris,1916,10.386
Paris,1917,9.373916666666666
Paris,1918,10.543416666666667
Paris,1919,9.69475
Paris,1920,10.665999999999999
Paris,1921,11.427166666666666
Paris,1922,9.79225
Paris,1923,10.45575
Paris,1924,10.096
Paris,1925,10.109166666666665
Paris,1926,10.8375
Paris,1927,10.32025
Paris,1928,10.934583333333334
Paris,1929,10.09525
Paris,1930,10.8685
Paris,1931,9.936166666666667
Paris,1932,10.380333333333335
Paris,1933,10.317250000000001
Paris,1934,11.137250000000002
Paris,1935,10.616999999999999
Paris,1936,10.497583333333331
Paris,1937,10.927750000000001
Paris,1938,10.734333333333334
Paris,1939,10.5475
Paris,1940,9.715583333333335
Paris,1941,9.933583333333335
Paris,1942,9.992583333333334
Paris,1943,11.196833333333332
Paris,1944,10.482333333333333
Paris,1945,11.29575
Paris,1946,10.346333333333334
Paris,1947,11.294583333333334
Paris,1948,10.947333333333333
Paris,1949,11.511583333333332
Paris,1950,10.76833333333333
Paris,1951,10.59075
Paris,1952,10.531166666666667
Paris,1953,10.837333333333332
Paris,1954,10.254333333333333
Paris,1955,10.442416666666668
Paris,1956,9.589500000000001
Paris,1957,10.944333333333335
Paris,1958,10.621833333333333
Paris,1959,11.660416666666668
Paris,1960,10.828916666666666
Paris,1961,11.428083333333333
Paris,1962,9.554416666666667
Paris,1963,9.136083333333334
Paris,1964,10.44975
Paris,1965,9.937500000000002
Paris,1966,10.823333333333332
Paris,1967,10.766666666666666
Paris,1968,10.204666666666666
Paris,1969,10.532833333333334
Paris,1970,10.5115
Paris,1971,10.632166666666665
Paris,1972,10.191666666666666
Paris,1973,10.568666666666667
Paris,1974,10.909833333333337
Paris,1975,10.730083333333333
Paris,1976,11.405083333333335
Paris,1977,10.690416666666666
Paris,1978,10.028333333333334
Paris,1979,10.051333333333334
Paris,1980,10.071916666666665
Paris,1981,10.658
Paris,1982,11.266833333333333
Paris,1983,11.16625
Paris,1984,10.648
Paris,1985,9.866583333333333
Paris,1986,10.165666666666668
Paris,1987,10.045500000000002
Paris,1988,11.303833333333335
Paris,1989,11.766583333333335
Paris,1990,11.964416666666667
Paris,1991,10.600750000000001
Paris,1992,11.148166666666667
Paris,1993,10.701
Paris,1994,11.962416666666668
Paris,1995,11.692750000000002
Paris,1996,10.144916666666665
Paris,1997,11.59383333333333
Paris,1998,11.250166666666667
Paris,1999,11.831249999999999
Paris,2000,11.739666666666666
Paris,2001,11.371249999999998
Paris,2002,11.871333333333334
Paris,2003,11.909500000000001
Paris,2004,11.338833333333334
Paris,2005,11.552916666666667
Paris,2006,11.788499999999999
Paris,2007,11.750833333333334
Paris,2008,11.27825
Paris,2009,11.464083333333333
Paris,2010,10.409833333333333
Paris,2011,12.325750000000001
Paris,2012,11.219916666666668
Paris,2013,11.011625
Peking,1820,10.179400000000001
Peking,1821,11.50625
Peking,1822,11.502249999999998
Peking,1823,12.31372727272727
Peking,1833,11.144583333333332
Peking,1834,11.520249999999999
Peking,1835,10.792583333333333
Peking,1836,10.446363636363635
Peking,1837,13.603500000000002
Peking,1839,10.627583333333334
Peking,1840,11.294749999999999
Peking,1841,10.149333333333333
Peking,1842,11.310416666666667
Peking,1843,11.45275
Peking,1844,11.568166666666668
Peking,1845,11.431333333333333
Peking,1846,11.945749999999999
Peking,1847,11.878166666666667
Peking,1848,11.556583333333334
Peking,1849,11.530916666666664
Peking,1850,10.6825
Peking,1851,10.435333333333332
Peking,1852,10.654916666666667
Peking,1853,10.946833333333336
Peking,1854,11.595916666666668
Peking,1855,11.819249999999998
Peking,1856,11.418500000000002
Peking,1857,11.295
Peking,1858,11.655083333333335
Peking,1859,11.796500000000002
Peking,1860,10.3965
Peking,1861,10.813333333333333
Peking,1862,10.620083333333334
Peking,1863,11.808750000000003
Peking,1864,10.972500000000002
Peking,1865,11.2965
Peking,1866,11.564583333333331
Peking,1867,12.006666666666666
Peking,1868,11.664
Peking,1869,12.124
Peking,1870,11.418833333333334
Peking,1871,11.546083333333334
Peking,1872,11.385666666666665
Peking,1873,11.756833333333333
Peking,1874,11.817583333333333
Peking,1875,11.778500000000001
Peking,1876,12.281583333333336
Peking,1877,11.270083333333334
Peking,1878,11.380999999999998
Peking,1879,11.53375
Peking,1880,11.141416666666666
Peking,1881,11.359583333333333
Peking,1882,11.839833333333333
Peking,1883,11.24575
Peking,1884,10.824083333333334
Peking,1885,11.071500000000002
Peking,1886,11.405916666666668
Peking,1887,11.333583333333337
Peking,1888,11.130749999999999
Peking,1889,11.089916666666667
Peking,1890,11.981083333333332
Peking,1891,12.002250000000002
Peking,1892,11.206750000000001
Peking,1893,10.962833333333334
Peking,1894,12.134749999999999
Peking,1895,10.861833333333335
Peking,1896,11.343916666666667
Peking,1897,11.368250000000002
Peking,1898,12.48825
Peking,1899,12.483249999999998
Peking,1900,12.00925
Peking,1901,11.713916666666664
Peking,1902,12.662
Peking,1903,12.121666666666668
Peking,1904,11.689916666666667
Peking,1905,11.250749999999998
Peking,1906,11.32025
Peking,1907,11.600583333333333
Peking,1908,11.315833333333336
Peking,1909,11.146749999999999
Peking,1910,11.077166666666665
Peking,1911,10.927499999999997
Peking,1912,10.95491666666667
Peking,1913,11.29425
Peking,1914,12.07125
Peking,1915,10.98325
Peking,1916,11.129166666666668
Peking,1917,10.9705
Peking,1918,11.208833333333333
Peking,1919,11.911333333333332
Peking,1920,12.276166666666667
Peking,1921,11.852833333333335
Peking,1922,11.777166666666668
Peking,1923,11.480166666666667
Peking,1924,11.736083333333333
Peking,1925,11.633416666666667
Peking,1926,11.946833333333336
Peking,1927,11.997666666666667
Peking,1928,11.685249999999998
Peking,1929,11.902833333333332
Peking,1930,12.00508333333333
Peking,1931,11.454000000000002
Peking,1932,11.963916666666668
Peking,1933,11.215583333333335
Peking,1934,11.403416666666667
Peking,1935,12.370249999999999
Peking,1936,11.083666666666668
Peking,1937,11.793833333333334
Peking,1938,12.140250000000002
Peking,1939,12.368833333333335
Peking,1940,12.245583333333336
Peking,1941,12.393166666666666
Peking,1942,12.40725
Peking,1943,12.5625
Peking,1944,11.945166666666665
Peking,1945,12.340666666666666
Peking,1946,12.510166666666665
Peking,1947,10.827166666666665
Peking,1948,12.573833333333331
Peking,1949,12.394916666666667
Peking,1950,11.903916666666667
Peking,1951,12.02075
Peking,1952,11.714333333333334
Peking,1953,11.955333333333334
Peking,1954,11.335083333333332
Peking,1955,12.20875
Peking,1956,10.844333333333331
Peking,1957,11.16225
Peking,1958,12.100166666666667
Peking,1959,12.392499999999998
Peking,1960,12.235916666666668
Peking,1961,12.953416666666664
Peking,1962,12.235833333333334
Peking,1963,12.3605
Peking,1964,11.632333333333333
Peking,1965,12.358833333333335
Peking,1966,11.865833333333335
Peking,1967,11.68566666666667
Peking,1968,12.127666666666668
Peking,1969,10.856333333333334
Peking,1970,11.468583333333333
Peking,1971,11.859250000000001
Peking,1972,11.9935
Peking,1973,12.174749999999998
Peking,1974,11.794083333333335
Peking,1975,12.993250000000002
Peking,1976,11.590666666666666
Peking,1977,12.337250000000003
Peking,1978,12.42225
Peking,1979,11.892083333333334
Peking,1980,11.854000000000001
Peking,1981,12.216500000000002
Peking,1982,12.744000000000002
Peking,1983,12.858416666666665
Peking,1984,11.704583333333334
Peking,1985,11.435666666666668
Peking,1986,12.026250000000003
Peking,1987,12.349499999999999
Peking,1988,12.505916666666666
Peking,1989,13.074666666666667
Peking,1990,12.716916666666668
Peking,1991,12.363333333333332
Peking,1992,12.476583333333332
Peking,1993,12.46725
Peking,1994,13.293166666666666
Peking,1995,12.806666666666667
Peking,1996,12.305000000000001
Peking,1997,13.063749999999999
Peking,1998,13.545666666666664
Peking,1999,13.397333333333334
Peking,2000,12.881250000000001
Peking,2001,13.061083333333334
Peking,2002,13.388083333333332
Peking,2003,12.835833333333333
Peking,2004,13.288166666666669
Peking,2005,12.893833333333333
Peking,2006,13.250583333333333
Peking,2007,13.696833333333332
Peking,2008,13.124
Peking,2009,12.96775
Peking,2010,12.2495
Peking,2011,12.770250000000003
Peking,2012,12.292833333333336
Peking,2013,14.138625
Pune,1796,24.390583333333336
Pune,1797,25.1721
Pune,1798,24.0546
Pune,1799,24.679250000000007
Pune,1800,24.66991666666667
Pune,1801,23.9391
Pune,1802,25.17958333333333
Pune,1803,24.94841666666667
Pune,1804,25.32841666666667
Pune,1805,24.797250000000002
Pune,1806,24.68466666666667
Pune,1807,23.9956
Pune,1813,24.033666666666672
Pune,1814,23.494363636363634
Pune,1815,23.577333333333332
Pune,1816,23.133166666666668
Pune,1817,23.371583333333337
Pune,1818,23.796666666666667
Pune,1819,23.544750000000004
Pune,1820,23.666083333333333
Pune,1821,24.243166666666667
Pune,1822,24.246
Pune,1823,24.283916666666673
Pune,1824,24.8425
Pune,1825,24.5385
Pune,1826,24.644500000000004
Pune,1827,24.638666666666666
Pune,1828,24.39675
Pune,1829,24.225166666666667
Pune,1830,24.357333333333333
Pune,1831,24.08191666666666
Pune,1832,24.294800000000002
Pune,1833,24.28833333333333
Pune,1834,24.355249999999998
Pune,1835,23.56016666666667
Pune,1836,23.958666666666673
Pune,1837,23.922916666666666
Pune,1838,23.99433333333333
Pune,1839,24.043083333333332
Pune,1840,24.124083333333335
Pune,1841,23.871166666666667
Pune,1842,24.179916666666667
Pune,1843,23.919333333333338
Pune,1844,23.883916666666664
Pune,1845,24.171166666666664
Pune,1846,24.692916666666672
Pune,1847,24.146583333333336
Pune,1848,24.153666666666666
Pune,1849,24.066249999999997
Pune,1850,24.23141666666667
Pune,1851,24.15925
Pune,1852,24.19666666666667
Pune,1853,24.40908333333334
Pune,1854,24.531000000000002
Pune,1855,24.54658333333333
Pune,1856,24.044
Pune,1857,23.687833333333334
Pune,1858,24.34625
Pune,1859,24.406166666666664
Pune,1860,24.186416666666663
Pune,1861,24.058083333333332
Pune,1862,21.85666666666667
Pune,1865,24.637666666666664
Pune,1866,24.65308333333333
Pune,1867,24.69175
Pune,1868,24.614583333333332
Pune,1869,24.659750000000003
Pune,1870,24.280833333333334
Pune,1871,24.30525
Pune,1872,24.319750000000003
Pune,1873,24.403750000000002
Pune,1874,24.424833333333336
Pune,1875,24.48875
Pune,1876,24.892583333333334
Pune,1877,25.127999999999997
Pune,1878,25.06833333333333
Pune,1879,24.031499999999998
Pune,1880,24.569583333333338
Pune,1881,24.508499999999998
Pune,1882,24.288333333333338
Pune,1883,23.886416666666666
Pune,1884,23.940249999999995
Pune,1885,24.338333333333335
Pune,1886,24.41558333333334
Pune,1887,23.94208333333334
Pune,1888,24.717249999999996
Pune,1889,24.736083333333337
Pune,1890,24.513333333333332
Pune,1891,24.636833333333332
Pune,1892,24.696
Pune,1893,23.886166666666668
Pune,1894,24.55125
Pune,1895,24.600916666666663
Pune,1896,25.2895
Pune,1897,25.013
Pune,1898,24.885833333333334
Pune,1899,24.9475
Pune,1900,25.287833333333335
Pune,1901,24.806583333333336
Pune,1902,25.348166666666668
Pune,1903,24.408333333333335
Pune,1904,24.685833333333335
Pune,1905,24.454749999999994
Pune,1906,24.50991666666667
Pune,1907,24.494249999999997
Pune,1908,24.299083333333332
Pune,1909,24.467249999999996
Pune,1910,24.219833333333337
Pune,1911,24.782749999999997
Pune,1912,25.01308333333333
Pune,1913,24.63533333333333
Pune,1914,24.687166666666666
Pune,1915,24.790000000000003
Pune,1916,24.585416666666664
Pune,1917,23.910666666666668
Pune,1918,24.758083333333335
Pune,1919,24.78233333333333
Pune,1920,24.874000000000006
Pune,1921,24.76691666666667
Pune,1922,24.57183333333333
Pune,1923,24.560916666666667
Pune,1924,24.865166666666667
Pune,1925,24.611
Pune,1926,24.856083333333334
Pune,1927,24.54058333333333
Pune,1928,24.709083333333336
Pune,1929,24.84433333333334
Pune,1930,24.61333333333333
Pune,1931,24.87625
Pune,1932,24.591583333333332
Pune,1933,24.380000000000006
Pune,1934,24.26008333333333
Pune,1935,24.374166666666667
Pune,1936,24.67475
Pune,1937,24.43133333333333
Pune,1938,24.339
Pune,1939,24.595499999999998
Pune,1940,24.58566666666667
Pune,1941,25.573583333333335
Pune,1942,24.997583333333335
Pune,1943,24.484166666666667
Pune,1944,24.749916666666664
Pune,1945,24.402083333333334
Pune,1946,24.75708333333333
Pune,1947,24.794583333333332
Pune,1948,25.063750000000002
Pune,1949,24.815416666666664
Pune,1950,24.53558333333333
Pune,1951,24.984250000000003
Pune,1952,24.974999999999998
Pune,1953,25.094833333333337
Pune,1954,24.680916666666665
Pune,1955,24.679583333333337
Pune,1956,24.500333333333334
Pune,1957,24.953916666666668
Pune,1958,25.28225
Pune,1959,25.111583333333332
Pune,1960,25.020333333333337
Pune,1961,24.659666666666666
Pune,1962,24.655333333333335
Pune,1963,24.8
Pune,1964,24.627166666666664
Pune,1965,24.958
Pune,1966,25.25541666666666
Pune,1967,25.046666666666667
Pune,1968,24.677333333333333
Pune,1969,25.374416666666665
Pune,1970,24.74133333333333
Pune,1971,24.536166666666663
Pune,1972,25.310333333333332
Pune,1973,25.184166666666666
Pune,1974,24.873833333333334
Pune,1975,24.469083333333334
Pune,1976,25.04516666666667
Pune,1977,25.296249999999997
Pune,1978,24.813833333333335
Pune,1979,25.284499999999998
Pune,1980,25.333833333333335
Pune,1981,24.996333333333336
Pune,1982,25.20708333333333
Pune,1983,24.69875
Pune,1984,24.990166666666667
Pune,1985,25.022999999999996
Pune,1986,25.255833333333328
Pune,1987,25.613749999999996
Pune,1988,25.28725
Pune,1989,24.858166666666662
Pune,1990,24.778583333333334
Pune,1991,25.062833333333334
Pune,1992,25.139666666666667
Pune,1993,25.058916666666672
Pune,1994,24.83975
Pune,1995,25.24325
Pune,1996,25.340666666666667
Pune,1997,25.208083333333335
Pune,1998,25.549500000000005
Pune,1999,25.099333333333337
Pune,2000,25.110916666666668
Pune,2001,25.337833333333336
Pune,2002,25.583
Pune,2003,25.74841666666667
Pune,2004,25.316166666666664
Pune,2005,25.085583333333332
Pune,2006,25.310166666666664
Pune,2007,25.584833333333336
Pune,2008,25.23025
Pune,2009,25.868250000000003
Pune,2010,25.749166666666664
Pune,2011,25.161416666666664
Pune,2012,25.296833333333336
Pune,2013,25.847625
Rangoon,1816,25.785700000000002
Rangoon,1817,25.449583333333333
Rangoon,1818,25.861333333333334
Rangoon,1819,25.434916666666666
Rangoon,1820,26.03481818181818
Rangoon,1821,26.435416666666665
Rangoon,1822,26.566416666666665
Rangoon,1823,26.459
Rangoon,1825,26.693583333333333
Rangoon,1833,26.444750000000003
Rangoon,1834,26.37075
Rangoon,1835,25.423833333333334
Rangoon,1836,25.97236363636364
Rangoon,1837,25.598666666666663
Rangoon,1838,26.81728571428572
Rangoon,1839,26.329666666666665
Rangoon,1840,26.47741666666667
Rangoon,1841,26.91808333333334
Rangoon,1842,26.361
Rangoon,1843,26.381666666666664
Rangoon,1844,25.957416666666663
Rangoon,1845,25.897499999999997
Rangoon,1846,26.209
Rangoon,1847,25.853416666666664
Rangoon,1848,26.0865
Rangoon,1849,26.136916666666668
Rangoon,1850,26.602999999999998
Rangoon,1851,26.34990909090909
Rangoon,1852,26.23766666666667
Rangoon,1853,26.584833333333336
Rangoon,1854,26.58966666666667
Rangoon,1855,26.506833333333333
Rangoon,1856,26.146083333333333
Rangoon,1857,25.91591666666667
Rangoon,1858,26.52333333333333
Rangoon,1859,26.491500000000002
Rangoon,1860,26.259
Rangoon,1861,26.18191666666667
Rangoon,1862,24.65233333333333
Rangoon,1863,26.301666666666673
Rangoon,1864,26.16
Rangoon,1865,26.62516666666667
Rangoon,1866,26.736499999999996
Rangoon,1867,26.583583333333337
Rangoon,1868,26.218583333333328
Rangoon,1869,25.95458333333333
Rangoon,1870,26.05883333333333
Rangoon,1871,26.493166666666667
Rangoon,1872,26.50133333333333
Rangoon,1873,26.57908333333334
Rangoon,1874,26.439916666666665
Rangoon,1875,26.162333333333336
Rangoon,1876,26.281833333333328
Rangoon,1877,26.65025
Rangoon,1878,27.379416666666668
Rangoon,1879,26.697583333333338
Rangoon,1880,26.36758333333333
Rangoon,1881,26.540583333333334
Rangoon,1882,26.45675
Rangoon,1883,26.29091666666667
Rangoon,1884,25.98966666666667
Rangoon,1885,26.50016666666667
Rangoon,1886,26.53441666666667
Rangoon,1887,26.326416666666663
Rangoon,1888,26.727166666666665
Rangoon,1889,26.800666666666668
Rangoon,1890,26.33758333333334
Rangoon,1891,26.643833333333333
Rangoon,1892,26.24875
Rangoon,1893,25.98625
Rangoon,1894,26.584666666666667
Rangoon,1895,26.756583333333335
Rangoon,1896,26.84566666666667
Rangoon,1897,27.00533333333333
Rangoon,1898,26.692083333333333
Rangoon,1899,26.58316666666667
Rangoon,1900,27.06925
Rangoon,1901,26.949583333333333
Rangoon,1902,26.90825
Rangoon,1903,26.66375000000001
Rangoon,1904,26.244416666666666
Rangoon,1905,26.48958333333334
Rangoon,1906,27.05191666666667
Rangoon,1907,26.61175000000001
Rangoon,1908,26.62016666666666
Rangoon,1909,26.767749999999996
Rangoon,1910,26.616583333333338
Rangoon,1911,26.520499999999995
Rangoon,1912,26.675250000000002
Rangoon,1913,26.54216666666667
Rangoon,1914,26.479416666666665
Rangoon,1915,26.860583333333327
Rangoon,1916,26.461916666666667
Rangoon,1917,26.40941666666667
Rangoon,1918,26.444000000000003
Rangoon,1919,27.0855
Rangoon,1920,26.86333333333333
Rangoon,1921,26.690833333333334
Rangoon,1922,26.803833333333333
Rangoon,1923,26.66
Rangoon,1924,26.874499999999998
Rangoon,1925,26.52133333333334
Rangoon,1926,27.04883333333333
Rangoon,1927,26.67425
Rangoon,1928,26.968166666666665
Rangoon,1929,27.02508333333334
Rangoon,1930,26.902916666666666
Rangoon,1931,27.305666666666667
Rangoon,1932,26.935416666666665
Rangoon,1933,26.849750000000004
Rangoon,1934,26.670416666666668
Rangoon,1935,26.87816666666666
Rangoon,1936,26.79833333333333
Rangoon,1937,26.87133333333334
Rangoon,1938,26.797
Rangoon,1939,26.928249999999995
Rangoon,1940,26.7645
Rangoon,1941,27.198333333333338
Rangoon,1942,27.19666666666667
Rangoon,1943,26.793083333333332
Rangoon,1944,27.137
Rangoon,1945,26.911083333333334
Rangoon,1946,26.9335
Rangoon,1947,27.146666666666665
Rangoon,1948,26.77316666666667
Rangoon,1949,26.922666666666668
Rangoon,1950,26.734083333333334
Rangoon,1951,27.044416666666667
Rangoon,1952,27.19225
Rangoon,1953,27.1845
Rangoon,1954,27.127416666666672
Rangoon,1955,26.646250000000006
Rangoon,1956,26.750416666666666
Rangoon,1957,27.27625
Rangoon,1958,27.387833333333333
Rangoon,1959,27.32116666666666
Rangoon,1960,27.387083333333333
Rangoon,1961,27.0525
Rangoon,1962,27.096500000000002
Rangoon,1963,27.072916666666668
Rangoon,1964,27.09241666666667
Rangoon,1965,27.00708333333333
Rangoon,1966,27.53283333333333
Rangoon,1967,27.068916666666667
Rangoon,1968,27.07875
Rangoon,1969,27.193583333333326
Rangoon,1970,27.146916666666673
Rangoon,1971,26.531499999999998
Rangoon,1972,27.008416666666665
Rangoon,1973,27.031083333333328
Rangoon,1974,26.804499999999994
Rangoon,1975,26.83675
Rangoon,1976,26.728083333333334
Rangoon,1977,27.203749999999996
Rangoon,1978,27.24683333333333
Rangoon,1979,27.598333333333333
Rangoon,1980,27.450833333333332
Rangoon,1981,26.99683333333334
Rangoon,1982,26.99625
Rangoon,1983,27.170333333333332
Rangoon,1984,27.135166666666667
Rangoon,1985,27.035999999999998
Rangoon,1986,27.051416666666668
Rangoon,1987,27.449916666666667
Rangoon,1988,27.346333333333334
Rangoon,1989,27.007250000000003
Rangoon,1990,27.11566666666667
Rangoon,1991,27.578166666666664
Rangoon,1992,26.771333333333335
Rangoon,1993,27.34091666666667
Rangoon,1994,27.01491666666666
Rangoon,1995,27.129833333333334
Rangoon,1996,27.27658333333333
Rangoon,1997,26.909916666666664
Rangoon,1998,28.10908333333333
Rangoon,1999,27.288750000000004
Rangoon,2000,27.129416666666668
Rangoon,2001,27.514416666666666
Rangoon,2002,27.449833333333334
Rangoon,2003,27.28316666666667
Rangoon,2004,27.201166666666666
Rangoon,2005,27.608749999999997
Rangoon,2006,27.51908333333333
Rangoon,2007,27.35008333333333
Rangoon,2008,27.27591666666667
Rangoon,2009,27.631500000000003
Rangoon,2010,28.216416666666664
Rangoon,2011,27.203249999999997
Rangoon,2012,27.9525
Rangoon,2013,28.038124999999997
Rio De Janeiro,1832,23.045333333333332
Rio De Janeiro,1833,24.109666666666666
Rio De Janeiro,1834,23.26733333333333
Rio De Janeiro,1835,22.727499999999996
Rio De Janeiro,1836,22.90791666666667
Rio De Janeiro,1837,22.288083333333333
Rio De Janeiro,1838,22.81091666666667
Rio De Janeiro,1839,22.540333333333333
Rio De Janeiro,1840,23.316000000000003
Rio De Janeiro,1841,22.965166666666665
Rio De Janeiro,1842,23.409166666666664
Rio De Janeiro,1843,23.550833333333333
Rio De Janeiro,1851,23.533583333333336
Rio De Janeiro,1852,23.738500000000002
Rio De Janeiro,1853,23.761000000000006
Rio De Janeiro,1854,23.82791666666667
Rio De Janeiro,1855,23.885749999999998
Rio De Janeiro,1856,22.833833333333335
Rio De Janeiro,1857,23.458833333333335
Rio De Janeiro,1858,22.374416666666665
Rio De Janeiro,1859,23.04025
Rio De Janeiro,1860,23.908916666666666
Rio De Janeiro,1861,23.041416666666663
Rio De Janeiro,1862,23.035833333333333
Rio De Janeiro,1863,22.952083333333334
Rio De Janeiro,1864,23.024583333333336
Rio De Janeiro,1865,22.893916666666666
Rio De Janeiro,1866,23.09925
Rio De Janeiro,1867,23.264499999999998
Rio De Janeiro,1868,24.316583333333337
Rio De Janeiro,1869,24.199749999999998
Rio De Janeiro,1870,24.224666666666668
Rio De Janeiro,1871,23.844250000000002
Rio De Janeiro,1872,23.753166666666672
Rio De Janeiro,1873,23.942333333333334
Rio De Janeiro,1874,23.231083333333334
Rio De Janeiro,1875,22.854916666666668
Rio De Janeiro,1876,23.04825
Rio De Janeiro,1877,23.800916666666666
Rio De Janeiro,1878,24.304083333333327
Rio De Janeiro,1879,22.84133333333334
Rio De Janeiro,1880,24.011666666666667
Rio De Janeiro,1881,23.289083333333334
Rio De Janeiro,1882,22.65075
Rio De Janeiro,1883,22.983333333333338
Rio De Janeiro,1884,22.845166666666668
Rio De Janeiro,1885,23.75316666666666
Rio De Janeiro,1886,22.94391666666667
Rio De Janeiro,1887,23.488500000000002
Rio De Janeiro,1888,23.817166666666665
Rio De Janeiro,1889,24.166500000000003
Rio De Janeiro,1890,23.37891666666667
Rio De Janeiro,1891,23.552083333333332
Rio De Janeiro,1892,23.395416666666673
Rio De Janeiro,1893,22.684833333333334
Rio De Janeiro,1894,23.616249999999997
Rio De Janeiro,1895,23.35716666666667
Rio De Janeiro,1896,23.350749999999994
Rio De Janeiro,1897,23.312833333333334
Rio De Janeiro,1898,23.539583333333336
Rio De Janeiro,1899,23.948833333333337
Rio De Janeiro,1900,23.482
Rio De Janeiro,1901,23.071
Rio De Janeiro,1902,23.994249999999994
Rio De Janeiro,1903,23.733833333333333
Rio De Janeiro,1904,23.170999999999996
Rio De Janeiro,1905,23.835166666666666
Rio De Janeiro,1906,23.742
Rio De Janeiro,1907,23.35875
Rio De Janeiro,1908,23.574583333333333
Rio De Janeiro,1909,23.333833333333335
Rio De Janeiro,1910,23.31025
Rio De Janeiro,1911,23.35575
Rio De Janeiro,1912,23.48108333333333
Rio De Janeiro,1913,23.71983333333333
Rio De Janeiro,1914,24.284833333333335
Rio De Janeiro,1915,24.063666666666666
Rio De Janeiro,1916,23.517583333333334
Rio De Janeiro,1917,22.615333333333336
Rio De Janeiro,1918,23.25933333333333
Rio De Janeiro,1919,23.733999999999995
Rio De Janeiro,1920,23.644750000000002
Rio De Janeiro,1921,23.411
Rio De Janeiro,1922,23.914583333333336
Rio De Janeiro,1923,23.84658333333334
Rio De Janeiro,1924,23.24908333333333
Rio De Janeiro,1925,23.485000000000003
Rio De Janeiro,1926,23.827416666666664
Rio De Janeiro,1927,23.666000000000007
Rio De Janeiro,1928,24.08808333333333
Rio De Janeiro,1929,23.801333333333332
Rio De Janeiro,1930,24.041666666666668
Rio De Janeiro,1931,23.54025
Rio De Janeiro,1932,24.226250000000004
Rio De Janeiro,1933,23.012999999999995
Rio De Janeiro,1934,23.791916666666665
Rio De Janeiro,1935,23.891750000000002
Rio De Janeiro,1936,24.019666666666666
Rio De Janeiro,1937,23.613416666666666
Rio De Janeiro,1938,23.91908333333333
Rio De Janeiro,1939,23.9505
Rio De Janeiro,1940,24.174916666666665
Rio De Janeiro,1941,24.21875
Rio De Janeiro,1942,23.857916666666664
Rio De Janeiro,1943,23.539500000000004
Rio De Janeiro,1944,23.848000000000003
Rio De Janeiro,1945,23.608500000000003
Rio De Janeiro,1946,24.34433333333334
Rio De Janeiro,1947,23.625083333333333
Rio De Janeiro,1948,24.0175
Rio De Janeiro,1949,23.56416666666667
Rio De Janeiro,1950,24.032749999999997
Rio De Janeiro,1951,23.254083333333337
Rio De Janeiro,1952,23.967749999999995
Rio De Janeiro,1953,24.010083333333338
Rio De Janeiro,1954,24.223
Rio De Janeiro,1955,23.61766666666667
Rio De Janeiro,1956,23.47458333333334
Rio De Janeiro,1957,23.972916666666666
Rio De Janeiro,1958,24.616583333333335
Rio De Janeiro,1959,24.614750000000004
Rio De Janeiro,1960,23.800750000000004
Rio De Janeiro,1961,24.636
Rio De Janeiro,1962,23.439333333333334
Rio De Janeiro,1963,24.292333333333335
Rio De Janeiro,1964,23.466333333333328
Rio De Janeiro,1965,24.303083333333337
Rio De Janeiro,1966,24.358999999999998
Rio De Janeiro,1967,24.204083333333333
Rio De Janeiro,1968,23.295083333333338
Rio De Janeiro,1969,24.145083333333336
Rio De Janeiro,1970,24.0585
Rio De Janeiro,1971,24.001499999999997
Rio De Janeiro,1972,24.410833333333333
Rio De Janeiro,1973,24.375083333333333
Rio De Janeiro,1974,23.923499999999994
Rio De Janeiro,1975,23.568166666666666
Rio De Janeiro,1976,23.765666666666664
Rio De Janeiro,1977,24.63866666666667
Rio De Janeiro,1978,24.00583333333333
Rio De Janeiro,1979,23.611333333333334
Rio De Janeiro,1980,24.3485
Rio De Janeiro,1981,24.01816666666667
Rio De Janeiro,1982,24.01816666666667
Rio De Janeiro,1983,24.144083333333338
Rio De Janeiro,1984,24.616749999999996
Rio De Janeiro,1985,24.096
Rio De Janeiro,1986,24.75466666666667
Rio De Janeiro,1987,24.54525
Rio De Janeiro,1988,24.00125
Rio De Janeiro,1989,24.067000000000004
Rio De Janeiro,1990,24.642583333333334
Rio De Janeiro,1991,24.250333333333334
Rio De Janeiro,1992,24.235749999999996
Rio De Janeiro,1993,24.654749999999993
Rio De Janeiro,1994,24.71441666666667
Rio De Janeiro,1995,24.770083333333332
Rio De Janeiro,1996,24.27983333333334
Rio De Janeiro,1997,24.713416666666674
Rio De Janeiro,1998,24.77825
Rio De Janeiro,1999,24.008916666666664
Rio De Janeiro,2000,24.363083333333332
Rio De Janeiro,2001,24.98908333333334
Rio De Janeiro,2002,25.176666666666666
Rio De Janeiro,2003,24.896
Rio De Janeiro,2004,24.238249999999997
Rio De Janeiro,2005,24.792916666666667
Rio De Janeiro,2006,24.571916666666663
Rio De Janeiro,2007,24.77508333333334
Rio De Janeiro,2008,24.260333333333335
Rio De Janeiro,2009,24.983583333333332
Rio De Janeiro,2010,24.952749999999998
Rio De Janeiro,2011,24.31983333333333
Rio De Janeiro,2012,24.838416666666664
Rio De Janeiro,2013,25.188000000000002
Riyadh,1843,24.743272727272725
Riyadh,1844,15.45375
Riyadh,1845,20.8208
Riyadh,1848,24.559083333333334
Riyadh,1849,24.79625
Riyadh,1850,24.339083333333335
Riyadh,1851,25.031499999999998
Riyadh,1852,24.849
Riyadh,1853,24.927000000000003
Riyadh,1855,24.915333333333333
Riyadh,1856,14.290999999999999
Riyadh,1857,24.259583333333335
Riyadh,1858,25.013833333333334
Riyadh,1859,24.948583333333335
Riyadh,1860,24.940916666666666
Riyadh,1861,24.13083333333333
Riyadh,1862,23.774583333333336
Riyadh,1863,24.275000000000002
Riyadh,1864,25.033666666666665
Riyadh,1865,25.229166666666668
Riyadh,1866,24.92475
Riyadh,1867,25.22125
Riyadh,1868,25.00466666666667
Riyadh,1869,25.300916666666666
Riyadh,1870,25.018916666666666
Riyadh,1871,24.72666666666667
Riyadh,1872,24.87091666666667
Riyadh,1873,25.23625
Riyadh,1874,24.97575
Riyadh,1875,24.425583333333336
Riyadh,1876,24.890166666666673
Riyadh,1877,25.46983333333334
Riyadh,1878,25.513250000000003
Riyadh,1879,25.24083333333333
Riyadh,1880,24.798833333333334
Riyadh,1881,25.63175
Riyadh,1882,24.66175
Riyadh,1883,25.188916666666668
Riyadh,1884,24.799999999999997
Riyadh,1885,24.977833333333333
Riyadh,1886,24.976000000000003
Riyadh,1887,24.809583333333332
Riyadh,1888,25.126500000000004
Riyadh,1889,25.518083333333333
Riyadh,1890,25.07016666666667
Riyadh,1891,25.387083333333337
Riyadh,1892,25.218833333333333
Riyadh,1893,25.1935
Riyadh,1894,24.66491666666666
Riyadh,1895,24.68766666666666
Riyadh,1896,24.880416666666672
Riyadh,1897,24.858500000000003
Riyadh,1898,24.876583333333333
Riyadh,1899,25.121916666666664
Riyadh,1900,25.289583333333336
Riyadh,1901,25.55116666666667
Riyadh,1902,25.25158333333333
Riyadh,1903,24.642416666666662
Riyadh,1904,25.072083333333335
Riyadh,1905,24.866666666666664
Riyadh,1906,24.850333333333335
Riyadh,1907,24.442166666666665
Riyadh,1908,24.946583333333336
Riyadh,1909,25.56725
Riyadh,1910,24.75283333333334
Riyadh,1911,24.24
Riyadh,1912,24.960333333333335
Riyadh,1913,24.632
Riyadh,1914,24.943166666666666
Riyadh,1915,25.37816666666667
Riyadh,1916,24.853750000000005
Riyadh,1917,25.025750000000002
Riyadh,1918,24.65591666666667
Riyadh,1919,25.385500000000004
Riyadh,1920,24.935916666666667
Riyadh,1921,24.839250000000003
Riyadh,1922,25.35016666666667
Riyadh,1923,25.102083333333336
Riyadh,1924,25.691
Riyadh,1925,25.001166666666666
Riyadh,1926,25.18808333333334
Riyadh,1927,25.293499999999998
Riyadh,1928,25.389749999999996
Riyadh,1929,25.35608333333333
Riyadh,1930,25.394499999999997
Riyadh,1931,25.379583333333333
Riyadh,1932,24.95783333333333
Riyadh,1933,24.665583333333334
Riyadh,1934,24.970916666666664
Riyadh,1935,25.606583333333333
Riyadh,1936,25.148083333333336
Riyadh,1937,25.08491666666667
Riyadh,1938,25.113583333333334
Riyadh,1939,25.15641666666667
Riyadh,1940,25.512416666666667
Riyadh,1941,25.372333333333334
Riyadh,1942,25.48641666666667
Riyadh,1943,24.95958333333333
Riyadh,1944,25.596
Riyadh,1945,25.30033333333333
Riyadh,1946,25.494000000000003
Riyadh,1947,25.999250000000004
Riyadh,1948,24.84841666666667
Riyadh,1949,24.81516666666667
Riyadh,1950,24.97791666666667
Riyadh,1951,26.103333333333335
Riyadh,1952,25.718000000000004
Riyadh,1953,25.505166666666668
Riyadh,1954,25.801583333333326
Riyadh,1955,25.331666666666667
Riyadh,1956,25.019416666666668
Riyadh,1957,24.689666666666668
Riyadh,1958,25.642250000000004
Riyadh,1959,24.138166666666663
Riyadh,1960,25.672416666666667
Riyadh,1961,25.122416666666666
Riyadh,1962,26.096000000000007
Riyadh,1963,25.544083333333337
Riyadh,1964,25.140500000000007
Riyadh,1965,25.58725
Riyadh,1966,26.164833333333334
Riyadh,1967,24.874666666666666
Riyadh,1968,25.21375
Riyadh,1969,26.053916666666666
Riyadh,1970,25.844333333333328
Riyadh,1971,24.925749999999997
Riyadh,1972,24.73725
Riyadh,1973,25.598583333333334
Riyadh,1974,25.39758333333334
Riyadh,1975,25.04158333333333
Riyadh,1976,24.97191666666667
Riyadh,1977,25.98516666666667
Riyadh,1978,25.95075
Riyadh,1979,26.200499999999995
Riyadh,1980,25.826916666666666
Riyadh,1981,25.95075
Riyadh,1982,24.615833333333338
Riyadh,1983,24.854083333333335
Riyadh,1984,25.053249999999995
Riyadh,1985,25.298916666666667
Riyadh,1986,25.36283333333333
Riyadh,1987,26.37025000000001
Riyadh,1988,25.989833333333337
Riyadh,1989,25.051083333333327
Riyadh,1990,25.70141666666667
Riyadh,1991,25.425833333333333
Riyadh,1992,24.37025
Riyadh,1993,25.41691666666667
Riyadh,1994,26.079333333333338
Riyadh,1995,25.63608333333333
Riyadh,1996,26.281833333333335
Riyadh,1997,25.49275
Riyadh,1998,26.731916666666667
Riyadh,1999,26.915333333333336
Riyadh,2000,26.545666666666666
Riyadh,2001,26.665166666666668
Riyadh,2002,26.436666666666667
Riyadh,2003,26.617250000000002
Riyadh,2004,26.199333333333332
Riyadh,2005,26.269499999999997
Riyadh,2006,26.243166666666667
Riyadh,2007,26.491250000000004
Riyadh,2008,26.214
Riyadh,2009,26.70625
Riyadh,2010,27.374749999999995
Riyadh,2011,26.39675
Riyadh,2012,26.834750000000003
Riyadh,2013,27.777500000000003
Rome,1743,8.248000000000001
Rome,1744,13.268375000000002
Rome,1745,5.15225
Rome,1750,12.527818181818184
Rome,1751,12.98975
Rome,1752,7.6754999999999995
Rome,1753,11.961833333333333
Rome,1754,11.792499999999999
Rome,1755,11.573416666666667
Rome,1756,12.129583333333331
Rome,1757,11.802
Rome,1758,11.023916666666667
Rome,1759,12.119583333333333
Rome,1760,11.937249999999999
Rome,1761,12.214083333333335
Rome,1762,11.993916666666665
Rome,1763,11.539250000000001
Rome,1764,12.177833333333332
Rome,1765,12.018750000000002
Rome,1766,11.85716666666667
Rome,1767,11.354333333333335
Rome,1768,10.972666666666667
Rome,1769,11.787833333333333
Rome,1770,11.757333333333333
Rome,1771,11.89133333333333
Rome,1772,13.32175
Rome,1773,11.874833333333333
Rome,1774,11.9675
Rome,1775,12.363749999999998
Rome,1776,11.592500000000001
Rome,1777,11.503749999999998
Rome,1778,12.431166666666668
Rome,1779,12.571499999999999
Rome,1780,12.310666666666668
Rome,1781,12.486416666666663
Rome,1782,11.461166666666665
Rome,1783,12.179166666666667
Rome,1784,11.612249999999998
Rome,1785,11.357333333333331
Rome,1786,11.511000000000001
Rome,1787,12.151583333333333
Rome,1788,12.402416666666666
Rome,1789,11.62025
Rome,1790,12.222166666666666
Rome,1791,12.40691666666667
Rome,1792,11.972250000000003
Rome,1793,11.84825
Rome,1794,12.415000000000001
Rome,1795,11.761666666666668
Rome,1796,12.052916666666663
Rome,1797,12.512833333333333
Rome,1798,12.203416666666664
Rome,1799,11.290916666666668
Rome,1800,12.412500000000001
Rome,1801,12.64175
Rome,1802,12.750000000000002
Rome,1803,11.708333333333336
Rome,1804,12.22208333333333
Rome,1805,10.905666666666667
Rome,1806,12.110333333333335
Rome,1807,12.285749999999998
Rome,1808,10.732750000000001
Rome,1809,11.460583333333332
Rome,1810,11.826416666666667
Rome,1811,12.466833333333335
Rome,1812,10.946666666666667
Rome,1813,11.379
Rome,1814,10.7585
Rome,1815,11.254583333333331
Rome,1816,10.588083333333332
Rome,1817,11.556666666666667
Rome,1818,11.863916666666668
Rome,1819,11.874250000000002
Rome,1820,11.912
Rome,1821,11.643416666666669
Rome,1822,12.75183333333333
Rome,1823,11.524500000000002
Rome,1824,12.040416666666667
Rome,1825,11.876666666666667
Rome,1826,11.751583333333334
Rome,1827,11.862749999999997
Rome,1828,12.255416666666667
Rome,1829,10.974333333333332
Rome,1830,11.764499999999998
Rome,1831,11.948333333333336
Rome,1832,11.376916666666666
Rome,1833,11.426333333333334
Rome,1834,12.273833333333334
Rome,1835,10.898000000000001
Rome,1836,11.41075
Rome,1837,10.755749999999999
Rome,1838,11.167666666666667
Rome,1839,11.856166666666667
Rome,1840,11.456833333333336
Rome,1841,12.60875
Rome,1842,11.4155
Rome,1843,11.688833333333337
Rome,1844,11.671249999999999
Rome,1845,11.743916666666664
Rome,1846,12.811083333333334
Rome,1847,11.497499999999997
Rome,1848,11.885833333333332
Rome,1849,11.694000000000003
Rome,1850,10.989166666666664
Rome,1851,11.187083333333334
Rome,1852,12.006666666666666
Rome,1853,11.630666666666668
Rome,1854,11.241583333333333
Rome,1855,11.444583333333332
Rome,1856,11.648000000000001
Rome,1857,11.437166666666668
Rome,1858,11.063250000000002
Rome,1859,11.917583333333335
Rome,1860,11.306
Rome,1861,11.87775
Rome,1862,12.241166666666667
Rome,1863,12.484916666666665
Rome,1864,11.181333333333335
Rome,1865,12.025166666666665
Rome,1866,12.014083333333334
Rome,1867,12.120500000000002
Rome,1868,12.078583333333334
Rome,1869,11.67425
Rome,1870,11.316916666666666
Rome,1871,11.047333333333334
Rome,1872,12.429833333333333
Rome,1873,12.079083333333331
Rome,1874,11.297000000000002
Rome,1875,11.248416666666666
Rome,1876,11.9335
Rome,1877,11.810250000000002
Rome,1878,11.811166666666665
Rome,1879,11.421166666666664
Rome,1880,11.982833333333332
Rome,1881,11.762083333333335
Rome,1882,12.184583333333334
Rome,1883,11.235916666666668
Rome,1884,11.292499999999997
Rome,1885,11.970666666666668
Rome,1886,11.901583333333335
Rome,1887,11.53425
Rome,1888,11.287416666666667
Rome,1889,11.276333333333332
Rome,1890,11.199333333333334
Rome,1891,11.225333333333333
Rome,1892,11.873916666666668
Rome,1893,11.754416666666666
Rome,1894,11.770000000000001
Rome,1895,11.633416666666667
Rome,1896,11.171000000000001
Rome,1897,11.903
Rome,1898,12.352833333333335
Rome,1899,11.865666666666664
Rome,1900,12.1635
Rome,1901,11.442083333333334
Rome,1902,11.731333333333334
Rome,1903,11.76325
Rome,1904,12.162416666666667
Rome,1905,11.444749999999999
Rome,1906,11.437333333333335
Rome,1907,11.614416666666665
Rome,1908,11.396750000000003
Rome,1909,11.353
Rome,1910,11.592000000000004
Rome,1911,12.028416666666665
Rome,1912,11.43441666666667
Rome,1913,11.797083333333335
Rome,1914,11.476833333333337
Rome,1915,11.655416666666666
Rome,1916,12.268083333333335
Rome,1917,11.58475
Rome,1918,11.528
Rome,1919,11.389916666666666
Rome,1920,12.607833333333334
Rome,1921,12.109583333333333
Rome,1922,11.790916666666666
Rome,1923,12.319583333333332
Rome,1924,11.935833333333333
Rome,1925,11.849000000000002
Rome,1926,12.419000000000002
Rome,1927,12.789166666666668
Rome,1928,12.484166666666669
Rome,1929,11.698833333333335
Rome,1930,12.59391666666667
Rome,1931,12.007333333333333
Rome,1932,11.868
Rome,1933,11.609083333333336
Rome,1934,12.564416666666666
Rome,1935,12.092083333333333
Rome,1936,12.257333333333335
Rome,1937,12.452499999999999
Rome,1938,11.886166666666666
Rome,1939,11.95433333333333
Rome,1940,11.052333333333332
Rome,1941,11.179500000000003
Rome,1942,12.043416666666666
Rome,1943,12.988750000000001
Rome,1944,11.776666666666666
Rome,1945,12.484416666666668
Rome,1946,12.552083333333334
Rome,1947,12.873249999999999
Rome,1948,12.344666666666663
Rome,1949,12.511499999999998
Rome,1950,13.089333333333334
Rome,1951,12.662999999999998
Rome,1952,12.606583333333335
Rome,1953,12.155999999999999
Rome,1954,11.648916666666667
Rome,1955,12.219750000000003
Rome,1956,11.251249999999999
Rome,1957,12.274416666666667
Rome,1958,12.420666666666667
Rome,1959,12.240333333333332
Rome,1960,12.3885
Rome,1961,12.754249999999999
Rome,1962,11.915333333333335
Rome,1963,12.041666666666666
Rome,1964,12.181666666666667
Rome,1965,11.772416666666667
Rome,1966,12.244166666666665
Rome,1967,12.438583333333336
Rome,1968,12.08441666666667
Rome,1969,11.924166666666666
Rome,1970,12.216166666666666
Rome,1971,11.8975
Rome,1972,11.951
Rome,1973,11.908666666666667
Rome,1974,11.941583333333334
Rome,1975,12.0555
Rome,1976,11.570333333333336
Rome,1977,12.263166666666669
Rome,1978,11.512416666666665
Rome,1979,12.142416666666668
Rome,1980,11.290500000000002
Rome,1981,12.031583333333332
Rome,1982,12.742416666666665
Rome,1983,12.299916666666666
Rome,1984,11.598166666666666
Rome,1985,12.432250000000002
Rome,1986,12.26025
Rome,1987,12.436750000000002
Rome,1988,12.71841666666667
Rome,1989,12.387250000000002
Rome,1990,12.829916666666668
Rome,1991,12.046249999999999
Rome,1992,12.886750000000001
Rome,1993,12.706000000000001
Rome,1994,13.530166666666666
Rome,1995,12.470333333333334
Rome,1996,12.280833333333334
Rome,1997,13.126833333333332
Rome,1998,12.958000000000004
Rome,1999,12.948666666666666
Rome,2000,13.42425
Rome,2001,13.22525
Rome,2002,13.135666666666665
Rome,2003,13.618833333333335
Rome,2004,12.753916666666667
Rome,2005,12.159999999999997
Rome,2006,12.869750000000002
Rome,2007,13.318083333333332
Rome,2008,13.010916666666667
Rome,2009,13.280166666666666
Rome,2010,12.628500000000003
Rome,2011,13.463166666666666
Rome,2012,13.454166666666666
Rome,2013,13.60275
Saint Petersburg,1812,2.269083333333334
Saint Petersburg,1813,3.389545454545455
Saint Petersburg,1814,2.5567272727272727
Saint Petersburg,1815,-1.9765
Saint Petersburg,1816,7.156444444444444
Saint Petersburg,1817,3.3296666666666668
Saint Petersburg,1818,4.210416666666667
Saint Petersburg,1819,3.748416666666666
Saint Petersburg,1820,3.0974166666666663
Saint Petersburg,1821,3.798833333333333
Saint Petersburg,1822,5.6113333333333335
Saint Petersburg,1823,3.8476666666666666
Saint Petersburg,1824,4.275166666666666
Saint Petersburg,1825,4.072333333333334
Saint Petersburg,1826,5.7876666666666665
Saint Petersburg,1827,4.421666666666667
Saint Petersburg,1828,2.932583333333335
Saint Petersburg,1829,1.9409166666666664
Saint Petersburg,1830,3.4625
Saint Petersburg,1831,3.4883333333333337
Saint Petersburg,1832,3.5433333333333334
Saint Petersburg,1833,3.8794166666666663
Saint Petersburg,1834,3.658333333333333
Saint Petersburg,1835,3.182916666666666
Saint Petersburg,1836,3.615583333333333
Saint Petersburg,1837,3.3486666666666665
Saint Petersburg,1838,2.1639166666666667
Saint Petersburg,1839,2.961
Saint Petersburg,1840,2.3339166666666666
Saint Petersburg,1841,4.195750000000001
Saint Petersburg,1842,3.9809166666666673
Saint Petersburg,1843,4.3445
Saint Petersburg,1844,2.36225
Saint Petersburg,1845,2.6769166666666666
Saint Petersburg,1846,3.891583333333333
Saint Petersburg,1847,3.826
Saint Petersburg,1848,4.050999999999999
Saint Petersburg,1849,2.8974166666666665
Saint Petersburg,1850,3.3124999999999996
Saint Petersburg,1851,4.2651666666666666
Saint Petersburg,1852,2.7710000000000004
Saint Petersburg,1853,4.0375000000000005
Saint Petersburg,1854,4.331666666666667
Saint Petersburg,1855,2.9305
Saint Petersburg,1856,1.9819166666666668
Saint Petersburg,1857,3.9901666666666666
Saint Petersburg,1858,4.648583333333334
Saint Petersburg,1859,4.969583333333335
Saint Petersburg,1860,3.5044166666666663
Saint Petersburg,1861,3.588583333333333
Saint Petersburg,1862,1.3529999999999998
Saint Petersburg,1863,5.510416666666667
Saint Petersburg,1864,3.17925
Saint Petersburg,1865,3.151333333333333
Saint Petersburg,1866,3.903416666666667
Saint Petersburg,1867,1.3587499999999995
Saint Petersburg,1868,3.886583333333333
Saint Petersburg,1869,4.589416666666666
Saint Petersburg,1870,2.8089999999999997
Saint Petersburg,1871,2.010583333333333
Saint Petersburg,1872,4.875
Saint Petersburg,1873,4.1113333333333335
Saint Petersburg,1874,4.297416666666666
Saint Petersburg,1875,1.6132499999999999
Saint Petersburg,1876,2.7101666666666664
Saint Petersburg,1877,2.829333333333333
Saint Petersburg,1878,4.69275
Saint Petersburg,1879,3.4273333333333333
Saint Petersburg,1880,3.4317500000000005
Saint Petersburg,1881,2.576333333333333
Saint Petersburg,1882,4.823999999999999
Saint Petersburg,1883,4.11175
Saint Petersburg,1884,3.5676666666666663
Saint Petersburg,1885,3.7243333333333335
Saint Petersburg,1886,4.148666666666667
Saint Petersburg,1887,4.413333333333333
Saint Petersburg,1888,1.757083333333333
Saint Petersburg,1889,4.012666666666666
Saint Petersburg,1890,4.7785
Saint Petersburg,1891,4.01575
Saint Petersburg,1892,2.5644166666666663
Saint Petersburg,1893,2.0374166666666667
Saint Petersburg,1894,4.713
Saint Petersburg,1895,3.4572500000000006
Saint Petersburg,1896,4.411666666666667
Saint Petersburg,1897,4.447333333333332
Saint Petersburg,1898,4.315916666666667
Saint Petersburg,1899,3.136833333333334
Saint Petersburg,1900,3.237
Saint Petersburg,1901,4.278500000000001
Saint Petersburg,1902,1.7716666666666672
Saint Petersburg,1903,5.053083333333334
Saint Petersburg,1904,3.33675
Saint Petersburg,1905,4.447583333333333
Saint Petersburg,1906,4.951666666666665
Saint Petersburg,1907,2.875083333333334
Saint Petersburg,1908,3.520916666666667
Saint Petersburg,1909,3.777583333333333
Saint Petersburg,1910,5.215083333333333
Saint Petersburg,1911,4.105333333333333
Saint Petersburg,1912,3.394666666666667
Saint Petersburg,1913,4.793833333333333
Saint Petersburg,1914,4.828166666666667
Saint Petersburg,1915,2.087333333333333
Saint Petersburg,1916,4.02775
Saint Petersburg,1917,3.102833333333333
Saint Petersburg,1918,3.8805
Saint Petersburg,1919,3.35425
Saint Petersburg,1920,5.507750000000001
Saint Petersburg,1921,4.265500000000001
Saint Petersburg,1922,3.596416666666667
Saint Petersburg,1923,3.356666666666667
Saint Petersburg,1924,4.405
Saint Petersburg,1925,4.877916666666667
Saint Petersburg,1926,3.19975
Saint Petersburg,1927,3.6478333333333346
Saint Petersburg,1928,3.96575
Saint Petersburg,1929,3.53975
Saint Petersburg,1930,5.320666666666667
Saint Petersburg,1931,3.443833333333334
Saint Petersburg,1932,5.066833333333333
Saint Petersburg,1933,3.5845833333333346
Saint Petersburg,1934,6.073666666666665
Saint Petersburg,1935,4.661666666666668
Saint Petersburg,1936,5.411500000000001
Saint Petersburg,1937,5.384833333333333
Saint Petersburg,1938,6.074000000000001
Saint Petersburg,1939,4.573083333333333
Saint Petersburg,1940,2.7573333333333334
Saint Petersburg,1941,1.3169999999999995
Saint Petersburg,1942,2.0620833333333333
Saint Petersburg,1943,5.548583333333333
Saint Petersburg,1944,4.917666666666666
Saint Petersburg,1945,3.737833333333334
Saint Petersburg,1946,4.154
Saint Petersburg,1947,3.4655
Saint Petersburg,1948,4.894
Saint Petersburg,1949,5.866
Saint Petersburg,1950,4.424083333333333
Saint Petersburg,1951,4.308250000000001
Saint Petersburg,1952,3.749333333333334
Saint Petersburg,1953,4.840083333333334
Saint Petersburg,1954,4.454
Saint Petersburg,1955,3.0016666666666665
Saint Petersburg,1956,2.5654999999999997
Saint Petersburg,1957,4.85625
Saint Petersburg,1958,3.261833333333333
Saint Petersburg,1959,5.026000000000001
Saint Petersburg,1960,4.10825
Saint Petersburg,1961,5.842083333333332
Saint Petersburg,1962,4.038250000000001
Saint Petersburg,1963,3.4835833333333324
Saint Petersburg,1964,4.4141666666666675
Saint Petersburg,1965,3.7021666666666655
Saint Petersburg,1966,2.8411666666666675
Saint Petersburg,1967,4.618666666666666
Saint Petersburg,1968,3.449
Saint Petersburg,1969,2.857999999999999
Saint Petersburg,1970,3.7988333333333326
Saint Petersburg,1971,4.15775
Saint Petersburg,1972,5.294333333333333
Saint Petersburg,1973,4.421500000000001
Saint Petersburg,1974,5.6425833333333335
Saint Petersburg,1975,5.88525
Saint Petersburg,1976,2.598916666666667
Saint Petersburg,1977,3.9462499999999996
Saint Petersburg,1978,2.6957500000000003
Saint Petersburg,1979,4.060583333333334
Saint Petersburg,1980,3.655833333333334
Saint Petersburg,1981,4.3915
Saint Petersburg,1982,4.482166666666667
Saint Petersburg,1983,5.237583333333334
Saint Petersburg,1984,5.008583333333334
Saint Petersburg,1985,2.6400833333333336
Saint Petersburg,1986,4.054749999999999
Saint Petersburg,1987,2.2548333333333335
Saint Petersburg,1988,4.930166666666666
Saint Petersburg,1989,6.585916666666667
Saint Petersburg,1990,5.629416666666667
Saint Petersburg,1991,5.366583333333335
Saint Petersburg,1992,5.415833333333333
Saint Petersburg,1993,4.242249999999999
Saint Petersburg,1994,4.384333333333333
Saint Petersburg,1995,5.422583333333333
Saint Petersburg,1996,3.9742499999999996
Saint Petersburg,1997,4.668416666666666
Saint Petersburg,1998,4.2459999999999996
Saint Petersburg,1999,5.440166666666666
Saint Petersburg,2000,6.184666666666665
Saint Petersburg,2001,4.9635
Saint Petersburg,2002,5.076749999999999
Saint Petersburg,2003,4.847416666666667
Saint Petersburg,2004,5.113666666666667
Saint Petersburg,2005,5.553249999999999
Saint Petersburg,2006,5.474916666666666
Saint Petersburg,2007,5.913249999999999
Saint Petersburg,2008,6.408416666666667
Saint Petersburg,2009,5.177416666666665
Saint Petersburg,2010,4.239916666666667
Saint Petersburg,2011,6.0562499999999995
Saint Petersburg,2012,4.661
Saint Petersburg,2013,6.058750000000001
Salvador,1832,23.830833333333334
Salvador,1833,24.600166666666667
Salvador,1834,24.24683333333333
Salvador,1835,23.510416666666668
Salvador,1836,23.839083333333335
Salvador,1837,23.443249999999995
Salvador,1838,23.67125
Salvador,1839,23.654166666666665
Salvador,1840,24.078333333333333
Salvador,1841,23.863666666666663
Salvador,1842,24.266416666666668
Salvador,1843,24.392416666666666
Salvador,1851,24.340166666666665
Salvador,1852,24.376416666666668
Salvador,1853,24.376833333333337
Salvador,1854,24.514083333333335
Salvador,1855,24.568749999999998
Salvador,1856,23.864500000000003
Salvador,1857,23.996416666666665
Salvador,1858,23.774333333333335
Salvador,1859,24.187416666666667
Salvador,1860,24.476249999999997
Salvador,1861,23.980583333333332
Salvador,1862,23.753583333333328
Salvador,1863,24.084166666666665
Salvador,1864,23.99175
Salvador,1865,23.988249999999997
Salvador,1866,24.154666666666667
Salvador,1867,24.37516666666667
Salvador,1868,24.672416666666667
Salvador,1869,24.802166666666665
Salvador,1870,24.648416666666666
Salvador,1871,24.47825
Salvador,1872,24.401749999999996
Salvador,1873,24.625749999999996
Salvador,1874,24.426083333333327
Salvador,1875,23.9015
Salvador,1876,24.064916666666672
Salvador,1877,24.5955
Salvador,1878,25.159833333333335
Salvador,1879,24.074250000000003
Salvador,1880,24.621416666666665
Salvador,1881,24.269499999999997
Salvador,1882,23.946666666666662
Salvador,1883,23.998999999999995
Salvador,1884,23.77225
Salvador,1885,24.370833333333337
Salvador,1886,23.99191666666667
Salvador,1887,24.235583333333327
Salvador,1888,24.464249999999996
Salvador,1889,24.757583333333333
Salvador,1890,24.232
Salvador,1891,24.26733333333333
Salvador,1892,24.22283333333333
Salvador,1893,23.89558333333333
Salvador,1894,24.449583333333337
Salvador,1895,24.160749999999997
Salvador,1896,24.246916666666664
Salvador,1897,24.10875
Salvador,1898,24.53925
Salvador,1899,24.17266666666666
Salvador,1900,24.657000000000007
Salvador,1901,24.373083333333337
Salvador,1902,24.639
Salvador,1903,24.589833333333335
Salvador,1904,23.85075
Salvador,1905,24.644166666666667
Salvador,1906,24.332000000000004
Salvador,1907,24.392166666666668
Salvador,1908,24.860166666666668
Salvador,1909,24.557083333333335
Salvador,1910,24.453166666666664
Salvador,1911,24.502416666666665
Salvador,1912,24.50725
Salvador,1913,24.693916666666667
Salvador,1914,24.376
Salvador,1915,24.715833333333325
Salvador,1916,24.233083333333337
Salvador,1917,23.973916666666668
Salvador,1918,24.195083333333333
Salvador,1919,24.41716666666667
Salvador,1920,24.399833333333337
Salvador,1921,24.34783333333333
Salvador,1922,24.611250000000002
Salvador,1923,24.560666666666666
Salvador,1924,24.451749999999993
Salvador,1925,24.565083333333334
Salvador,1926,24.670999999999996
Salvador,1927,24.83975
Salvador,1928,24.753583333333335
Salvador,1929,24.694000000000003
Salvador,1930,24.543999999999997
Salvador,1931,24.733333333333334
Salvador,1932,24.80875
Salvador,1933,24.438583333333337
Salvador,1934,24.588750000000005
Salvador,1935,24.90958333333334
Salvador,1936,24.65308333333334
Salvador,1937,24.891666666666666
Salvador,1938,24.92958333333333
Salvador,1939,24.975583333333333
Salvador,1940,24.83975
Salvador,1941,24.99908333333333
Salvador,1942,24.819333333333333
Salvador,1943,24.251749999999998
Salvador,1944,24.386083333333335
Salvador,1945,24.5245
Salvador,1946,24.990083333333335
Salvador,1947,24.73725
Salvador,1948,24.68516666666667
Salvador,1949,24.604916666666664
Salvador,1950,24.559083333333334
Salvador,1951,24.633666666666667
Salvador,1952,25.0645
Salvador,1953,24.867916666666662
Salvador,1954,24.780250000000006
Salvador,1955,24.621916666666667
Salvador,1956,24.663416666666674
Salvador,1957,24.6775
Salvador,1958,25.153499999999998
Salvador,1959,25.316916666666668
Salvador,1960,24.974916666666672
Salvador,1961,24.8755
Salvador,1962,24.74225
Salvador,1963,24.857
Salvador,1964,24.673583333333337
Salvador,1965,24.910083333333336
Salvador,1966,24.792666666666662
Salvador,1967,24.774749999999997
Salvador,1968,24.230666666666664
Salvador,1969,25.031583333333334
Salvador,1970,24.85633333333333
Salvador,1971,24.94433333333333
Salvador,1972,25.25758333333334
Salvador,1973,25.65941666666667
Salvador,1974,24.809500000000003
Salvador,1975,24.75108333333333
Salvador,1976,24.836333333333332
Salvador,1977,25.046666666666663
Salvador,1978,24.72758333333334
Salvador,1979,24.769416666666668
Salvador,1980,24.924166666666668
Salvador,1981,24.706249999999997
Salvador,1982,25.051666666666673
Salvador,1983,25.364416666666667
Salvador,1984,25.395166666666668
Salvador,1985,24.87925
Salvador,1986,25.058666666666667
Salvador,1987,25.655
Salvador,1988,25.184500000000003
Salvador,1989,25.102999999999998
Salvador,1990,25.293166666666664
Salvador,1991,25.0575
Salvador,1992,24.970166666666668
Salvador,1993,25.41083333333333
Salvador,1994,25.418499999999998
Salvador,1995,25.650666666666663
Salvador,1996,25.451916666666666
Salvador,1997,25.20141666666667
Salvador,1998,26.077833333333334
Salvador,1999,25.323250000000005
Salvador,2000,25.351666666666663
Salvador,2001,25.592916666666667
Salvador,2002,25.5605
Salvador,2003,25.675750000000004
Salvador,2004,25.36583333333333
Salvador,2005,25.697083333333328
Salvador,2006,25.409500000000005
Salvador,2007,25.438416666666665
Salvador,2008,25.543750000000003
Salvador,2009,25.999750000000006
Salvador,2010,25.776916666666665
Salvador,2011,25.283666666666665
Salvador,2012,25.648333333333337
Salvador,2013,26.137999999999998
Santiago,1855,2.57375
Santiago,1856,4.9969166666666665
Santiago,1857,5.100666666666667
Santiago,1858,5.101916666666666
Santiago,1859,5.598083333333332
Santiago,1860,5.247166666666666
Santiago,1861,4.839833333333333
Santiago,1862,4.7852500000000004
Santiago,1863,4.5095833333333335
Santiago,1864,4.989666666666667
Santiago,1865,5.445166666666666
Santiago,1866,5.353416666666665
Santiago,1867,5.069916666666667
Santiago,1868,5.261333333333334
Santiago,1869,4.954750000000001
Santiago,1870,4.838
Santiago,1871,4.6481666666666674
Santiago,1872,4.81975
Santiago,1873,5.205083333333333
Santiago,1874,4.762083333333334
Santiago,1875,5.013166666666667
Santiago,1876,5.738499999999999
Santiago,1877,6.341083333333334
Santiago,1878,5.588333333333334
Santiago,1879,5.896333333333332
Santiago,1880,5.8269166666666665
Santiago,1881,5.168916666666665
Santiago,1882,5.469749999999999
Santiago,1883,5.095
Santiago,1884,5.105666666666666
Santiago,1885,4.7385
Santiago,1886,5.17175
Santiago,1887,5.414333333333334
Santiago,1888,5.701666666666667
Santiago,1889,4.506666666666667
Santiago,1890,5.15975
Santiago,1891,5.572083333333333
Santiago,1892,4.994916666666666
Santiago,1893,4.9705
Santiago,1894,5.34025
Santiago,1895,5.535499999999999
Santiago,1896,6.259999999999999
Santiago,1897,5.6890833333333335
Santiago,1898,4.882499999999999
Santiago,1899,5.93175
Santiago,1900,5.936416666666667
Santiago,1901,5.780833333333334
Santiago,1902,5.830083333333334
Santiago,1903,5.441250000000001
Santiago,1904,5.684
Santiago,1905,5.663916666666666
Santiago,1906,5.762833333333334
Santiago,1907,5.112916666666668
Santiago,1908,5.5618333333333325
Santiago,1909,5.265
Santiago,1910,5.136583333333332
Santiago,1911,5.19475
Santiago,1912,5.7285
Santiago,1913,6.22775
Santiago,1914,5.5183333333333335
Santiago,1915,5.77825
Santiago,1916,5.289666666666667
Santiago,1917,5.563833333333332
Santiago,1918,5.5040000000000004
Santiago,1919,5.909
Santiago,1920,5.680833333333332
Santiago,1921,5.267
Santiago,1922,5.182166666666666
Santiago,1923,5.074000000000001
Santiago,1924,5.416
Santiago,1925,5.828416666666667
Santiago,1926,6.085916666666669
Santiago,1927,5.777416666666666
Santiago,1928,5.3045
Santiago,1929,5.759666666666667
Santiago,1930,6.234916666666667
Santiago,1931,5.4760833333333325
Santiago,1932,5.915916666666668
Santiago,1933,5.5752500000000005
Santiago,1934,5.27625
Santiago,1935,5.7715000000000005
Santiago,1936,5.624833333333334
Santiago,1937,5.649750000000001
Santiago,1938,5.303249999999999
Santiago,1939,5.947
Santiago,1940,5.743833333333334
Santiago,1941,5.495166666666667
Santiago,1942,5.39425
Santiago,1943,5.735916666666665
Santiago,1944,6.326499999999999
Santiago,1945,6.289666666666666
Santiago,1946,5.80725
Santiago,1947,5.917333333333333
Santiago,1948,5.6243333333333325
Santiago,1949,5.6280833333333335
Santiago,1950,5.714333333333332
Santiago,1951,6.036083333333334
Santiago,1952,6.092666666666666
Santiago,1953,5.996416666666668
Santiago,1954,5.40975
Santiago,1955,5.108249999999999
Santiago,1956,4.936583333333334
Santiago,1957,5.740833333333332
Santiago,1958,5.8918333333333335
Santiago,1959,5.635166666666667
Santiago,1960,6.199166666666667
Santiago,1961,6.1610000000000005
Santiago,1962,5.9822500000000005
Santiago,1963,5.627833333333334
Santiago,1964,5.635749999999999
Santiago,1965,6.046166666666667
Santiago,1966,5.601083333333334
Santiago,1967,5.714666666666667
Santiago,1968,6.121166666666666
Santiago,1969,6.388833333333334
Santiago,1970,6.0595
Santiago,1971,5.873916666666666
Santiago,1972,5.816083333333332
Santiago,1973,5.534749999999999
Santiago,1974,5.534750000000002
Santiago,1975,5.709416666666666
Santiago,1976,5.544416666666667
Santiago,1977,6.550999999999999
Santiago,1978,6.316833333333334
Santiago,1979,5.9063333333333325
Santiago,1980,6.3025833333333345
Santiago,1981,6.3101666666666665
Santiago,1982,6.438166666666667
Santiago,1983,5.892833333333333
Santiago,1984,5.54825
Santiago,1985,6.339916666666666
Santiago,1986,6.490416666666668
Santiago,1987,6.3995
Santiago,1988,6.008583333333334
Santiago,1989,6.591833333333334
Santiago,1990,6.114249999999999
Santiago,1991,6.369083333333333
Santiago,1992,5.972166666666666
Santiago,1993,6.159000000000002
Santiago,1994,6.698916666666666
Santiago,1995,6.402416666666666
Santiago,1996,6.262499999999999
Santiago,1997,6.796500000000001
Santiago,1998,6.282333333333333
Santiago,1999,5.927166666666666
Santiago,2000,5.94775
Santiago,2001,6.414666666666666
Santiago,2002,6.25025
Santiago,2003,6.7739166666666675
Santiago,2004,6.316333333333335
Santiago,2005,6.222416666666667
Santiago,2006,6.838916666666667
Santiago,2007,5.510916666666667
Santiago,2008,6.567666666666667
Santiago,2009,6.703833333333335
Santiago,2010,6.132833333333333
Santiago,2011,6.268583333333335
Santiago,2012,6.818666666666666
Santiago,2013,5.938124999999999
Santo Domingo,1824,25.88609090909091
Santo Domingo,1825,26.051666666666666
Santo Domingo,1826,25.85341666666667
Santo Domingo,1827,26.282749999999997
Santo Domingo,1828,26.215999999999998
Santo Domingo,1829,25.622250000000005
Santo Domingo,1830,26.230083333333337
Santo Domingo,1831,25.243250000000003
Santo Domingo,1832,25.050666666666668
Santo Domingo,1838,25.221333333333334
Santo Domingo,1839,25.40908333333334
Santo Domingo,1840,25.394833333333327
Santo Domingo,1841,25.129166666666666
Santo Domingo,1842,25.534333333333333
Santo Domingo,1843,25.443
Santo Domingo,1844,24.958166666666667
Santo Domingo,1845,25.421000000000003
Santo Domingo,1846,25.873416666666667
Santo Domingo,1847,25.530416666666667
Santo Domingo,1848,25.441999999999997
Santo Domingo,1849,25.65691666666667
Santo Domingo,1850,25.629083333333337
Santo Domingo,1851,25.69758333333333
Santo Domingo,1852,25.33383333333333
Santo Domingo,1853,25.644416666666668
Santo Domingo,1854,25.590083333333336
Santo Domingo,1855,25.7975
Santo Domingo,1856,26.13225
Santo Domingo,1857,25.176166666666663
Santo Domingo,1858,25.167749999999998
Santo Domingo,1859,25.346
Santo Domingo,1860,25.365583333333333
Santo Domingo,1861,25.615583333333333
Santo Domingo,1862,25.521666666666665
Santo Domingo,1863,25.644750000000002
Santo Domingo,1864,25.47075
Santo Domingo,1865,25.73091666666667
Santo Domingo,1866,25.384416666666667
Santo Domingo,1867,25.564833333333336
Santo Domingo,1868,25.79625
Santo Domingo,1869,26.007833333333334
Santo Domingo,1870,25.633166666666664
Santo Domingo,1871,25.740166666666667
Santo Domingo,1872,25.81583333333333
Santo Domingo,1873,25.4485
Santo Domingo,1874,25.509749999999997
Santo Domingo,1875,25.52316666666667
Santo Domingo,1876,25.794833333333333
Santo Domingo,1877,26.219166666666666
Santo Domingo,1878,26.407250000000005
Santo Domingo,1879,25.774083333333337
Santo Domingo,1880,25.633416666666665
Santo Domingo,1881,25.518333333333334
Santo Domingo,1882,25.35683333333333
Santo Domingo,1883,25.45575
Santo Domingo,1884,25.293083333333332
Santo Domingo,1885,25.668666666666667
Santo Domingo,1886,25.338583333333332
Santo Domingo,1887,25.21075
Santo Domingo,1888,25.55725
Santo Domingo,1889,25.772750000000002
Santo Domingo,1890,25.45341666666667
Santo Domingo,1891,25.67833333333333
Santo Domingo,1892,25.504833333333334
Santo Domingo,1893,25.394750000000002
Santo Domingo,1894,25.417583333333337
Santo Domingo,1895,25.688499999999994
Santo Domingo,1896,25.85008333333333
Santo Domingo,1897,26.061333333333334
Santo Domingo,1898,25.788916666666665
Santo Domingo,1899,25.729083333333335
Santo Domingo,1900,26.163
Santo Domingo,1901,26.046250000000004
Santo Domingo,1902,25.809
Santo Domingo,1903,25.892666666666674
Santo Domingo,1904,25.36808333333333
Santo Domingo,1905,26.0025
Santo Domingo,1906,25.848833333333335
Santo Domingo,1907,25.517916666666665
Santo Domingo,1908,25.693416666666668
Santo Domingo,1909,25.577333333333332
Santo Domingo,1910,25.473833333333335
Santo Domingo,1911,25.732083333333332
Santo Domingo,1912,25.885916666666663
Santo Domingo,1913,25.411833333333334
Santo Domingo,1914,25.912500000000005
Santo Domingo,1915,26.224999999999998
Santo Domingo,1916,25.621750000000002
Santo Domingo,1917,25.300916666666666
Santo Domingo,1918,25.50825
Santo Domingo,1919,25.995500000000003
Santo Domingo,1920,25.898416666666666
Santo Domingo,1921,25.59425
Santo Domingo,1922,25.437416666666667
Santo Domingo,1923,25.680999999999997
Santo Domingo,1924,26.06075
Santo Domingo,1925,25.735833333333332
Santo Domingo,1926,26.245499999999996
Santo Domingo,1927,26.08083333333333
Santo Domingo,1928,26.086916666666667
Santo Domingo,1929,25.85541666666666
Santo Domingo,1930,25.98133333333334
Santo Domingo,1931,26.288666666666668
Santo Domingo,1932,26.1225
Santo Domingo,1933,25.91383333333334
Santo Domingo,1934,25.809
Santo Domingo,1935,25.682166666666664
Santo Domingo,1936,26.04341666666667
Santo Domingo,1937,26.09625
Santo Domingo,1938,25.793499999999998
Santo Domingo,1939,25.863666666666663
Santo Domingo,1940,26.367666666666665
Santo Domingo,1941,26.492500000000003
Santo Domingo,1942,26.485416666666666
Santo Domingo,1943,26.0385
Santo Domingo,1944,25.9875
Santo Domingo,1945,25.75991666666667
Santo Domingo,1946,25.913416666666663
Santo Domingo,1947,26.37575
Santo Domingo,1948,26.395916666666665
Santo Domingo,1949,25.9445
Santo Domingo,1950,25.66475
Santo Domingo,1951,26.002666666666666
Santo Domingo,1952,26.420416666666664
Santo Domingo,1953,26.433999999999997
Santo Domingo,1954,26.036583333333336
Santo Domingo,1955,25.86283333333333
Santo Domingo,1956,25.846083333333336
Santo Domingo,1957,26.344583333333333
Santo Domingo,1958,26.617333333333335
Santo Domingo,1959,26.457583333333332
Santo Domingo,1960,26.475250000000003
Santo Domingo,1961,26.07433333333334
Santo Domingo,1962,26.1285
Santo Domingo,1963,26.323916666666673
Santo Domingo,1964,26.300666666666668
Santo Domingo,1965,25.947833333333335
Santo Domingo,1966,26.159166666666664
Santo Domingo,1967,26.128249999999998
Santo Domingo,1968,26.133750000000003
Santo Domingo,1969,26.576916666666666
Santo Domingo,1970,26.157833333333333
Santo Domingo,1971,25.85591666666667
Santo Domingo,1972,26.0685
Santo Domingo,1973,26.34658333333334
Santo Domingo,1974,25.866500000000002
Santo Domingo,1975,26.018416666666667
Santo Domingo,1976,25.812250000000002
Santo Domingo,1977,26.398999999999997
Santo Domingo,1978,26.395916666666665
Santo Domingo,1979,26.29125
Santo Domingo,1980,26.816666666666666
Santo Domingo,1981,26.624666666666666
Santo Domingo,1982,26.332999999999995
Santo Domingo,1983,26.668000000000003
Santo Domingo,1984,26.13033333333333
Santo Domingo,1985,26.164083333333338
Santo Domingo,1986,26.292916666666667
Santo Domingo,1987,26.814000000000004
Santo Domingo,1988,26.483166666666666
Santo Domingo,1989,26.266833333333334
Santo Domingo,1990,26.607166666666668
Santo Domingo,1991,26.42675
Santo Domingo,1992,26.399333333333335
Santo Domingo,1993,26.384250000000005
Santo Domingo,1994,26.641000000000002
Santo Domingo,1995,26.77875
Santo Domingo,1996,26.30958333333334
Santo Domingo,1997,27.005583333333337
Santo Domingo,1998,27.13633333333333
Santo Domingo,1999,26.62033333333333
Santo Domingo,2000,26.34691666666667
Santo Domingo,2001,26.79825
Santo Domingo,2002,27.051000000000002
Santo Domingo,2003,27.091750000000005
Santo Domingo,2004,26.707416666666663
Santo Domingo,2005,26.904583333333335
Santo Domingo,2006,27.08083333333333
Santo Domingo,2007,27.12091666666667
Santo Domingo,2008,26.56266666666667
Santo Domingo,2009,26.883666666666667
Santo Domingo,2010,27.012083333333333
Santo Domingo,2011,26.6635
Santo Domingo,2012,26.839416666666665
Santo Domingo,2013,26.884
Seoul,1841,9.435416666666667
Seoul,1842,10.133083333333333
Seoul,1843,10.329583333333334
Seoul,1844,10.150083333333333
Seoul,1845,10.245666666666667
Seoul,1846,10.573833333333335
Seoul,1847,10.593499999999999
Seoul,1848,10.357916666666666
Seoul,1849,10.392083333333334
Seoul,1850,9.689833333333334
Seoul,1851,9.331750000000001
Seoul,1852,9.518666666666665
Seoul,1853,9.859666666666666
Seoul,1854,10.531250000000002
Seoul,1855,10.827666666666667
Seoul,1856,10.302833333333334
Seoul,1857,10.266083333333333
Seoul,1858,10.454833333333333
Seoul,1859,10.367666666666667
Seoul,1860,9.467333333333334
Seoul,1861,9.765
Seoul,1862,9.690666666666667
Seoul,1863,10.529916666666669
Seoul,1864,9.996583333333334
Seoul,1865,10.202333333333334
Seoul,1866,10.107833333333335
Seoul,1867,10.55675
Seoul,1868,10.491333333333333
Seoul,1869,10.708083333333335
Seoul,1870,10.34175
Seoul,1871,10.476583333333332
Seoul,1872,10.2575
Seoul,1873,9.847833333333334
Seoul,1874,10.518416666666667
Seoul,1875,10.429916666666665
Seoul,1876,10.713333333333333
Seoul,1877,10.476416666666667
Seoul,1878,10.289583333333331
Seoul,1879,10.619416666666668
Seoul,1880,10.290583333333332
Seoul,1881,10.244333333333334
Seoul,1882,10.434249999999999
Seoul,1883,10.239666666666666
Seoul,1884,9.372416666666664
Seoul,1885,9.884166666666667
Seoul,1886,10.327583333333333
Seoul,1887,10.346000000000002
Seoul,1888,10.337833333333332
Seoul,1889,9.7045
Seoul,1890,11.379416666666666
Seoul,1891,10.33075
Seoul,1892,9.607750000000001
Seoul,1893,9.638416666666666
Seoul,1894,11.604666666666665
Seoul,1895,9.927916666666667
Seoul,1896,10.392
Seoul,1897,10.402083333333332
Seoul,1898,11.492166666666668
Seoul,1899,11.118833333333333
Seoul,1900,10.545833333333333
Seoul,1901,10.275666666666666
Seoul,1902,10.81575
Seoul,1903,10.682583333333335
Seoul,1904,10.249416666666669
Seoul,1905,10.566416666666669
Seoul,1906,10.082
Seoul,1907,10.565583333333334
Seoul,1908,10.077083333333336
Seoul,1909,10.131583333333333
Seoul,1910,9.9405
Seoul,1911,10.238666666666667
Seoul,1912,9.956750000000001
Seoul,1913,9.698833333333333
Seoul,1914,11.44483333333333
Seoul,1915,10.354833333333334
Seoul,1916,10.491416666666668
Seoul,1917,9.561833333333333
Seoul,1918,10.2055
Seoul,1919,10.639666666666665
Seoul,1920,10.975333333333333
Seoul,1921,10.488083333333332
Seoul,1922,10.534250000000002
Seoul,1923,10.147749999999998
Seoul,1924,10.539666666666667
Seoul,1925,10.333833333333333
Seoul,1926,10.253916666666665
Seoul,1927,10.559499999999998
Seoul,1928,10.529083333333334
Seoul,1929,10.753666666666666
Seoul,1930,11.115583333333333
Seoul,1931,10.273000000000001
Seoul,1932,10.978416666666668
Seoul,1933,10.468333333333334
Seoul,1934,10.213666666666667
Seoul,1935,11.260083333333334
Seoul,1936,9.850416666666666
Seoul,1937,11.153999999999998
Seoul,1938,10.800416666666665
Seoul,1939,11.356916666666665
Seoul,1940,10.632750000000001
Seoul,1941,10.886833333333334
Seoul,1942,10.715333333333334
Seoul,1943,11.140166666666667
Seoul,1944,10.517416666666668
Seoul,1945,9.990333333333332
Seoul,1946,11.070500000000001
Seoul,1947,9.198916666666667
Seoul,1948,11.233499999999998
Seoul,1949,11.235916666666668
Seoul,1950,11.293166666666664
Seoul,1951,10.984083333333333
Seoul,1952,10.853083333333332
Seoul,1953,10.793666666666667
Seoul,1954,11.090666666666666
Seoul,1955,11.231666666666667
Seoul,1956,9.842833333333333
Seoul,1957,10.11475
Seoul,1958,11.085416666666665
Seoul,1959,11.583999999999998
Seoul,1960,11.630083333333332
Seoul,1961,11.65675
Seoul,1962,10.979999999999999
Seoul,1963,10.549499999999998
Seoul,1964,11.353250000000001
Seoul,1965,10.614333333333333
Seoul,1966,10.7265
Seoul,1967,10.84216666666667
Seoul,1968,10.926416666666668
Seoul,1969,10.086916666666665
Seoul,1970,10.461749999999999
Seoul,1971,10.708166666666669
Seoul,1972,11.0115
Seoul,1973,11.281750000000002
Seoul,1974,10.206916666666666
Seoul,1975,11.6055
Seoul,1976,10.559833333333332
Seoul,1977,11.22225
Seoul,1978,11.464666666666666
Seoul,1979,11.580749999999997
Seoul,1980,10.027166666666668
Seoul,1981,10.2845
Seoul,1982,11.470833333333333
Seoul,1983,11.378166666666667
Seoul,1984,10.670083333333332
Seoul,1985,10.7795
Seoul,1986,10.458583333333333
Seoul,1987,11.027999999999999
Seoul,1988,11.227166666666664
Seoul,1989,12.007583333333331
Seoul,1990,11.857416666666666
Seoul,1991,11.38875
Seoul,1992,11.481833333333332
Seoul,1993,11.0165
Seoul,1994,12.321333333333335
Seoul,1995,11.268666666666666
Seoul,1996,11.133583333333334
Seoul,1997,11.69625
Seoul,1998,12.661666666666669
Seoul,1999,12.125750000000002
Seoul,2000,11.415833333333333
Seoul,2001,11.597583333333333
Seoul,2002,11.799000000000001
Seoul,2003,11.797583333333334
Seoul,2004,12.248416666666666
Seoul,2005,11.161833333333334
Seoul,2006,12.007916666666667
Seoul,2007,12.252166666666668
Seoul,2008,11.964083333333333
Seoul,2009,11.83675
Seoul,2010,11.298333333333332
Seoul,2011,11.122416666666666
Seoul,2012,11.227083333333335
Seoul,2013,12.118374999999999
Shanghai,1841,14.869583333333333
Shanghai,1842,15.427666666666665
Shanghai,1843,15.528833333333333
Shanghai,1844,15.331583333333333
Shanghai,1845,15.426083333333333
Shanghai,1846,15.852416666666668
Shanghai,1847,15.779166666666669
Shanghai,1848,15.021833333333332
Shanghai,1849,15.443416666666664
Shanghai,1850,15.597083333333336
Shanghai,1851,15.222583333333334
Shanghai,1852,15.438333333333334
Shanghai,1853,15.79166666666667
Shanghai,1854,15.987499999999999
Shanghai,1855,15.841333333333337
Shanghai,1856,15.545250000000003
Shanghai,1857,15.927083333333334
Shanghai,1858,15.491999999999999
Shanghai,1859,15.640166666666667
Shanghai,1860,15.047666666666666
Shanghai,1861,15.289666666666664
Shanghai,1862,14.467500000000001
Shanghai,1863,15.1975
Shanghai,1864,14.845
Shanghai,1865,15.718083333333333
Shanghai,1866,15.5385
Shanghai,1867,15.947250000000002
Shanghai,1868,15.857333333333331
Shanghai,1869,16.087
Shanghai,1870,15.952416666666664
Shanghai,1871,16.312250000000002
Shanghai,1872,16.1205
Shanghai,1873,15.737166666666667
Shanghai,1874,15.675749999999999
Shanghai,1875,15.467666666666672
Shanghai,1876,15.596000000000002
Shanghai,1877,15.434916666666666
Shanghai,1878,15.458833333333336
Shanghai,1879,16.133583333333334
Shanghai,1880,15.282666666666666
Shanghai,1881,15.629083333333334
Shanghai,1882,15.537083333333333
Shanghai,1883,15.41075
Shanghai,1884,14.919333333333332
Shanghai,1885,14.909666666666665
Shanghai,1886,15.058583333333331
Shanghai,1887,15.653833333333331
Shanghai,1888,15.870666666666667
Shanghai,1889,15.3025
Shanghai,1890,16.220916666666668
Shanghai,1891,15.719666666666669
Shanghai,1892,15.427666666666665
Shanghai,1893,15.130416666666664
Shanghai,1894,16.227416666666667
Shanghai,1895,15.265583333333334
Shanghai,1896,15.725916666666668
Shanghai,1897,15.598500000000001
Shanghai,1898,16.330416666666668
Shanghai,1899,15.837916666666667
Shanghai,1900,15.799333333333331
Shanghai,1901,15.258333333333333
Shanghai,1902,16.267666666666667
Shanghai,1903,15.558833333333332
Shanghai,1904,15.639250000000002
Shanghai,1905,15.504
Shanghai,1906,15.499333333333334
Shanghai,1907,15.572499999999998
Shanghai,1908,15.674583333333333
Shanghai,1909,15.841916666666668
Shanghai,1910,15.256833333333333
Shanghai,1911,15.477416666666668
Shanghai,1912,15.607166666666666
Shanghai,1913,15.357333333333335
Shanghai,1914,16.518416666666667
Shanghai,1915,16.107333333333333
Shanghai,1916,15.749749999999999
Shanghai,1917,15.090333333333334
Shanghai,1918,15.551
Shanghai,1919,15.933583333333333
Shanghai,1920,16.020416666666666
Shanghai,1921,15.584333333333333
Shanghai,1922,16.106499999999997
Shanghai,1923,15.772416666666667
Shanghai,1924,15.721583333333335
Shanghai,1925,15.653416666666667
Shanghai,1926,16.04383333333333
Shanghai,1927,16.125083333333336
Shanghai,1928,16.033583333333336
Shanghai,1929,15.95833333333333
Shanghai,1930,16.059750000000005
Shanghai,1931,15.639666666666669
Shanghai,1932,16.04191666666667
Shanghai,1933,15.910499999999999
Shanghai,1934,15.845916666666666
Shanghai,1935,16.333499999999997
Shanghai,1936,15.284666666666666
Shanghai,1937,16.089833333333335
Shanghai,1938,16.323416666666663
Shanghai,1939,16.127583333333334
Shanghai,1940,16.245250000000002
Shanghai,1941,16.391416666666668
Shanghai,1942,16.20991666666667
Shanghai,1943,16.01125
Shanghai,1944,16.1365
Shanghai,1945,15.908749999999998
Shanghai,1946,16.702916666666667
Shanghai,1947,15.873583333333336
Shanghai,1948,16.49058333333333
Shanghai,1949,16.560166666666664
Shanghai,1950,16.395749999999996
Shanghai,1951,16.180916666666665
Shanghai,1952,16.097416666666668
Shanghai,1953,17.034499999999998
Shanghai,1954,15.852249999999998
Shanghai,1955,16.064249999999998
Shanghai,1956,15.611166666666668
Shanghai,1957,15.604000000000001
Shanghai,1958,16.06641666666667
Shanghai,1959,16.539416666666668
Shanghai,1960,16.599583333333335
Shanghai,1961,17.019666666666666
Shanghai,1962,16.111583333333336
Shanghai,1963,16.197999999999997
Shanghai,1964,16.58008333333333
Shanghai,1965,16.064166666666665
Shanghai,1966,16.50425
Shanghai,1967,16.051
Shanghai,1968,16.132166666666667
Shanghai,1969,15.639333333333333
Shanghai,1970,15.823500000000001
Shanghai,1971,16.2195
Shanghai,1972,15.708833333333333
Shanghai,1973,16.324249999999996
Shanghai,1974,15.926833333333335
Shanghai,1975,16.48475
Shanghai,1976,15.711833333333331
Shanghai,1977,16.166749999999997
Shanghai,1978,16.6665
Shanghai,1979,16.54258333333333
Shanghai,1980,15.574583333333335
Shanghai,1981,15.914833333333334
Shanghai,1982,16.196
Shanghai,1983,16.221333333333334
Shanghai,1984,15.795333333333332
Shanghai,1985,16.036833333333334
Shanghai,1986,15.9355
Shanghai,1987,16.189583333333335
Shanghai,1988,16.173083333333334
Shanghai,1989,16.237833333333334
Shanghai,1990,17.2585
Shanghai,1991,16.138
Shanghai,1992,16.139083333333335
Shanghai,1993,15.978250000000001
Shanghai,1994,17.34191666666667
Shanghai,1995,16.359833333333334
Shanghai,1996,16.207916666666666
Shanghai,1997,16.759249999999998
Shanghai,1998,17.55725
Shanghai,1999,16.675666666666665
Shanghai,2000,16.904166666666665
Shanghai,2001,16.93433333333333
Shanghai,2002,17.22066666666667
Shanghai,2003,16.742166666666666
Shanghai,2004,17.241000000000003
Shanghai,2005,16.747416666666666
Shanghai,2006,17.414416666666668
Shanghai,2007,17.62575
Shanghai,2008,16.724333333333334
Shanghai,2009,17.012
Shanghai,2010,16.748416666666667
Shanghai,2011,16.518
Shanghai,2012,16.474500000000003
Shanghai,2013,17.857625
Shenyang,1833,6.5864166666666675
Shenyang,1834,6.935916666666668
Shenyang,1835,6.09975
Shenyang,1836,5.863272727272727
Shenyang,1837,9.783833333333334
Shenyang,1839,5.908166666666666
Shenyang,1840,6.7925
Shenyang,1841,5.7739166666666675
Shenyang,1842,6.664666666666666
Shenyang,1843,6.939416666666666
Shenyang,1844,6.814333333333334
Shenyang,1845,6.797833333333332
Shenyang,1846,7.2565
Shenyang,1847,7.109583333333333
Shenyang,1848,7.028833333333332
Shenyang,1849,7.032416666666667
Shenyang,1850,5.988916666666668
Shenyang,1851,5.6226666666666665
Shenyang,1852,5.8524166666666675
Shenyang,1853,6.1405
Shenyang,1854,7.0635
Shenyang,1855,7.4485
Shenyang,1856,6.838916666666667
Shenyang,1857,6.669083333333334
Shenyang,1858,7.1089166666666666
Shenyang,1859,6.925833333333333
Shenyang,1860,5.797083333333334
Shenyang,1861,6.158916666666667
Shenyang,1862,6.292249999999999
Shenyang,1863,7.290583333333334
Shenyang,1864,6.624833333333332
Shenyang,1865,6.60425
Shenyang,1866,6.812916666666666
Shenyang,1867,7.149916666666667
Shenyang,1868,7.058666666666667
Shenyang,1869,7.346583333333332
Shenyang,1870,6.648499999999999
Shenyang,1871,6.8075
Shenyang,1872,6.635333333333333
Shenyang,1873,6.529833333333333
Shenyang,1874,7.200333333333333
Shenyang,1875,7.140916666666667
Shenyang,1876,7.397166666666668
Shenyang,1877,6.978416666666667
Shenyang,1878,6.871500000000001
Shenyang,1879,6.993166666666666
Shenyang,1880,6.822083333333334
Shenyang,1881,6.720416666666666
Shenyang,1882,7.1575
Shenyang,1883,6.7757499999999995
Shenyang,1884,5.9913333333333325
Shenyang,1885,6.532916666666665
Shenyang,1886,7.040916666666668
Shenyang,1887,6.787249999999999
Shenyang,1888,6.562916666666667
Shenyang,1889,6.3875833333333345
Shenyang,1890,7.721250000000001
Shenyang,1891,7.017333333333334
Shenyang,1892,6.132000000000001
Shenyang,1893,6.139083333333335
Shenyang,1894,7.762250000000001
Shenyang,1895,6.217666666666667
Shenyang,1896,6.6543333333333345
Shenyang,1897,6.949666666666666
Shenyang,1898,7.937833333333334
Shenyang,1899,7.940166666666666
Shenyang,1900,7.3137500000000015
Shenyang,1901,7.03725
Shenyang,1902,7.467500000000001
Shenyang,1903,7.515416666666667
Shenyang,1904,6.997250000000001
Shenyang,1905,7.210249999999999
Shenyang,1906,6.7253333333333325
Shenyang,1907,6.987166666666667
Shenyang,1908,6.5945833333333335
Shenyang,1909,6.438583333333333
Shenyang,1910,6.308166666666666
Shenyang,1911,6.4853333333333305
Shenyang,1912,6.243083333333334
Shenyang,1913,6.382000000000001
Shenyang,1914,7.649333333333334
Shenyang,1915,6.238499999999999
Shenyang,1916,6.719333333333334
Shenyang,1917,6.173583333333333
Shenyang,1918,6.854666666666667
Shenyang,1919,7.208416666666666
Shenyang,1920,7.6214166666666685
Shenyang,1921,7.047083333333334
Shenyang,1922,6.900583333333333
Shenyang,1923,6.69425
Shenyang,1924,6.947416666666666
Shenyang,1925,7.149999999999999
Shenyang,1926,7.180833333333335
Shenyang,1927,7.116000000000002
Shenyang,1928,7.028166666666667
Shenyang,1929,7.10325
Shenyang,1930,7.494750000000001
Shenyang,1931,6.73425
Shenyang,1932,7.5745000000000005
Shenyang,1933,6.748750000000001
Shenyang,1934,6.796916666666665
Shenyang,1935,7.802499999999998
Shenyang,1936,6.4176666666666655
Shenyang,1937,7.377666666666667
Shenyang,1938,7.5880833333333335
Shenyang,1939,8.043750000000001
Shenyang,1940,7.485750000000002
Shenyang,1941,7.42125
Shenyang,1942,7.343416666666667
Shenyang,1943,8.113583333333334
Shenyang,1944,7.280750000000002
Shenyang,1945,6.7746666666666675
Shenyang,1946,7.721749999999999
Shenyang,1947,5.4479999999999995
Shenyang,1948,7.844833333333333
Shenyang,1949,7.622
Shenyang,1950,7.5627499999999985
Shenyang,1951,7.47125
Shenyang,1952,7.0743333333333345
Shenyang,1953,7.077249999999999
Shenyang,1954,7.1013333333333355
Shenyang,1955,7.8252500000000005
Shenyang,1956,6.184666666666668
Shenyang,1957,6.577916666666667
Shenyang,1958,7.702416666666669
Shenyang,1959,8.203083333333334
Shenyang,1960,7.719083333333334
Shenyang,1961,8.237833333333334
Shenyang,1962,7.567
Shenyang,1963,7.480416666666667
Shenyang,1964,7.395916666666668
Shenyang,1965,7.273749999999999
Shenyang,1966,7.204083333333333
Shenyang,1967,7.4327499999999995
Shenyang,1968,7.571916666666667
Shenyang,1969,6.326583333333333
Shenyang,1970,7.173750000000001
Shenyang,1971,7.280999999999999
Shenyang,1972,7.388583333333334
Shenyang,1973,7.906833333333334
Shenyang,1974,7.2153333333333345
Shenyang,1975,8.309833333333334
Shenyang,1976,7.014083333333335
Shenyang,1977,7.588416666666666
Shenyang,1978,7.694416666666666
Shenyang,1979,7.8715
Shenyang,1980,6.879333333333334
Shenyang,1981,7.296916666666667
Shenyang,1982,8.2675
Shenyang,1983,8.17225
Shenyang,1984,7.33925
Shenyang,1985,6.937916666666666
Shenyang,1986,7.303166666666666
Shenyang,1987,7.461166666666667
Shenyang,1988,8.109
Shenyang,1989,8.776
Shenyang,1990,8.663333333333332
Shenyang,1991,8.018583333333332
Shenyang,1992,8.159249999999998
Shenyang,1993,7.922916666666667
Shenyang,1994,8.7385
Shenyang,1995,8.252583333333336
Shenyang,1996,7.912333333333334
Shenyang,1997,8.482249999999999
Shenyang,1998,9.175083333333333
Shenyang,1999,8.667083333333334
Shenyang,2000,7.905499999999999
Shenyang,2001,7.9695833333333335
Shenyang,2002,8.643333333333333
Shenyang,2003,8.616916666666667
Shenyang,2004,8.90875
Shenyang,2005,7.7475
Shenyang,2006,8.523916666666667
Shenyang,2007,9.19325
Shenyang,2008,8.824583333333335
Shenyang,2009,8.266416666666666
Shenyang,2010,7.58625
Shenyang,2011,8.043833333333334
Shenyang,2012,7.53925
Shenyang,2013,9.304875000000001
Singapore,1825,26.425333333333327
Singapore,1839,25.79288888888889
Singapore,1840,25.89125
Singapore,1841,25.979
Singapore,1842,26.141916666666663
Singapore,1843,26.222916666666674
Singapore,1844,25.728916666666667
Singapore,1845,25.62309090909091
Singapore,1846,26.454666666666665
Singapore,1847,25.881500000000003
Singapore,1850,26.014833333333332
Singapore,1851,26.08841666666667
Singapore,1852,25.97491666666666
Singapore,1853,26.183000000000003
Singapore,1854,25.954090909090908
Singapore,1855,26.076583333333332
Singapore,1856,26.172333333333327
Singapore,1858,26.147999999999996
Singapore,1859,26.23541666666667
Singapore,1860,25.93133333333334
Singapore,1861,25.89358333333333
Singapore,1863,26.088666666666665
Singapore,1864,25.919083333333333
Singapore,1865,26.15458333333333
Singapore,1866,26.123666666666665
Singapore,1867,26.041749999999997
Singapore,1868,26.145
Singapore,1869,25.97875
Singapore,1870,25.572333333333336
Singapore,1871,25.58066666666667
Singapore,1872,26.168666666666667
Singapore,1873,26.39625
Singapore,1874,26.085333333333338
Singapore,1875,25.469916666666666
Singapore,1876,25.719166666666666
Singapore,1877,26.252916666666668
Singapore,1878,26.568166666666666
Singapore,1879,25.75225
Singapore,1880,26.1225
Singapore,1881,26.549333333333333
Singapore,1882,26.102166666666665
Singapore,1883,25.99875
Singapore,1884,25.862416666666665
Singapore,1885,26.22333333333334
Singapore,1886,26.40308333333333
Singapore,1887,25.600583333333333
Singapore,1888,26.256250000000005
Singapore,1889,26.458
Singapore,1890,25.8395
Singapore,1891,26.140499999999992
Singapore,1892,26.036333333333335
Singapore,1893,25.80475
Singapore,1894,25.99366666666667
Singapore,1895,26.090500000000006
Singapore,1896,26.4635
Singapore,1897,26.576583333333332
Singapore,1898,26.300500000000003
Singapore,1899,26.219166666666666
Singapore,1900,26.531583333333334
Singapore,1901,26.05683333333333
Singapore,1902,25.98483333333333
Singapore,1903,26.146333333333335
Singapore,1904,25.848249999999997
Singapore,1905,26.612250000000003
Singapore,1906,26.326666666666657
Singapore,1907,26.299583333333334
Singapore,1908,26.224833333333333
Singapore,1909,26.29283333333333
Singapore,1910,26.112416666666665
Singapore,1911,26.353250000000003
Singapore,1912,26.524416666666667
Singapore,1913,26.255416666666672
Singapore,1914,26.64891666666667
Singapore,1915,26.677333333333337
Singapore,1916,26.287333333333333
Singapore,1917,25.919333333333338
Singapore,1918,25.899166666666673
Singapore,1919,26.552333333333337
Singapore,1920,26.436999999999998
Singapore,1921,26.233916666666662
Singapore,1922,26.284833333333335
Singapore,1923,26.262583333333325
Singapore,1924,26.377916666666664
Singapore,1925,26.215249999999997
Singapore,1926,26.603416666666664
Singapore,1927,26.44875
Singapore,1928,26.58141666666667
Singapore,1929,26.455916666666667
Singapore,1930,26.72308333333333
Singapore,1931,26.87766666666667
Singapore,1932,26.525750000000002
Singapore,1933,26.36766666666667
Singapore,1934,26.245583333333332
Singapore,1935,26.54766666666667
Singapore,1936,26.602583333333342
Singapore,1937,26.727
Singapore,1938,26.64283333333333
Singapore,1939,26.577416666666668
Singapore,1940,26.86266666666667
Singapore,1941,27.278750000000002
Singapore,1942,26.916583333333335
Singapore,1943,26.492
Singapore,1944,26.663083333333333
Singapore,1945,26.636000000000006
Singapore,1946,26.832666666666665
Singapore,1947,26.93275
Singapore,1948,26.796000000000003
Singapore,1949,26.73958333333334
Singapore,1950,26.560166666666664
Singapore,1951,26.84
Singapore,1952,26.88716666666667
Singapore,1953,26.927749999999993
Singapore,1954,26.647916666666664
Singapore,1955,26.637999999999995
Singapore,1956,26.472750000000005
Singapore,1957,26.787166666666668
Singapore,1958,27.079833333333337
Singapore,1959,26.882416666666668
Singapore,1960,26.929416666666665
Singapore,1961,26.726999999999993
Singapore,1962,26.56083333333334
Singapore,1963,26.77116666666667
Singapore,1964,26.664666666666665
Singapore,1965,26.632916666666663
Singapore,1966,26.887833333333333
Singapore,1967,26.681749999999997
Singapore,1968,26.74566666666667
Singapore,1969,27.062416666666675
Singapore,1970,26.854583333333334
Singapore,1971,26.605500000000003
Singapore,1972,26.942000000000004
Singapore,1973,26.959749999999996
Singapore,1974,26.672583333333336
Singapore,1975,26.638
Singapore,1976,26.558750000000003
Singapore,1977,26.822
Singapore,1978,26.90458333333333
Singapore,1979,26.959750000000003
Singapore,1980,26.956416666666673
Singapore,1981,26.981000000000005
Singapore,1982,26.836500000000004
Singapore,1983,27.30491666666667
Singapore,1984,26.483499999999996
Singapore,1985,26.820083333333333
Singapore,1986,26.847833333333337
Singapore,1987,27.181583333333332
Singapore,1988,27.06725
Singapore,1989,26.792333333333332
Singapore,1990,27.130000000000006
Singapore,1991,26.994083333333336
Singapore,1992,26.997416666666666
Singapore,1993,26.928833333333333
Singapore,1994,27.087749999999996
Singapore,1995,27.0725
Singapore,1996,27.043333333333333
Singapore,1997,27.388916666666663
Singapore,1998,27.77591666666667
Singapore,1999,27.016750000000002
Singapore,2000,27.096500000000002
Singapore,2001,27.189333333333334
Singapore,2002,27.40608333333334
Singapore,2003,27.31183333333333
Singapore,2004,27.328666666666667
Singapore,2005,27.49358333333333
Singapore,2006,27.32841666666667
Singapore,2007,27.130000000000006
Singapore,2008,27.067666666666668
Singapore,2009,27.47333333333333
Singapore,2010,27.6035
Singapore,2011,27.282166666666665
Singapore,2012,27.303583333333332
Singapore,2013,27.602875
Surabaya,1825,26.68825
Surabaya,1839,25.984333333333332
Surabaya,1840,25.9455
Surabaya,1841,25.423500000000004
Surabaya,1850,26.162666666666667
Surabaya,1851,26.383833333333328
Surabaya,1852,26.264583333333334
Surabaya,1853,26.096777777777774
Surabaya,1854,26.37754545454545
Surabaya,1855,26.42175
Surabaya,1856,26.273416666666666
Surabaya,1866,26.32716666666667
Surabaya,1867,26.34483333333334
Surabaya,1868,26.526249999999994
Surabaya,1869,26.509083333333336
Surabaya,1870,26.20116666666667
Surabaya,1871,26.136083333333335
Surabaya,1872,26.21291666666667
Surabaya,1873,26.318166666666666
Surabaya,1874,26.263583333333333
Surabaya,1875,26.117166666666666
Surabaya,1876,26.269416666666668
Surabaya,1877,26.557083333333335
Surabaya,1878,27.046333333333333
Surabaya,1879,26.238583333333334
Surabaya,1880,26.103916666666663
Surabaya,1881,26.456833333333336
Surabaya,1882,26.400166666666667
Surabaya,1883,26.57191666666667
Surabaya,1884,25.983166666666662
Surabaya,1885,26.358500000000006
Surabaya,1886,26.371000000000006
Surabaya,1887,26.01733333333333
Surabaya,1888,26.439333333333334
Surabaya,1889,26.773083333333332
Surabaya,1890,26.18358333333333
Surabaya,1891,26.26875
Surabaya,1892,26.116833333333336
Surabaya,1893,25.978583333333336
Surabaya,1894,26.098
Surabaya,1895,26.33341666666667
Surabaya,1896,26.250416666666666
Surabaya,1897,26.904250000000005
Surabaya,1898,26.4465
Surabaya,1899,26.20941666666667
Surabaya,1900,26.743749999999995
Surabaya,1901,26.480166666666666
Surabaya,1902,26.314999999999998
Surabaya,1903,26.506333333333334
Surabaya,1904,26.207416666666663
Surabaya,1905,26.8115
Surabaya,1906,26.951166666666666
Surabaya,1907,26.486583333333332
Surabaya,1908,26.503
Surabaya,1909,26.36066666666667
Surabaya,1910,26.535500000000003
Surabaya,1911,26.519999999999996
Surabaya,1912,26.547333333333327
Surabaya,1913,26.245500000000003
Surabaya,1914,26.34
Surabaya,1915,26.792749999999998
Surabaya,1916,26.417583333333337
Surabaya,1917,26.435000000000002
Surabaya,1918,26.177750000000003
Surabaya,1919,26.66550000000001
Surabaya,1920,26.568083333333334
Surabaya,1921,26.577249999999992
Surabaya,1922,26.423666666666666
Surabaya,1923,26.381833333333333
Surabaya,1924,26.616666666666664
Surabaya,1925,26.402416666666667
Surabaya,1926,26.820500000000006
Surabaya,1927,26.789083333333334
Surabaya,1928,26.8895
Surabaya,1929,26.614
Surabaya,1930,26.850166666666663
Surabaya,1931,27.25166666666667
Surabaya,1932,26.826666666666664
Surabaya,1933,26.84283333333333
Surabaya,1934,26.574499999999997
Surabaya,1935,26.661166666666663
Surabaya,1936,26.857416666666666
Surabaya,1937,26.729166666666668
Surabaya,1938,26.891833333333327
Surabaya,1939,26.751333333333335
Surabaya,1940,26.661999999999995
Surabaya,1941,27.038416666666667
Surabaya,1942,27.137083333333337
Surabaya,1943,26.68383333333333
Surabaya,1944,26.700416666666666
Surabaya,1945,26.85041666666667
Surabaya,1946,27.290916666666664
Surabaya,1947,27.165166666666664
Surabaya,1948,26.962333333333333
Surabaya,1949,26.90291666666667
Surabaya,1950,26.745499999999993
Surabaya,1951,27.07625
Surabaya,1952,26.961
Surabaya,1953,27.206500000000002
Surabaya,1954,27.101583333333338
Surabaya,1955,26.89033333333334
Surabaya,1956,27.086666666666662
Surabaya,1957,27.237833333333338
Surabaya,1958,27.372833333333332
Surabaya,1959,27.26575
Surabaya,1960,27.167833333333338
Surabaya,1961,26.88841666666667
Surabaya,1962,26.895
Surabaya,1963,26.875666666666664
Surabaya,1964,27.058000000000003
Surabaya,1965,26.881416666666667
Surabaya,1966,27.10675
Surabaya,1967,27.066000000000003
Surabaya,1968,27.133
Surabaya,1969,27.327166666666667
Surabaya,1970,27.15483333333334
Surabaya,1971,26.738833333333332
Surabaya,1972,27.223583333333337
Surabaya,1973,27.393916666666666
Surabaya,1974,26.747916666666665
Surabaya,1975,26.88083333333334
Surabaya,1976,26.95691666666666
Surabaya,1977,27.012083333333333
Surabaya,1978,27.0245
Surabaya,1979,27.200749999999996
Surabaya,1980,27.267583333333334
Surabaya,1981,27.206583333333338
Surabaya,1982,27.05716666666667
Surabaya,1983,27.172916666666666
Surabaya,1984,26.706000000000003
Surabaya,1985,27.249916666666667
Surabaya,1986,27.173166666666663
Surabaya,1987,27.590666666666667
Surabaya,1988,27.484166666666667
Surabaya,1989,27.383
Surabaya,1990,27.471666666666668
Surabaya,1991,27.209999999999997
Surabaya,1992,27.399083333333333
Surabaya,1993,27.51058333333333
Surabaya,1994,27.17925
Surabaya,1995,27.324083333333334
Surabaya,1996,27.5275
Surabaya,1997,27.46316666666667
Surabaya,1998,27.904666666666667
Surabaya,1999,27.3185
Surabaya,2000,27.44333333333333
Surabaya,2001,27.519416666666668
Surabaya,2002,27.713333333333335
Surabaya,2003,27.68733333333334
Surabaya,2004,27.6875
Surabaya,2005,27.768416666666667
Surabaya,2006,27.554916666666667
Surabaya,2007,27.486083333333326
Surabaya,2008,27.338416666666664
Surabaya,2009,27.687166666666666
Surabaya,2010,27.545083333333338
Surabaya,2011,27.190249999999995
Surabaya,2012,27.47875
Surabaya,2013,27.296625000000002
Surat,1796,26.134
Surat,1797,27.127
Surat,1798,25.693399999999997
Surat,1799,26.4075
Surat,1800,26.36883333333333
Surat,1801,25.596199999999996
Surat,1802,26.84008333333333
Surat,1803,26.600999999999996
Surat,1804,26.946416666666664
Surat,1805,26.481833333333338
Surat,1806,26.383166666666664
Surat,1807,25.802300000000002
Surat,1813,25.728416666666664
Surat,1814,25.13127272727273
Surat,1815,25.264416666666666
Surat,1816,24.832250000000002
Surat,1817,25.048666666666662
Surat,1818,25.541166666666665
Surat,1819,25.185833333333335
Surat,1820,25.338083333333334
Surat,1821,25.954083333333333
Surat,1822,25.993916666666667
Surat,1823,25.895999999999997
Surat,1824,26.505
Surat,1825,26.25441666666666
Surat,1826,26.315416666666664
Surat,1827,26.41625
Surat,1828,26.080833333333334
Surat,1829,25.900166666666667
Surat,1830,26.13225
Surat,1831,25.697000000000003
Surat,1832,25.913099999999996
Surat,1833,25.992
Surat,1834,26.032750000000004
Surat,1835,25.194666666666667
Surat,1836,25.66483333333333
Surat,1837,25.592833333333342
Surat,1838,25.62958333333333
Surat,1839,25.715
Surat,1840,25.827416666666664
Surat,1841,25.586916666666664
Surat,1842,25.917416666666664
Surat,1843,25.72266666666667
Surat,1844,25.54958333333333
Surat,1845,25.824916666666663
Surat,1846,26.386666666666667
Surat,1847,25.838583333333332
Surat,1848,25.802083333333332
Surat,1849,25.740416666666665
Surat,1850,25.920666666666662
Surat,1851,25.867083333333337
Surat,1852,25.875916666666665
Surat,1853,26.07008333333333
Surat,1854,26.204750000000004
Surat,1855,26.213666666666665
Surat,1856,25.748
Surat,1857,25.42175
Surat,1858,26.031083333333328
Surat,1859,26.121166666666664
Surat,1860,25.87766666666667
Surat,1861,25.76233333333333
Surat,1862,22.026666666666667
Surat,1865,26.236583333333332
Surat,1866,26.271416666666664
Surat,1867,26.35475
Surat,1868,26.223833333333335
Surat,1869,26.335333333333335
Surat,1870,26.005
Surat,1871,26.013666666666666
Surat,1872,26.03125
Surat,1873,26.129583333333333
Surat,1874,26.147083333333327
Surat,1875,26.274083333333337
Surat,1876,26.366916666666665
Surat,1877,26.609083333333334
Surat,1878,26.647750000000002
Surat,1879,25.87666666666667
Surat,1880,26.388583333333333
Surat,1881,26.12408333333333
Surat,1882,25.975000000000005
Surat,1883,25.605333333333334
Surat,1884,25.53225
Surat,1885,25.84116666666667
Surat,1886,26.123499999999996
Surat,1887,25.7615
Surat,1888,26.113833333333332
Surat,1889,26.361583333333332
Surat,1890,26.24858333333334
Surat,1891,26.113916666666665
Surat,1892,26.456833333333336
Surat,1893,25.35133333333333
Surat,1894,26.011749999999996
Surat,1895,26.268916666666666
Surat,1896,26.87908333333333
Surat,1897,26.48425
Surat,1898,26.680833333333336
Surat,1899,26.812749999999998
Surat,1900,26.802666666666664
Surat,1901,26.550166666666666
Surat,1902,27.062250000000002
Surat,1903,26.038416666666663
Surat,1904,26.38383333333333
Surat,1905,26.05183333333333
Surat,1906,26.04783333333333
Surat,1907,26.215999999999998
Surat,1908,25.932666666666666
Surat,1909,25.989
Surat,1910,25.889166666666664
Surat,1911,26.449166666666667
Surat,1912,26.662166666666668
Surat,1913,26.23158333333333
Surat,1914,26.395
Surat,1915,26.712916666666672
Surat,1916,26.322250000000007
Surat,1917,25.4825
Surat,1918,26.379166666666666
Surat,1919,26.290333333333333
Surat,1920,26.514750000000006
Surat,1921,26.758916666666664
Surat,1922,26.260416666666668
Surat,1923,26.326666666666664
Surat,1924,26.52258333333333
Surat,1925,26.43925
Surat,1926,26.452666666666662
Surat,1927,26.03808333333333
Surat,1928,26.422333333333338
Surat,1929,26.562583333333333
Surat,1930,26.386916666666668
Surat,1931,26.71141666666667
Surat,1932,26.622500000000002
Surat,1933,26.121166666666667
Surat,1934,26.08575
Surat,1935,25.98991666666667
Surat,1936,26.275083333333328
Surat,1937,26.08225
Surat,1938,26.209083333333336
Surat,1939,26.421666666666667
Surat,1940,26.323666666666668
Surat,1941,27.145750000000003
Surat,1942,26.552333333333337
Surat,1943,26.3715
Surat,1944,26.330166666666667
Surat,1945,25.88591666666667
Surat,1946,26.53075000000001
Surat,1947,26.56125
Surat,1948,26.84341666666667
Surat,1949,26.770583333333335
Surat,1950,26.013416666666668
Surat,1951,26.798416666666668
Surat,1952,26.91625
Surat,1953,26.890333333333334
Surat,1954,26.52983333333333
Surat,1955,26.39658333333333
Surat,1956,26.209
Surat,1957,26.519666666666666
Surat,1958,27.02625
Surat,1959,26.652750000000008
Surat,1960,26.647333333333336
Surat,1961,26.191333333333333
Surat,1962,26.420166666666663
Surat,1963,26.71775
Surat,1964,26.336416666666665
Surat,1965,26.652
Surat,1966,26.862250000000003
Surat,1967,26.453166666666664
Surat,1968,26.28775
Surat,1969,27.105
Surat,1970,26.446666666666673
Surat,1971,26.206333333333333
Surat,1972,26.819833333333335
Surat,1973,26.57041666666667
Surat,1974,26.789749999999998
Surat,1975,26.113916666666668
Surat,1976,26.756333333333334
Surat,1977,27.005749999999995
Surat,1978,26.574749999999998
Surat,1979,26.7795
Surat,1980,26.949583333333333
Surat,1981,26.63741666666667
Surat,1982,26.725166666666667
Surat,1983,26.097583333333333
Surat,1984,26.428416666666664
Surat,1985,26.806416666666667
Surat,1986,26.809500000000003
Surat,1987,27.65025
Surat,1988,27.253500000000003
Surat,1989,26.597666666666672
Surat,1990,26.631749999999997
Surat,1991,26.703083333333336
Surat,1992,26.782749999999997
Surat,1993,27.038416666666663
Surat,1994,26.54558333333334
Surat,1995,27.03141666666666
Surat,1996,27.013666666666666
Surat,1997,26.528583333333334
Surat,1998,27.32358333333333
Surat,1999,26.963833333333337
Surat,2000,27.029
Surat,2001,26.89725
Surat,2002,27.34775
Surat,2003,27.230916666666662
Surat,2004,27.290583333333334
Surat,2005,26.724500000000003
Surat,2006,27.149416666666667
Surat,2007,27.311750000000004
Surat,2008,26.82875
Surat,2009,27.81983333333333
Surat,2010,27.68166666666666
Surat,2011,27.016583333333333
Surat,2012,26.889249999999993
Surat,2013,27.437749999999998
Sydney,1852,15.357999999999999
Sydney,1853,16.101499999999998
Sydney,1854,15.827111111111114
Sydney,1855,16.629454545454546
Sydney,1856,16.755000000000003
Sydney,1857,16.687583333333333
Sydney,1858,17.04391666666667
Sydney,1859,16.264916666666664
Sydney,1860,16.330250000000003
Sydney,1861,16.721666666666668
Sydney,1862,16.898333333333333
Sydney,1863,16.52958333333333
Sydney,1864,16.366833333333336
Sydney,1865,16.750333333333334
Sydney,1866,16.9585
Sydney,1867,17.37691666666667
Sydney,1868,16.962000000000003
Sydney,1869,16.90925
Sydney,1870,16.838
Sydney,1871,16.75341666666667
Sydney,1872,16.705416666666665
Sydney,1873,16.77866666666667
Sydney,1874,16.754583333333333
Sydney,1875,16.950083333333335
Sydney,1876,17.296499999999998
Sydney,1877,17.042833333333334
Sydney,1878,17.236416666666667
Sydney,1879,16.31266666666667
Sydney,1880,16.654583333333335
Sydney,1881,16.62833333333333
Sydney,1882,17.028583333333334
Sydney,1883,16.462083333333336
Sydney,1884,16.864583333333336
Sydney,1885,16.945249999999998
Sydney,1886,16.882749999999998
Sydney,1887,16.658333333333335
Sydney,1888,16.7175
Sydney,1889,17.173916666666667
Sydney,1890,16.7655
Sydney,1891,16.74475
Sydney,1892,16.602
Sydney,1893,16.665250000000004
Sydney,1894,16.826583333333335
Sydney,1895,16.8475
Sydney,1896,16.854250000000004
Sydney,1897,17.075083333333335
Sydney,1898,17.03591666666667
Sydney,1899,17.063000000000002
Sydney,1900,16.984499999999997
Sydney,1901,16.864583333333332
Sydney,1902,16.97666666666667
Sydney,1903,16.868666666666666
Sydney,1904,16.577916666666667
Sydney,1905,16.57016666666667
Sydney,1906,16.924083333333332
Sydney,1907,16.86791666666667
Sydney,1908,16.67425
Sydney,1909,16.466833333333334
Sydney,1910,16.92925
Sydney,1911,16.854666666666667
Sydney,1912,17.096166666666665
Sydney,1913,17.226166666666668
Sydney,1914,17.874666666666666
Sydney,1915,17.306583333333332
Sydney,1916,16.966083333333334
Sydney,1917,16.548416666666665
Sydney,1918,16.56341666666667
Sydney,1919,17.507583333333333
Sydney,1920,16.64891666666667
Sydney,1921,17.14991666666667
Sydney,1922,17.215083333333336
Sydney,1923,17.202583333333333
Sydney,1924,16.645166666666665
Sydney,1925,16.550666666666668
Sydney,1926,17.25075
Sydney,1927,16.419083333333337
Sydney,1928,17.397250000000003
Sydney,1929,16.688333333333336
Sydney,1930,17.097916666666666
Sydney,1931,16.855666666666668
Sydney,1932,16.96625
Sydney,1933,16.758
Sydney,1934,16.885250000000003
Sydney,1935,16.546833333333336
Sydney,1936,16.78558333333333
Sydney,1937,16.972583333333336
Sydney,1938,17.392999999999997
Sydney,1939,17.333916666666667
Sydney,1940,17.640916666666662
Sydney,1941,16.86025
Sydney,1942,17.299916666666665
Sydney,1943,16.3125
Sydney,1944,16.989250000000002
Sydney,1945,16.886916666666668
Sydney,1946,17.04166666666667
Sydney,1947,16.94275
Sydney,1948,16.422416666666667
Sydney,1949,16.551583333333333
Sydney,1950,17.14025
Sydney,1951,16.734416666666664
Sydney,1952,16.82775
Sydney,1953,16.733666666666668
Sydney,1954,16.933833333333332
Sydney,1955,16.994916666666665
Sydney,1956,16.644000000000002
Sydney,1957,17.0565
Sydney,1958,17.409499999999998
Sydney,1959,17.225083333333334
Sydney,1960,16.677416666666666
Sydney,1961,16.8605
Sydney,1962,16.74233333333333
Sydney,1963,16.925416666666663
Sydney,1964,16.96466666666667
Sydney,1965,16.998083333333334
Sydney,1966,16.64466666666667
Sydney,1967,16.854583333333334
Sydney,1968,17.274416666666664
Sydney,1969,17.18283333333333
Sydney,1970,16.7825
Sydney,1971,16.84275
Sydney,1972,17.025666666666666
Sydney,1973,17.812083333333334
Sydney,1974,16.97791666666667
Sydney,1975,17.341333333333335
Sydney,1976,17.00941666666667
Sydney,1977,17.33525
Sydney,1978,17.162583333333334
Sydney,1979,17.556
Sydney,1980,17.995083333333337
Sydney,1981,17.493749999999995
Sydney,1982,17.295333333333335
Sydney,1983,17.468
Sydney,1984,16.905666666666665
Sydney,1985,17.092666666666666
Sydney,1986,17.06083333333333
Sydney,1987,17.366333333333333
Sydney,1988,17.88725
Sydney,1989,17.258333333333336
Sydney,1990,17.4665
Sydney,1991,17.848
Sydney,1992,16.8915
Sydney,1993,17.423416666666665
Sydney,1994,17.357666666666667
Sydney,1995,16.949
Sydney,1996,17.046083333333335
Sydney,1997,17.511
Sydney,1998,18.04975
Sydney,1999,17.54691666666667
Sydney,2000,17.567416666666666
Sydney,2001,17.854499999999998
Sydney,2002,17.733833333333333
Sydney,2003,17.592333333333332
Sydney,2004,17.869666666666667
Sydney,2005,18.02808333333333
Sydney,2006,17.7495
Sydney,2007,18.020833333333332
Sydney,2008,17.321083333333334
Sydney,2009,18.175833333333333
Sydney,2010,17.999000000000002
Sydney,2011,17.71333333333333
Sydney,2012,17.47433333333333
Sydney,2013,18.089750000000002
São Paulo,1832,18.937833333333337
São Paulo,1833,19.925999999999995
São Paulo,1834,19.21016666666667
São Paulo,1835,18.619083333333336
São Paulo,1836,18.837999999999997
São Paulo,1837,18.27616666666667
São Paulo,1838,18.722833333333337
São Paulo,1839,18.517833333333332
São Paulo,1840,19.202666666666666
São Paulo,1841,18.886749999999996
São Paulo,1842,19.320083333333336
São Paulo,1843,19.45775
São Paulo,1851,19.436833333333333
São Paulo,1852,19.59691666666667
São Paulo,1853,19.60958333333333
São Paulo,1854,19.696416666666664
São Paulo,1855,19.699916666666667
São Paulo,1856,18.794500000000003
São Paulo,1857,19.386416666666666
São Paulo,1858,18.392499999999995
São Paulo,1859,19.045416666666664
São Paulo,1860,19.72708333333333
São Paulo,1861,18.990166666666667
São Paulo,1862,19.009666666666664
São Paulo,1863,18.905833333333334
São Paulo,1864,18.988166666666668
São Paulo,1865,18.953416666666666
São Paulo,1866,19.096583333333335
São Paulo,1867,19.2125
São Paulo,1868,20.163666666666668
São Paulo,1869,20.006666666666664
São Paulo,1870,20.034916666666664
São Paulo,1871,19.654583333333335
São Paulo,1872,19.631666666666668
São Paulo,1873,19.844916666666663
São Paulo,1874,19.06816666666667
São Paulo,1875,18.76
São Paulo,1876,19.000083333333336
São Paulo,1877,19.832416666666667
São Paulo,1878,20.024916666666666
São Paulo,1879,18.775666666666663
São Paulo,1880,19.730583333333332
São Paulo,1881,19.233416666666667
São Paulo,1882,18.618583333333337
São Paulo,1883,18.927000000000003
São Paulo,1884,18.856083333333334
São Paulo,1885,19.80183333333333
São Paulo,1886,18.929916666666667
São Paulo,1887,19.44925
São Paulo,1888,20.1165
São Paulo,1889,20.031166666666667
São Paulo,1890,19.166583333333335
São Paulo,1891,19.562583333333333
São Paulo,1892,19.17175
São Paulo,1893,18.491833333333336
São Paulo,1894,19.47975
São Paulo,1895,19.433750000000003
São Paulo,1896,19.453750000000003
São Paulo,1897,19.51425
São Paulo,1898,19.5385
São Paulo,1899,20.087666666666667
São Paulo,1900,19.712583333333335
São Paulo,1901,19.15
São Paulo,1902,19.874666666666666
São Paulo,1903,19.440583333333333
São Paulo,1904,19.020999999999997
São Paulo,1905,19.61225
São Paulo,1906,19.492083333333333
São Paulo,1907,19.17591666666667
São Paulo,1908,19.22133333333333
São Paulo,1909,18.981749999999998
São Paulo,1910,19.153666666666666
São Paulo,1911,19.022000000000002
São Paulo,1912,19.31875
São Paulo,1913,19.724666666666664
São Paulo,1914,20.37425
São Paulo,1915,20.119333333333334
São Paulo,1916,19.53
São Paulo,1917,18.433583333333335
São Paulo,1918,19.240416666666665
São Paulo,1919,19.878
São Paulo,1920,19.564166666666665
São Paulo,1921,19.367916666666666
São Paulo,1922,19.851166666666668
São Paulo,1923,19.582166666666662
São Paulo,1924,19.13333333333333
São Paulo,1925,19.520833333333336
São Paulo,1926,19.7775
São Paulo,1927,19.563666666666666
São Paulo,1928,20.079166666666666
São Paulo,1929,19.696416666666668
São Paulo,1930,20.087583333333335
São Paulo,1931,19.35083333333333
São Paulo,1932,20.183666666666667
São Paulo,1933,18.969083333333334
São Paulo,1934,19.86708333333333
São Paulo,1935,19.725416666666664
São Paulo,1936,20.006
São Paulo,1937,19.499250000000004
São Paulo,1938,19.82775
São Paulo,1939,19.92683333333333
São Paulo,1940,20.348833333333335
São Paulo,1941,20.17741666666667
São Paulo,1942,19.680833333333332
São Paulo,1943,19.625833333333333
São Paulo,1944,19.985333333333333
São Paulo,1945,19.56983333333333
São Paulo,1946,19.91225
São Paulo,1947,19.24925
São Paulo,1948,19.638416666666668
São Paulo,1949,19.403500000000005
São Paulo,1950,19.85291666666667
São Paulo,1951,19.316583333333334
São Paulo,1952,19.9105
São Paulo,1953,19.964583333333334
São Paulo,1954,20.203416666666666
São Paulo,1955,19.5525
São Paulo,1956,19.255666666666666
São Paulo,1957,19.666583333333335
São Paulo,1958,20.32616666666667
São Paulo,1959,20.493666666666666
São Paulo,1960,19.674999999999997
São Paulo,1961,20.566166666666668
São Paulo,1962,19.091749999999998
São Paulo,1963,20.395166666666668
São Paulo,1964,19.249166666666664
São Paulo,1965,19.998583333333332
São Paulo,1966,20.132916666666667
São Paulo,1967,20.158083333333334
São Paulo,1968,19.164916666666667
São Paulo,1969,20.141000000000002
São Paulo,1970,20.062416666666664
São Paulo,1971,19.77525
São Paulo,1972,20.13491666666667
São Paulo,1973,20.205833333333338
São Paulo,1974,19.666166666666665
São Paulo,1975,19.820250000000005
São Paulo,1976,19.483249999999998
São Paulo,1977,20.840166666666665
São Paulo,1978,19.939833333333336
São Paulo,1979,19.67866666666667
São Paulo,1980,20.281000000000002
São Paulo,1981,19.897333333333332
São Paulo,1982,19.951999999999998
São Paulo,1983,20.062416666666664
São Paulo,1984,20.557666666666666
São Paulo,1985,20.07
São Paulo,1986,20.489916666666666
São Paulo,1987,20.33883333333333
São Paulo,1988,19.9345
São Paulo,1989,19.66116666666667
São Paulo,1990,20.291416666666667
São Paulo,1991,20.133
São Paulo,1992,20.210833333333333
São Paulo,1993,20.48841666666667
São Paulo,1994,20.771
São Paulo,1995,20.608583333333332
São Paulo,1996,20.176083333333334
São Paulo,1997,20.77125
São Paulo,1998,20.714750000000002
São Paulo,1999,20.044416666666667
São Paulo,2000,20.316666666666666
São Paulo,2001,20.963999999999995
São Paulo,2002,21.304
São Paulo,2003,20.75566666666667
São Paulo,2004,20.04825
São Paulo,2005,20.783166666666666
São Paulo,2006,20.603916666666667
São Paulo,2007,20.93341666666667
São Paulo,2008,20.220666666666666
São Paulo,2009,20.775583333333334
São Paulo,2010,20.71658333333333
São Paulo,2011,20.330083333333334
São Paulo,2012,21.01891666666667
São Paulo,2013,20.0665
Taipei,1841,21.35475
Taipei,1842,21.729250000000004
Taipei,1843,21.82375
Taipei,1844,21.468999999999998
Taipei,1845,21.56683333333333
Taipei,1846,22.093999999999998
Taipei,1847,21.862416666666665
Taipei,1848,21.358833333333333
Taipei,1849,21.68466666666666
Taipei,1850,21.875666666666664
Taipei,1851,21.854916666666668
Taipei,1852,21.894333333333332
Taipei,1853,22.215500000000002
Taipei,1854,22.21608333333333
Taipei,1855,21.8935
Taipei,1856,21.54225
Taipei,1857,21.937166666666666
Taipei,1858,21.670749999999998
Taipei,1859,21.870166666666673
Taipei,1860,21.695666666666668
Taipei,1861,21.65291666666667
Taipei,1862,20.859750000000002
Taipei,1863,21.437749999999998
Taipei,1864,21.246000000000006
Taipei,1865,21.661727272727273
Taipei,1866,21.842000000000002
Taipei,1867,21.71427272727273
Taipei,1868,22.158916666666666
Taipei,1869,22.216583333333336
Taipei,1870,22.282333333333337
Taipei,1871,22.33758333333333
Taipei,1872,22.281000000000002
Taipei,1873,21.90341666666667
Taipei,1874,22.0415
Taipei,1875,21.732
Taipei,1876,21.583
Taipei,1877,21.982416666666666
Taipei,1878,22.032749999999997
Taipei,1879,22.208833333333335
Taipei,1880,21.540666666666663
Taipei,1881,21.82241666666667
Taipei,1882,21.665666666666667
Taipei,1883,21.6095
Taipei,1884,21.1615
Taipei,1885,21.3225
Taipei,1886,21.15816666666667
Taipei,1887,21.77775
Taipei,1888,22.192000000000004
Taipei,1889,21.88875
Taipei,1890,22.20958333333333
Taipei,1891,21.828833333333332
Taipei,1892,21.75283333333333
Taipei,1893,21.441916666666668
Taipei,1894,22.003
Taipei,1895,21.622666666666664
Taipei,1896,22.039833333333334
Taipei,1897,22.26233333333333
Taipei,1898,22.229750000000006
Taipei,1899,21.729333333333333
Taipei,1900,22.065250000000002
Taipei,1901,21.555333333333337
Taipei,1902,22.16725
Taipei,1903,21.68325
Taipei,1904,21.574416666666664
Taipei,1905,21.98091666666667
Taipei,1906,22.236416666666667
Taipei,1907,21.9055
Taipei,1908,22.05366666666667
Taipei,1909,22.358
Taipei,1910,21.926083333333338
Taipei,1911,22.00175
Taipei,1912,22.028333333333332
Taipei,1913,22.052916666666665
Taipei,1914,22.278750000000002
Taipei,1915,22.603166666666667
Taipei,1916,22.271416666666667
Taipei,1917,21.19483333333333
Taipei,1918,21.594833333333337
Taipei,1919,21.976666666666663
Taipei,1920,22.023666666666667
Taipei,1921,21.904250000000005
Taipei,1922,22.10983333333333
Taipei,1923,21.911
Taipei,1924,21.901916666666665
Taipei,1925,21.568916666666667
Taipei,1926,21.797583333333336
Taipei,1927,21.69241666666667
Taipei,1928,22.04733333333333
Taipei,1929,22.00808333333333
Taipei,1930,22.433750000000003
Taipei,1931,22.387833333333333
Taipei,1932,21.93841666666667
Taipei,1933,22.24133333333334
Taipei,1934,21.85966666666667
Taipei,1935,22.264416666666666
Taipei,1936,21.977249999999998
Taipei,1937,22.577166666666667
Taipei,1938,22.486583333333332
Taipei,1939,21.87816666666667
Taipei,1940,21.986500000000003
Taipei,1941,22.728333333333335
Taipei,1942,22.562750000000005
Taipei,1943,22.13291666666667
Taipei,1944,22.24416666666666
Taipei,1945,21.95641666666667
Taipei,1946,22.818750000000005
Taipei,1947,22.01041666666666
Taipei,1948,22.5645
Taipei,1949,22.571250000000003
Taipei,1950,22.27208333333333
Taipei,1951,22.518500000000003
Taipei,1952,22.88208333333333
Taipei,1953,22.763583333333333
Taipei,1954,22.944416666666665
Taipei,1955,22.27475
Taipei,1956,22.463833333333337
Taipei,1957,22.404583333333335
Taipei,1958,22.5515
Taipei,1959,22.800833333333333
Taipei,1960,22.775499999999994
Taipei,1961,22.785
Taipei,1962,22.224500000000003
Taipei,1963,22.213916666666666
Taipei,1964,22.686166666666665
Taipei,1965,22.37558333333334
Taipei,1966,22.857333333333333
Taipei,1967,22.241416666666666
Taipei,1968,21.934749999999998
Taipei,1969,22.322666666666667
Taipei,1970,22.393583333333336
Taipei,1971,22.270416666666666
Taipei,1972,22.331083333333336
Taipei,1973,22.732833333333332
Taipei,1974,22.46891666666667
Taipei,1975,22.587166666666665
Taipei,1976,22.222250000000003
Taipei,1977,22.945666666666668
Taipei,1978,22.497000000000003
Taipei,1979,22.608500000000003
Taipei,1980,22.696583333333336
Taipei,1981,22.42941666666667
Taipei,1982,22.467083333333335
Taipei,1983,22.791333333333338
Taipei,1984,22.204083333333333
Taipei,1985,22.45216666666667
Taipei,1986,22.12583333333333
Taipei,1987,22.78708333333333
Taipei,1988,22.67833333333333
Taipei,1989,22.498499999999996
Taipei,1990,22.80825
Taipei,1991,22.909499999999998
Taipei,1992,22.393083333333337
Taipei,1993,22.766583333333333
Taipei,1994,23.12166666666667
Taipei,1995,22.43941666666667
Taipei,1996,22.667666666666662
Taipei,1997,22.857166666666668
Taipei,1998,23.783916666666666
Taipei,1999,23.036833333333334
Taipei,2000,23.095333333333333
Taipei,2001,23.15341666666667
Taipei,2002,23.447083333333335
Taipei,2003,23.222416666666664
Taipei,2004,22.9305
Taipei,2005,22.782750000000004
Taipei,2006,23.378833333333336
Taipei,2007,23.38241666666667
Taipei,2008,23.020833333333332
Taipei,2009,23.13558333333334
Taipei,2010,23.002416666666672
Taipei,2011,22.551833333333335
Taipei,2012,22.815916666666666
Taipei,2013,23.237
Taiyuan,1820,5.7842
Taiyuan,1821,7.66525
Taiyuan,1822,7.666916666666666
Taiyuan,1823,8.467454545454546
Taiyuan,1833,7.304083333333331
Taiyuan,1834,7.648000000000001
Taiyuan,1835,6.951166666666666
Taiyuan,1836,6.614545454545455
Taiyuan,1837,9.345
Taiyuan,1838,13.457571428571429
Taiyuan,1839,6.889333333333333
Taiyuan,1840,7.36525
Taiyuan,1841,6.466249999999999
Taiyuan,1842,7.573916666666666
Taiyuan,1843,7.645750000000002
Taiyuan,1844,7.673166666666668
Taiyuan,1845,7.528
Taiyuan,1846,8.076416666666667
Taiyuan,1847,7.904166666666668
Taiyuan,1848,7.49091666666667
Taiyuan,1849,7.5680000000000005
Taiyuan,1850,7.044333333333333
Taiyuan,1851,6.850833333333335
Taiyuan,1852,7.004250000000002
Taiyuan,1853,7.274166666666667
Taiyuan,1854,7.793166666666665
Taiyuan,1855,7.862000000000001
Taiyuan,1856,7.515166666666668
Taiyuan,1857,7.4175
Taiyuan,1858,7.754166666666667
Taiyuan,1859,7.958416666666666
Taiyuan,1860,6.741166666666667
Taiyuan,1861,7.084333333333334
Taiyuan,1862,6.662166666666665
Taiyuan,1863,7.877083333333335
Taiyuan,1864,7.027
Taiyuan,1865,7.543333333333334
Taiyuan,1866,7.794083333333336
Taiyuan,1867,8.248666666666667
Taiyuan,1868,7.852
Taiyuan,1869,8.215166666666667
Taiyuan,1870,7.497
Taiyuan,1871,7.800333333333335
Taiyuan,1872,7.655000000000001
Taiyuan,1873,8.099083333333333
Taiyuan,1874,8.035666666666666
Taiyuan,1875,7.892666666666666
Taiyuan,1876,8.135333333333335
Taiyuan,1877,7.388083333333332
Taiyuan,1878,7.635916666666667
Taiyuan,1879,7.802416666666667
Taiyuan,1880,7.341833333333334
Taiyuan,1881,7.638166666666668
Taiyuan,1882,7.938500000000001
Taiyuan,1883,7.4205
Taiyuan,1884,7.04175
Taiyuan,1885,7.175416666666666
Taiyuan,1886,7.451333333333332
Taiyuan,1887,7.446833333333333
Taiyuan,1888,7.3455
Taiyuan,1889,7.291916666666666
Taiyuan,1890,8.013250000000001
Taiyuan,1891,8.061166666666667
Taiyuan,1892,7.345749999999999
Taiyuan,1893,7.409416666666665
Taiyuan,1894,8.188166666666666
Taiyuan,1895,7.183333333333334
Taiyuan,1896,7.616500000000001
Taiyuan,1897,7.449666666666668
Taiyuan,1898,8.204500000000001
Taiyuan,1899,8.207666666666666
Taiyuan,1900,7.78875
Taiyuan,1901,7.8335
Taiyuan,1902,8.508666666666667
Taiyuan,1903,7.8135
Taiyuan,1904,7.692083333333334
Taiyuan,1905,7.147416666666667
Taiyuan,1906,7.3581666666666665
Taiyuan,1907,7.802
Taiyuan,1908,7.456333333333333
Taiyuan,1909,7.523333333333333
Taiyuan,1910,7.108833333333333
Taiyuan,1911,7.2374166666666655
Taiyuan,1912,7.098083333333334
Taiyuan,1913,7.62525
Taiyuan,1914,8.241333333333333
Taiyuan,1915,7.423583333333334
Taiyuan,1916,7.462333333333333
Taiyuan,1917,7.363666666666667
Taiyuan,1918,7.10125
Taiyuan,1919,7.926083333333334
Taiyuan,1920,8.323749999999999
Taiyuan,1921,7.850583333333334
Taiyuan,1922,8.149833333333333
Taiyuan,1923,7.841166666666667
Taiyuan,1924,8.201250000000002
Taiyuan,1925,7.7203333333333335
Taiyuan,1926,8.061666666666666
Taiyuan,1927,8.179666666666664
Taiyuan,1928,8.374166666666667
Taiyuan,1929,8.123833333333334
Taiyuan,1930,7.983083333333333
Taiyuan,1931,7.921333333333333
Taiyuan,1932,8.434000000000001
Taiyuan,1933,8.035666666666666
Taiyuan,1934,7.5888333333333335
Taiyuan,1935,8.286166666666668
Taiyuan,1936,7.411083333333334
Taiyuan,1937,8.09275
Taiyuan,1938,8.366916666666667
Taiyuan,1939,8.479166666666666
Taiyuan,1940,8.610583333333333
Taiyuan,1941,8.859583333333333
Taiyuan,1942,8.698333333333332
Taiyuan,1943,8.508250000000002
Taiyuan,1944,7.679500000000001
Taiyuan,1945,8.5735
Taiyuan,1946,8.735583333333333
Taiyuan,1947,7.676083333333332
Taiyuan,1948,8.676333333333334
Taiyuan,1949,8.481
Taiyuan,1950,8.006416666666668
Taiyuan,1951,7.755083333333334
Taiyuan,1952,7.764083333333335
Taiyuan,1953,8.170333333333334
Taiyuan,1954,7.608916666666666
Taiyuan,1955,8.515833333333335
Taiyuan,1956,7.337583333333334
Taiyuan,1957,7.893583333333331
Taiyuan,1958,8.306333333333333
Taiyuan,1959,8.403583333333332
Taiyuan,1960,8.535333333333334
Taiyuan,1961,9.010666666666667
Taiyuan,1962,8.0845
Taiyuan,1963,8.130416666666667
Taiyuan,1964,7.969333333333335
Taiyuan,1965,8.626916666666668
Taiyuan,1966,8.440166666666666
Taiyuan,1967,7.498249999999999
Taiyuan,1968,8.072166666666666
Taiyuan,1969,7.68
Taiyuan,1970,7.775166666666666
Taiyuan,1971,7.971250000000001
Taiyuan,1972,8.207166666666668
Taiyuan,1973,8.628250000000001
Taiyuan,1974,8.032416666666665
Taiyuan,1975,8.527583333333334
Taiyuan,1976,7.52625
Taiyuan,1977,8.395750000000001
Taiyuan,1978,8.507083333333334
Taiyuan,1979,8.330083333333333
Taiyuan,1980,8.070916666666667
Taiyuan,1981,8.141333333333334
Taiyuan,1982,8.728333333333332
Taiyuan,1983,8.34725
Taiyuan,1984,7.43916666666667
Taiyuan,1985,7.846083333333333
Taiyuan,1986,7.9095
Taiyuan,1987,8.907916666666667
Taiyuan,1988,8.174166666666666
Taiyuan,1989,8.629416666666668
Taiyuan,1990,8.888499999999999
Taiyuan,1991,8.512083333333335
Taiyuan,1992,8.300833333333335
Taiyuan,1993,7.9515
Taiyuan,1994,9.026166666666667
Taiyuan,1995,8.665916666666666
Taiyuan,1996,8.144583333333335
Taiyuan,1997,9.292
Taiyuan,1998,9.837000000000002
Taiyuan,1999,9.889083333333334
Taiyuan,2000,8.934166666666666
Taiyuan,2001,9.405166666666668
Taiyuan,2002,9.49175
Taiyuan,2003,8.582916666666666
Taiyuan,2004,9.132
Taiyuan,2005,9.082166666666666
Taiyuan,2006,9.794333333333332
Taiyuan,2007,9.662833333333337
Taiyuan,2008,8.79983333333333
Taiyuan,2009,9.101333333333331
Taiyuan,2010,9.080666666666668
Taiyuan,2011,8.643166666666668
Taiyuan,2012,8.543000000000001
Taiyuan,2013,11.032875
Tangshan,1820,9.719600000000003
Tangshan,1821,11.258249999999999
Tangshan,1822,11.264249999999999
Tangshan,1823,11.983000000000002
Tangshan,1833,10.927166666666666
Tangshan,1834,11.259
Tangshan,1835,10.543833333333332
Tangshan,1836,10.232
Tangshan,1837,13.046333333333335
Tangshan,1839,10.473083333333333
Tangshan,1840,10.994833333333332
Tangshan,1841,10.046833333333332
Tangshan,1842,11.126333333333333
Tangshan,1843,11.22091666666667
Tangshan,1844,11.272583333333335
Tangshan,1845,11.147666666666668
Tangshan,1846,11.682583333333332
Tangshan,1847,11.552666666666667
Tangshan,1848,11.142166666666666
Tangshan,1849,11.202999999999998
Tangshan,1850,10.611916666666666
Tangshan,1851,10.409166666666666
Tangshan,1852,10.572916666666666
Tangshan,1853,10.877166666666668
Tangshan,1854,11.393250000000002
Tangshan,1855,11.483333333333333
Tangshan,1856,11.132583333333335
Tangshan,1857,11.059
Tangshan,1858,11.348583333333332
Tangshan,1859,11.550916666666666
Tangshan,1860,10.30975
Tangshan,1861,10.66441666666667
Tangshan,1862,10.291416666666667
Tangshan,1863,11.463333333333336
Tangshan,1864,10.651333333333334
Tangshan,1865,11.13
Tangshan,1866,11.354
Tangshan,1867,11.80625
Tangshan,1868,11.445000000000002
Tangshan,1869,11.855166666666667
Tangshan,1870,11.174833333333334
Tangshan,1871,11.406916666666667
Tangshan,1872,11.270583333333333
Tangshan,1873,11.618666666666668
Tangshan,1874,11.58375
Tangshan,1875,11.477583333333333
Tangshan,1876,11.833416666666666
Tangshan,1877,10.988333333333332
Tangshan,1878,11.177083333333334
Tangshan,1879,11.385250000000001
Tangshan,1880,10.901333333333335
Tangshan,1881,11.195916666666664
Tangshan,1882,11.539583333333335
Tangshan,1883,11.017833333333336
Tangshan,1884,10.605666666666666
Tangshan,1885,10.746833333333333
Tangshan,1886,11.03308333333333
Tangshan,1887,11.049750000000001
Tangshan,1888,10.932833333333335
Tangshan,1889,10.877083333333333
Tangshan,1890,11.656166666666666
Tangshan,1891,11.721166666666667
Tangshan,1892,10.985833333333334
Tangshan,1893,10.883083333333337
Tangshan,1894,11.847416666666668
Tangshan,1895,10.695
Tangshan,1896,11.155583333333334
Tangshan,1897,11.092500000000001
Tangshan,1898,11.9825
Tangshan,1899,11.947333333333333
Tangshan,1900,11.4865
Tangshan,1901,11.414083333333336
Tangshan,1902,12.197416666666667
Tangshan,1903,11.5715
Tangshan,1904,11.359
Tangshan,1905,10.857166666666664
Tangshan,1906,10.981749999999998
Tangshan,1907,11.400166666666665
Tangshan,1908,11.065
Tangshan,1909,11.07875
Tangshan,1910,10.739333333333333
Tangshan,1911,10.760416666666666
Tangshan,1912,10.786499999999998
Tangshan,1913,11.203333333333333
Tangshan,1914,11.878333333333332
Tangshan,1915,10.975083333333332
Tangshan,1916,10.958666666666668
Tangshan,1917,10.84775
Tangshan,1918,10.749249999999998
Tangshan,1919,11.705833333333336
Tangshan,1920,12.044083333333333
Tangshan,1921,11.426083333333336
Tangshan,1922,11.688333333333333
Tangshan,1923,11.391833333333333
Tangshan,1924,11.683749999999998
Tangshan,1925,11.355666666666666
Tangshan,1926,11.658499999999998
Tangshan,1927,11.803916666666668
Tangshan,1928,11.847666666666669
Tangshan,1929,11.710166666666666
Tangshan,1930,11.656750000000002
Tangshan,1931,11.455083333333334
Tangshan,1932,11.88
Tangshan,1933,11.375666666666667
Tangshan,1934,11.127083333333333
Tangshan,1935,11.9885
Tangshan,1936,10.922500000000001
Tangshan,1937,11.632416666666666
Tangshan,1938,11.997166666666667
Tangshan,1939,12.088333333333333
Tangshan,1940,12.189249999999996
Tangshan,1941,12.402499999999998
Tangshan,1942,12.279499999999999
Tangshan,1943,12.104083333333335
Tangshan,1944,11.454916666666668
Tangshan,1945,12.120416666666666
Tangshan,1946,12.30775
Tangshan,1947,11.019083333333334
Tangshan,1948,12.327249999999998
Tangshan,1949,12.140500000000003
Tangshan,1950,11.706666666666665
Tangshan,1951,11.426083333333333
Tangshan,1952,11.329583333333334
Tangshan,1953,11.753583333333331
Tangshan,1954,11.158416666666668
Tangshan,1955,12.083666666666668
Tangshan,1956,10.835583333333332
Tangshan,1957,11.317166666666667
Tangshan,1958,11.890583333333334
Tangshan,1959,12.091166666666666
Tangshan,1960,12.084750000000001
Tangshan,1961,12.706583333333334
Tangshan,1962,11.82691666666667
Tangshan,1963,11.841666666666667
Tangshan,1964,11.252416666666667
Tangshan,1965,12.261166666666666
Tangshan,1966,11.956583333333334
Tangshan,1967,11.426083333333336
Tangshan,1968,11.879333333333333
Tangshan,1969,10.943
Tangshan,1970,11.306750000000001
Tangshan,1971,11.568416666666666
Tangshan,1972,11.685833333333335
Tangshan,1973,12.0605
Tangshan,1974,11.605916666666664
Tangshan,1975,12.332833333333333
Tangshan,1976,11.182666666666668
Tangshan,1977,12.033333333333331
Tangshan,1978,12.243250000000002
Tangshan,1979,11.791750000000002
Tangshan,1980,11.65
Tangshan,1981,11.913499999999999
Tangshan,1982,12.390083333333335
Tangshan,1983,12.298166666666667
Tangshan,1984,11.197666666666665
Tangshan,1985,11.375333333333332
Tangshan,1986,11.733000000000002
Tangshan,1987,12.307500000000003
Tangshan,1988,11.975999999999999
Tangshan,1989,12.330583333333335
Tangshan,1990,12.318833333333336
Tangshan,1991,12.01475
Tangshan,1992,12.099416666666668
Tangshan,1993,11.872916666666667
Tangshan,1994,12.782333333333332
Tangshan,1995,12.448583333333332
Tangshan,1996,11.922916666666666
Tangshan,1997,12.83875
Tangshan,1998,13.426749999999998
Tangshan,1999,13.357666666666669
Tangshan,2000,12.514166666666668
Tangshan,2001,12.852583333333335
Tangshan,2002,13.078750000000001
Tangshan,2003,12.174999999999999
Tangshan,2004,12.748166666666663
Tangshan,2005,12.632166666666668
Tangshan,2006,13.216583333333332
Tangshan,2007,13.2695
Tangshan,2008,12.617583333333334
Tangshan,2009,12.630583333333334
Tangshan,2010,12.378999999999998
Tangshan,2011,12.25883333333333
Tangshan,2012,12.132666666666667
Tangshan,2013,14.249875
Tianjin,1820,10.179400000000001
Tianjin,1821,11.50625
Tianjin,1822,11.502249999999998
Tianjin,1823,12.31372727272727
Tianjin,1833,11.144583333333332
Tianjin,1834,11.520249999999999
Tianjin,1835,10.792583333333333
Tianjin,1836,10.446363636363635
Tianjin,1837,13.603500000000002
Tianjin,1839,10.627583333333334
Tianjin,1840,11.294749999999999
Tianjin,1841,10.149333333333333
Tianjin,1842,11.310416666666667
Tianjin,1843,11.45275
Tianjin,1844,11.568166666666668
Tianjin,1845,11.431333333333333
Tianjin,1846,11.945749999999999
Tianjin,1847,11.878166666666667
Tianjin,1848,11.556583333333334
Tianjin,1849,11.530916666666664
Tianjin,1850,10.6825
Tianjin,1851,10.435333333333332
Tianjin,1852,10.654916666666667
Tianjin,1853,10.946833333333336
Tianjin,1854,11.595916666666668
Tianjin,1855,11.819249999999998
Tianjin,1856,11.418500000000002
Tianjin,1857,11.295
Tianjin,1858,11.655083333333335
Tianjin,1859,11.796500000000002
Tianjin,1860,10.3965
Tianjin,1861,10.813333333333333
Tianjin,1862,10.620083333333334
Tianjin,1863,11.808750000000003
Tianjin,1864,10.972500000000002
Tianjin,1865,11.2965
Tianjin,1866,11.564583333333331
Tianjin,1867,12.006666666666666
Tianjin,1868,11.664
Tianjin,1869,12.124
Tianjin,1870,11.418833333333334
Tianjin,1871,11.546083333333334
Tianjin,1872,11.385666666666665
Tianjin,1873,11.756833333333333
Tianjin,1874,11.817583333333333
Tianjin,1875,11.778500000000001
Tianjin,1876,12.281583333333336
Tianjin,1877,11.270083333333334
Tianjin,1878,11.380999999999998
Tianjin,1879,11.53375
Tianjin,1880,11.141416666666666
Tianjin,1881,11.359583333333333
Tianjin,1882,11.839833333333333
Tianjin,1883,11.24575
Tianjin,1884,10.824083333333334
Tianjin,1885,11.071500000000002
Tianjin,1886,11.405916666666668
Tianjin,1887,11.333583333333337
Tianjin,1888,11.130749999999999
Tianjin,1889,11.089916666666667
Tianjin,1890,11.981083333333332
Tianjin,1891,12.002250000000002
Tianjin,1892,11.206750000000001
Tianjin,1893,10.962833333333334
Tianjin,1894,12.134749999999999
Tianjin,1895,10.861833333333335
Tianjin,1896,11.343916666666667
Tianjin,1897,11.368250000000002
Tianjin,1898,12.48825
Tianjin,1899,12.483249999999998
Tianjin,1900,12.00925
Tianjin,1901,11.713916666666664
Tianjin,1902,12.662
Tianjin,1903,12.121666666666668
Tianjin,1904,11.689916666666667
Tianjin,1905,11.250749999999998
Tianjin,1906,11.32025
Tianjin,1907,11.600583333333333
Tianjin,1908,11.315833333333336
Tianjin,1909,11.146749999999999
Tianjin,1910,11.077166666666665
Tianjin,1911,10.927499999999997
Tianjin,1912,10.95491666666667
Tianjin,1913,11.29425
Tianjin,1914,12.07125
Tianjin,1915,10.98325
Tianjin,1916,11.129166666666668
Tianjin,1917,10.9705
Tianjin,1918,11.208833333333333
Tianjin,1919,11.911333333333332
Tianjin,1920,12.276166666666667
Tianjin,1921,11.852833333333335
Tianjin,1922,11.777166666666668
Tianjin,1923,11.480166666666667
Tianjin,1924,11.736083333333333
Tianjin,1925,11.633416666666667
Tianjin,1926,11.946833333333336
Tianjin,1927,11.997666666666667
Tianjin,1928,11.685249999999998
Tianjin,1929,11.902833333333332
Tianjin,1930,12.00508333333333
Tianjin,1931,11.454000000000002
Tianjin,1932,11.963916666666668
Tianjin,1933,11.215583333333335
Tianjin,1934,11.403416666666667
Tianjin,1935,12.370249999999999
Tianjin,1936,11.083666666666668
Tianjin,1937,11.793833333333334
Tianjin,1938,12.140250000000002
Tianjin,1939,12.368833333333335
Tianjin,1940,12.245583333333336
Tianjin,1941,12.393166666666666
Tianjin,1942,12.40725
Tianjin,1943,12.5625
Tianjin,1944,11.945166666666665
Tianjin,1945,12.340666666666666
Tianjin,1946,12.510166666666665
Tianjin,1947,10.827166666666665
Tianjin,1948,12.573833333333331
Tianjin,1949,12.394916666666667
Tianjin,1950,11.903916666666667
Tianjin,1951,12.02075
Tianjin,1952,11.714333333333334
Tianjin,1953,11.955333333333334
Tianjin,1954,11.335083333333332
Tianjin,1955,12.20875
Tianjin,1956,10.844333333333331
Tianjin,1957,11.16225
Tianjin,1958,12.100166666666667
Tianjin,1959,12.392499999999998
Tianjin,1960,12.235916666666668
Tianjin,1961,12.953416666666664
Tianjin,1962,12.235833333333334
Tianjin,1963,12.3605
Tianjin,1964,11.632333333333333
Tianjin,1965,12.358833333333335
Tianjin,1966,11.865833333333335
Tianjin,1967,11.68566666666667
Tianjin,1968,12.127666666666668
Tianjin,1969,10.856333333333334
Tianjin,1970,11.468583333333333
Tianjin,1971,11.859250000000001
Tianjin,1972,11.9935
Tianjin,1973,12.174749999999998
Tianjin,1974,11.794083333333335
Tianjin,1975,12.993250000000002
Tianjin,1976,11.590666666666666
Tianjin,1977,12.337250000000003
Tianjin,1978,12.42225
Tianjin,1979,11.892083333333334
Tianjin,1980,11.854000000000001
Tianjin,1981,12.216500000000002
Tianjin,1982,12.744000000000002
Tianjin,1983,12.858416666666665
Tianjin,1984,11.704583333333334
Tianjin,1985,11.435666666666668
Tianjin,1986,12.026250000000003
Tianjin,1987,12.349499999999999
Tianjin,1988,12.505916666666666
Tianjin,1989,13.074666666666667
Tianjin,1990,12.716916666666668
Tianjin,1991,12.363333333333332
Tianjin,1992,12.476583333333332
Tianjin,1993,12.46725
Tianjin,1994,13.293166666666666
Tianjin,1995,12.806666666666667
Tianjin,1996,12.305000000000001
Tianjin,1997,13.063749999999999
Tianjin,1998,13.545666666666664
Tianjin,1999,13.397333333333334
Tianjin,2000,12.881250000000001
Tianjin,2001,13.061083333333334
Tianjin,2002,13.388083333333332
Tianjin,2003,12.835833333333333
Tianjin,2004,13.288166666666669
Tianjin,2005,12.893833333333333
Tianjin,2006,13.250583333333333
Tianjin,2007,13.696833333333332
Tianjin,2008,13.124
Tianjin,2009,12.96775
Tianjin,2010,12.2495
Tianjin,2011,12.770250000000003
Tianjin,2012,12.292833333333336
Tianjin,2013,14.138625
Tokyo,1845,11.948166666666667
Tokyo,1846,12.404499999999999
Tokyo,1847,12.207500000000003
Tokyo,1848,12.1365
Tokyo,1849,12.13825
Tokyo,1850,11.71475
Tokyo,1851,11.7615
Tokyo,1852,11.728250000000001
Tokyo,1853,11.857666666666669
Tokyo,1854,12.242833333333332
Tokyo,1855,12.557250000000002
Tokyo,1856,12.058666666666669
Tokyo,1857,11.944416666666669
Tokyo,1858,12.232416666666666
Tokyo,1859,12.153
Tokyo,1860,11.722166666666666
Tokyo,1861,11.78975
Tokyo,1862,11.725666666666669
Tokyo,1863,12.447833333333334
Tokyo,1864,11.951416666666667
Tokyo,1865,12.394666666666668
Tokyo,1866,11.580583333333335
Tokyo,1867,12.455166666666665
Tokyo,1868,12.252166666666668
Tokyo,1869,12.034916666666668
Tokyo,1870,16.115750000000002
Tokyo,1871,12.116416666666666
Tokyo,1872,11.997749999999998
Tokyo,1873,11.532166666666667
Tokyo,1874,12.330083333333333
Tokyo,1875,12.170333333333334
Tokyo,1876,12.388833333333332
Tokyo,1877,12.732249999999999
Tokyo,1878,12.243916666666665
Tokyo,1879,12.815666666666667
Tokyo,1880,12.433166666666663
Tokyo,1881,12.145000000000001
Tokyo,1882,12.286000000000001
Tokyo,1883,11.8375
Tokyo,1884,11.180250000000001
Tokyo,1885,11.532166666666669
Tokyo,1886,12.439500000000002
Tokyo,1887,12.250833333333333
Tokyo,1888,12.013583333333331
Tokyo,1889,11.656916666666666
Tokyo,1890,13.499416666666669
Tokyo,1891,12.423166666666667
Tokyo,1892,12.09875
Tokyo,1893,11.710083333333335
Tokyo,1894,12.923499999999999
Tokyo,1895,12.224583333333333
Tokyo,1896,12.327333333333334
Tokyo,1897,11.724833333333335
Tokyo,1898,12.491666666666667
Tokyo,1899,12.3195
Tokyo,1900,12.106083333333332
Tokyo,1901,12.30625
Tokyo,1902,12.224333333333332
Tokyo,1903,12.335916666666668
Tokyo,1904,12.29325
Tokyo,1905,12.032916666666667
Tokyo,1906,11.661666666666669
Tokyo,1907,11.965916666666665
Tokyo,1908,11.71575
Tokyo,1909,12.039583333333331
Tokyo,1910,12.00275
Tokyo,1911,12.809
Tokyo,1912,12.323500000000001
Tokyo,1913,11.72183333333333
Tokyo,1914,13.098
Tokyo,1915,12.738999999999999
Tokyo,1916,13.102000000000002
Tokyo,1917,12.041666666666666
Tokyo,1918,12.1885
Tokyo,1919,12.591583333333332
Tokyo,1920,12.6885
Tokyo,1921,12.11725
Tokyo,1922,12.859499999999997
Tokyo,1923,12.641583333333335
Tokyo,1924,12.34666666666667
Tokyo,1925,12.190166666666668
Tokyo,1926,11.740583333333333
Tokyo,1927,12.1885
Tokyo,1928,12.423916666666669
Tokyo,1929,12.444666666666665
Tokyo,1930,12.996000000000002
Tokyo,1931,12.161749999999998
Tokyo,1932,12.674083333333334
Tokyo,1933,12.693833333333332
Tokyo,1934,11.847999999999999
Tokyo,1935,12.247416666666668
Tokyo,1936,12.086083333333335
Tokyo,1937,12.864333333333335
Tokyo,1938,12.595333333333334
Tokyo,1939,12.723
Tokyo,1940,12.660083333333334
Tokyo,1941,12.609166666666667
Tokyo,1942,12.797833333333335
Tokyo,1943,12.481583333333331
Tokyo,1944,12.159500000000001
Tokyo,1945,11.624166666666666
Tokyo,1946,12.858416666666669
Tokyo,1947,11.99125
Tokyo,1948,13.175166666666668
Tokyo,1949,12.621083333333333
Tokyo,1950,13.207750000000003
Tokyo,1951,12.720916666666668
Tokyo,1952,12.647166666666665
Tokyo,1953,12.506083333333335
Tokyo,1954,12.761916666666666
Tokyo,1955,13.419749999999999
Tokyo,1956,12.611916666666666
Tokyo,1957,12.661833333333334
Tokyo,1958,13.093583333333335
Tokyo,1959,13.499833333333335
Tokyo,1960,13.256
Tokyo,1961,13.657916666666665
Tokyo,1962,13.00883333333333
Tokyo,1963,12.710416666666667
Tokyo,1964,12.933999999999997
Tokyo,1965,12.26975
Tokyo,1966,12.807416666666668
Tokyo,1967,12.854833333333334
Tokyo,1968,12.749083333333333
Tokyo,1969,12.63541666666667
Tokyo,1970,12.353833333333334
Tokyo,1971,12.515749999999999
Tokyo,1972,13.173250000000001
Tokyo,1973,12.961750000000002
Tokyo,1974,12.23475
Tokyo,1975,12.721583333333333
Tokyo,1976,12.189749999999998
Tokyo,1977,12.938250000000002
Tokyo,1978,13.046166666666666
Tokyo,1979,13.830083333333333
Tokyo,1980,12.353083333333332
Tokyo,1981,12.059916666666666
Tokyo,1982,12.905833333333335
Tokyo,1983,12.635749999999996
Tokyo,1984,11.978166666666665
Tokyo,1985,12.895000000000001
Tokyo,1986,12.215666666666666
Tokyo,1987,13.414
Tokyo,1988,12.444250000000002
Tokyo,1989,13.354166666666666
Tokyo,1990,14.138750000000002
Tokyo,1991,13.315083333333334
Tokyo,1992,12.937833333333332
Tokyo,1993,12.490499999999999
Tokyo,1994,13.779916666666667
Tokyo,1995,12.978083333333332
Tokyo,1996,12.607083333333335
Tokyo,1997,13.433166666666667
Tokyo,1998,13.739500000000001
Tokyo,1999,13.781666666666668
Tokyo,2000,13.501833333333337
Tokyo,2001,13.125833333333334
Tokyo,2002,13.422000000000002
Tokyo,2003,12.8855
Tokyo,2004,14.04725
Tokyo,2005,12.987166666666665
Tokyo,2006,13.280416666666667
Tokyo,2007,13.681333333333336
Tokyo,2008,13.310666666666668
Tokyo,2009,13.54608333333333
Tokyo,2010,13.820500000000001
Tokyo,2011,13.321833333333332
Tokyo,2012,13.113250000000003
Tokyo,2013,13.9115
Toronto,1768,3.5395000000000008
Toronto,1769,6.751125
Toronto,1774,1.0999999999999996
Toronto,1775,6.640249999999999
Toronto,1776,5.690583333333332
Toronto,1777,5.229
Toronto,1778,3.1796
Toronto,1779,6.102666666666667
Toronto,1780,8.701000000000002
Toronto,1781,4.1375
Toronto,1782,4.275999999999999
Toronto,1796,9.955857142857143
Toronto,1797,2.2289999999999996
Toronto,1811,6.8162
Toronto,1812,3.96975
Toronto,1813,6.870111111111111
Toronto,1814,1.316
Toronto,1815,4.519916666666667
Toronto,1816,1.045875
Toronto,1817,4.123583333333333
Toronto,1818,2.6578000000000004
Toronto,1819,-7.437666666666666
Toronto,1820,5.0793333333333335
Toronto,1821,4.877916666666667
Toronto,1822,5.644749999999999
Toronto,1823,4.862750000000001
Toronto,1824,5.376833333333334
Toronto,1825,6.455583333333334
Toronto,1826,6.226583333333334
Toronto,1827,6.031083333333334
Toronto,1828,6.815666666666666
Toronto,1829,5.457833333333333
Toronto,1830,6.234583333333334
Toronto,1831,4.955333333333333
Toronto,1832,5.898666666666668
Toronto,1833,5.881583333333334
Toronto,1834,6.159249999999999
Toronto,1835,5.111833333333333
Toronto,1836,4.2710833333333325
Toronto,1837,4.887499999999999
Toronto,1838,4.48425
Toronto,1839,5.618166666666666
Toronto,1840,5.878
Toronto,1841,5.330333333333333
Toronto,1842,5.74575
Toronto,1843,4.8103333333333325
Toronto,1844,5.802083333333333
Toronto,1845,5.80925
Toronto,1846,6.468333333333334
Toronto,1847,5.108583333333333
Toronto,1848,5.677166666666667
Toronto,1849,5.181583333333332
Toronto,1850,5.447166666666667
Toronto,1851,5.448333333333334
Toronto,1852,5.266583333333333
Toronto,1853,5.6979999999999995
Toronto,1854,5.895250000000001
Toronto,1855,5.163000000000001
Toronto,1856,4.259666666666667
Toronto,1857,4.6410833333333334
Toronto,1858,5.9280833333333325
Toronto,1859,5.539916666666667
Toronto,1860,5.578749999999999
Toronto,1861,5.449916666666667
Toronto,1862,5.210916666666666
Toronto,1863,5.360833333333333
Toronto,1864,5.46975
Toronto,1865,5.699833333333334
Toronto,1866,4.884833333333334
Toronto,1867,5.1115
Toronto,1868,4.590083333333333
Toronto,1869,4.736166666666666
Toronto,1870,6.220750000000002
Toronto,1871,5.257499999999999
Toronto,1872,4.8304166666666655
Toronto,1873,4.639499999999999
Toronto,1874,5.473916666666668
Toronto,1875,3.4665
Toronto,1876,5.407833333333332
Toronto,1877,6.481083333333333
Toronto,1878,7.145666666666668
Toronto,1879,5.3605833333333335
Toronto,1880,6.185749999999999
Toronto,1881,6.313
Toronto,1882,5.966166666666666
Toronto,1883,4.058583333333334
Toronto,1884,5.2899166666666675
Toronto,1885,3.829166666666667
Toronto,1886,5.167583333333333
Toronto,1887,5.301583333333333
Toronto,1888,4.386333333333334
Toronto,1889,5.957000000000001
Toronto,1890,5.709583333333334
Toronto,1891,6.277916666666667
Toronto,1892,5.399000000000001
Toronto,1893,4.829666666666667
Toronto,1894,6.642166666666665
Toronto,1895,5.124666666666667
Toronto,1896,5.752666666666666
Toronto,1897,5.888583333333334
Toronto,1898,6.587916666666666
Toronto,1899,5.697083333333332
Toronto,1900,6.474166666666668
Toronto,1901,5.701833333333333
Toronto,1902,5.797833333333333
Toronto,1903,5.792833333333334
Toronto,1904,3.8545000000000003
Toronto,1905,5.212249999999999
Toronto,1906,6.191583333333334
Toronto,1907,4.829
Toronto,1908,6.22325
Toronto,1909,5.827583333333333
Toronto,1910,5.769666666666666
Toronto,1911,6.425833333333333
Toronto,1912,4.823499999999999
Toronto,1913,6.675833333333333
Toronto,1914,5.591
Toronto,1915,5.99575
Toronto,1916,5.885666666666666
Toronto,1917,3.913416666666666
Toronto,1918,5.5698333333333325
Toronto,1919,6.535333333333334
Toronto,1920,5.237666666666667
Toronto,1921,7.746583333333334
Toronto,1922,6.498583333333333
Toronto,1923,5.490333333333333
Toronto,1924,4.862749999999999
Toronto,1925,5.631833333333333
Toronto,1926,4.341000000000001
Toronto,1927,6.102333333333334
Toronto,1928,5.858
Toronto,1929,5.473
Toronto,1930,6.4430000000000005
Toronto,1931,7.555416666666666
Toronto,1932,6.618916666666667
Toronto,1933,6.6602500000000004
Toronto,1934,5.435750000000001
Toronto,1935,5.598333333333333
Toronto,1936,5.545833333333333
Toronto,1937,6.316083333333334
Toronto,1938,6.905000000000001
Toronto,1939,6.143750000000002
Toronto,1940,5.059
Toronto,1941,6.679916666666666
Toronto,1942,6.256250000000001
Toronto,1943,5.188416666666668
Toronto,1944,6.4879999999999995
Toronto,1945,5.901833333333333
Toronto,1946,6.901416666666667
Toronto,1947,6.180666666666667
Toronto,1948,6.3829166666666675
Toronto,1949,7.314583333333334
Toronto,1950,5.639583333333333
Toronto,1951,6.259083333333334
Toronto,1952,7.013416666666667
Toronto,1953,7.506250000000001
Toronto,1954,6.243083333333334
Toronto,1955,6.974750000000001
Toronto,1956,5.745749999999998
Toronto,1957,6.424916666666667
Toronto,1958,5.624333333333335
Toronto,1959,6.40375
Toronto,1960,5.896833333333333
Toronto,1961,6.461666666666667
Toronto,1962,5.891333333333335
Toronto,1963,5.486583333333335
Toronto,1964,6.504083333333334
Toronto,1965,5.5906666666666665
Toronto,1966,6.028
Toronto,1967,5.6564999999999985
Toronto,1968,6.112666666666667
Toronto,1969,6.034333333333333
Toronto,1970,5.975416666666668
Toronto,1971,6.372083333333335
Toronto,1972,5.221583333333334
Toronto,1973,7.230999999999999
Toronto,1974,6.011666666666667
Toronto,1975,6.749833333333332
Toronto,1976,5.472
Toronto,1977,6.186
Toronto,1978,5.241166666666667
Toronto,1979,5.904833333333333
Toronto,1980,5.47675
Toronto,1981,6.163916666666666
Toronto,1982,6.044333333333333
Toronto,1983,6.784500000000001
Toronto,1984,6.423083333333334
Toronto,1985,6.130666666666667
Toronto,1986,6.555666666666667
Toronto,1987,7.457583333333335
Toronto,1988,6.564916666666668
Toronto,1989,5.702749999999999
Toronto,1990,7.414833333333333
Toronto,1991,7.545083333333333
Toronto,1992,5.789333333333334
Toronto,1993,5.874916666666667
Toronto,1994,5.9465
Toronto,1995,6.380166666666668
Toronto,1996,5.811666666666667
Toronto,1997,6.000166666666668
Toronto,1998,8.540583333333332
Toronto,1999,7.7450833333333335
Toronto,2000,6.6739999999999995
Toronto,2001,7.761666666666667
Toronto,2002,7.482333333333334
Toronto,2003,6.021999999999999
Toronto,2004,6.395833333333333
Toronto,2005,7.216750000000001
Toronto,2006,7.846833333333333
Toronto,2007,7.071333333333333
Toronto,2008,6.5767500000000005
Toronto,2009,6.282583333333334
Toronto,2010,7.774500000000001
Toronto,2011,7.299583333333334
Toronto,2012,8.664666666666667
Toronto,2013,8.459444444444445
Umm Durman,1859,28.1505
Umm Durman,1861,27.112222222222222
Umm Durman,1862,25.2535
Umm Durman,1864,28.69775
Umm Durman,1873,30.12325
Umm Durman,1874,28.384636363636364
Umm Durman,1875,28.087083333333336
Umm Durman,1876,28.419333333333338
Umm Durman,1877,29.017916666666668
Umm Durman,1878,29.273000000000007
Umm Durman,1879,28.710500000000007
Umm Durman,1880,28.934500000000003
Umm Durman,1881,29.238833333333332
Umm Durman,1882,28.64525
Umm Durman,1883,28.466000000000005
Umm Durman,1884,28.311916666666665
Umm Durman,1885,28.594500000000007
Umm Durman,1886,28.417916666666667
Umm Durman,1887,28.456
Umm Durman,1888,28.36841666666666
Umm Durman,1889,29.102166666666665
Umm Durman,1890,29.22908333333333
Umm Durman,1891,29.022499999999997
Umm Durman,1892,28.673
Umm Durman,1893,28.543416666666673
Umm Durman,1894,28.42216666666667
Umm Durman,1895,28.521666666666665
Umm Durman,1896,28.680583333333335
Umm Durman,1897,28.80366666666667
Umm Durman,1898,29.394750000000002
Umm Durman,1899,29.030083333333334
Umm Durman,1900,28.872333333333334
Umm Durman,1901,29.7265
Umm Durman,1902,28.900666666666666
Umm Durman,1903,28.50725
Umm Durman,1904,28.788749999999997
Umm Durman,1905,28.774250000000006
Umm Durman,1906,28.728666666666665
Umm Durman,1907,28.74841666666666
Umm Durman,1908,28.763166666666667
Umm Durman,1909,29.012833333333337
Umm Durman,1910,28.601250000000004
Umm Durman,1911,28.819333333333336
Umm Durman,1912,28.53916666666667
Umm Durman,1913,28.329583333333332
Umm Durman,1914,29.263416666666668
Umm Durman,1915,29.431
Umm Durman,1916,28.3835
Umm Durman,1917,28.32975
Umm Durman,1918,28.679000000000002
Umm Durman,1919,29.492499999999996
Umm Durman,1920,28.239083333333337
Umm Durman,1921,28.71775
Umm Durman,1922,28.595916666666668
Umm Durman,1923,28.49433333333333
Umm Durman,1924,29.1635
Umm Durman,1925,28.853250000000003
Umm Durman,1926,29.002166666666664
Umm Durman,1927,29.33441666666667
Umm Durman,1928,29.87966666666667
Umm Durman,1929,28.98175
Umm Durman,1930,28.80175
Umm Durman,1931,29.54216666666667
Umm Durman,1932,28.961166666666667
Umm Durman,1933,29.535416666666666
Umm Durman,1934,28.999916666666664
Umm Durman,1935,29.118166666666667
Umm Durman,1936,29.491166666666672
Umm Durman,1937,29.088916666666666
Umm Durman,1938,28.864499999999996
Umm Durman,1939,29.4225
Umm Durman,1940,29.48958333333334
Umm Durman,1941,29.58158333333333
Umm Durman,1942,29.45016666666667
Umm Durman,1943,28.651499999999995
Umm Durman,1944,29.058666666666667
Umm Durman,1945,28.86
Umm Durman,1946,28.985666666666674
Umm Durman,1947,29.346333333333334
Umm Durman,1948,28.738500000000002
Umm Durman,1949,28.74608333333333
Umm Durman,1950,28.896916666666666
Umm Durman,1951,28.77141666666667
Umm Durman,1952,29.46875
Umm Durman,1953,28.833333333333332
Umm Durman,1954,29.1935
Umm Durman,1955,29.280833333333334
Umm Durman,1956,28.892583333333338
Umm Durman,1957,29.09908333333333
Umm Durman,1958,29.61441666666667
Umm Durman,1959,28.8105
Umm Durman,1960,29.5645
Umm Durman,1961,28.33608333333333
Umm Durman,1962,29.244666666666664
Umm Durman,1963,29.61708333333334
Umm Durman,1964,28.497083333333336
Umm Durman,1965,29.16425
Umm Durman,1966,29.771666666666672
Umm Durman,1967,28.531583333333334
Umm Durman,1968,28.82908333333333
Umm Durman,1969,29.841250000000002
Umm Durman,1970,29.186333333333334
Umm Durman,1971,28.51625
Umm Durman,1972,29.259416666666667
Umm Durman,1973,29.758916666666664
Umm Durman,1974,28.787833333333328
Umm Durman,1975,28.99275
Umm Durman,1976,29.458499999999997
Umm Durman,1977,28.643500000000003
Umm Durman,1978,29.057999999999996
Umm Durman,1979,29.715000000000003
Umm Durman,1980,29.68625
Umm Durman,1981,29.307500000000005
Umm Durman,1982,29.003833333333336
Umm Durman,1983,28.982083333333335
Umm Durman,1984,30.028000000000002
Umm Durman,1985,29.610833333333332
Umm Durman,1986,29.201916666666666
Umm Durman,1987,29.758
Umm Durman,1988,29.452583333333333
Umm Durman,1989,28.791166666666665
Umm Durman,1990,30.04391666666667
Umm Durman,1991,29.618416666666672
Umm Durman,1992,28.788500000000003
Umm Durman,1993,29.57700000000001
Umm Durman,1994,28.8875
Umm Durman,1995,29.240249999999993
Umm Durman,1996,29.60075
Umm Durman,1997,29.42941666666667
Umm Durman,1998,29.709166666666665
Umm Durman,1999,29.82625
Umm Durman,2000,29.62125
Umm Durman,2001,29.805500000000006
Umm Durman,2002,29.989499999999996
Umm Durman,2003,29.679916666666667
Umm Durman,2004,29.890416666666667
Umm Durman,2005,30.168333333333337
Umm Durman,2006,29.551833333333335
Umm Durman,2007,29.584166666666672
Umm Durman,2008,29.91133333333333
Umm Durman,2009,30.460166666666662
Umm Durman,2010,30.730166666666662
Umm Durman,2011,29.96366666666667
Umm Durman,2012,29.961083333333335
Umm Durman,2013,30.6505
Wuhan,1841,15.859
Wuhan,1842,16.3135
Wuhan,1843,16.409000000000002
Wuhan,1844,16.184583333333332
Wuhan,1845,16.195416666666667
Wuhan,1846,16.754583333333333
Wuhan,1847,16.526333333333334
Wuhan,1848,15.975166666666668
Wuhan,1849,16.275
Wuhan,1850,16.376
Wuhan,1851,16.312333333333335
Wuhan,1852,16.366583333333335
Wuhan,1853,16.779333333333337
Wuhan,1854,16.778666666666666
Wuhan,1855,16.48591666666667
Wuhan,1856,16.14275
Wuhan,1857,16.5185
Wuhan,1858,16.33566666666667
Wuhan,1859,16.587166666666665
Wuhan,1860,16.105999999999998
Wuhan,1861,16.153083333333335
Wuhan,1862,15.460416666666667
Wuhan,1863,16.147333333333332
Wuhan,1864,15.844249999999997
Wuhan,1865,16.651750000000003
Wuhan,1866,16.506583333333335
Wuhan,1867,16.832583333333332
Wuhan,1868,16.818166666666666
Wuhan,1869,16.931500000000003
Wuhan,1870,16.856083333333334
Wuhan,1871,16.944166666666668
Wuhan,1872,16.941083333333335
Wuhan,1873,16.690916666666666
Wuhan,1874,16.644000000000002
Wuhan,1875,16.542833333333334
Wuhan,1876,16.465416666666666
Wuhan,1877,16.35983333333333
Wuhan,1878,16.50116666666667
Wuhan,1879,16.90025
Wuhan,1880,16.09775
Wuhan,1881,16.523333333333333
Wuhan,1882,16.4055
Wuhan,1883,16.141250000000003
Wuhan,1884,15.750916666666663
Wuhan,1885,15.81675
Wuhan,1886,15.946416666666666
Wuhan,1887,16.388916666666663
Wuhan,1888,16.629916666666666
Wuhan,1889,16.400750000000002
Wuhan,1890,16.855166666666666
Wuhan,1891,16.71375
Wuhan,1892,16.36358333333333
Wuhan,1893,16.091083333333334
Wuhan,1894,16.743583333333337
Wuhan,1895,16.254500000000004
Wuhan,1896,16.565833333333337
Wuhan,1897,16.492
Wuhan,1898,16.947916666666668
Wuhan,1899,16.657583333333335
Wuhan,1900,16.54683333333333
Wuhan,1901,16.42591666666667
Wuhan,1902,17.226333333333333
Wuhan,1903,16.400750000000002
Wuhan,1904,16.52991666666667
Wuhan,1905,15.881416666666667
Wuhan,1906,16.32916666666667
Wuhan,1907,16.546
Wuhan,1908,16.693083333333334
Wuhan,1909,16.733416666666667
Wuhan,1910,16.045166666666667
Wuhan,1911,16.22525
Wuhan,1912,16.48141666666667
Wuhan,1913,16.499166666666664
Wuhan,1914,17.374249999999996
Wuhan,1915,16.686333333333334
Wuhan,1916,16.108500000000003
Wuhan,1917,16.230833333333333
Wuhan,1918,16.306166666666666
Wuhan,1919,16.997000000000003
Wuhan,1920,16.662
Wuhan,1921,16.657
Wuhan,1922,17.136916666666668
Wuhan,1923,17.013583333333333
Wuhan,1924,16.817916666666665
Wuhan,1925,17.118666666666666
Wuhan,1926,17.073333333333334
Wuhan,1927,17.14225
Wuhan,1928,17.4235
Wuhan,1929,16.835083333333333
Wuhan,1930,16.769333333333332
Wuhan,1931,16.41875
Wuhan,1932,17.041666666666668
Wuhan,1933,16.61491666666667
Wuhan,1934,16.886
Wuhan,1935,17.16725
Wuhan,1936,16.65975
Wuhan,1937,16.77091666666667
Wuhan,1938,17.432916666666667
Wuhan,1939,17.120416666666667
Wuhan,1940,17.33491666666667
Wuhan,1941,17.409916666666668
Wuhan,1942,17.39891666666667
Wuhan,1943,17.13225
Wuhan,1944,16.858583333333332
Wuhan,1945,17.200416666666666
Wuhan,1946,17.79525
Wuhan,1947,17.151833333333332
Wuhan,1948,17.234333333333336
Wuhan,1949,17.35725
Wuhan,1950,17.0215
Wuhan,1951,16.96441666666667
Wuhan,1952,16.887749999999993
Wuhan,1953,17.458583333333333
Wuhan,1954,16.507833333333334
Wuhan,1955,16.897166666666667
Wuhan,1956,16.495583333333332
Wuhan,1957,16.491416666666662
Wuhan,1958,16.946083333333334
Wuhan,1959,17.35891666666667
Wuhan,1960,17.117416666666667
Wuhan,1961,17.807499999999997
Wuhan,1962,17.113666666666667
Wuhan,1963,17.471750000000004
Wuhan,1964,17.140166666666666
Wuhan,1965,17.032333333333334
Wuhan,1966,17.295083333333334
Wuhan,1967,16.800749999999997
Wuhan,1968,17.28316666666667
Wuhan,1969,16.4515
Wuhan,1970,16.59783333333333
Wuhan,1971,16.7425
Wuhan,1972,16.63575
Wuhan,1973,17.133416666666662
Wuhan,1974,16.877666666666666
Wuhan,1975,17.076166666666666
Wuhan,1976,16.654666666666667
Wuhan,1977,16.943583333333333
Wuhan,1978,17.611
Wuhan,1979,17.5305
Wuhan,1980,16.625833333333336
Wuhan,1981,16.847916666666666
Wuhan,1982,16.88233333333333
Wuhan,1983,17.153250000000003
Wuhan,1984,16.400416666666665
Wuhan,1985,16.810416666666665
Wuhan,1986,17.025333333333332
Wuhan,1987,17.170833333333334
Wuhan,1988,17.04275
Wuhan,1989,16.777583333333336
Wuhan,1990,17.65341666666667
Wuhan,1991,16.905333333333335
Wuhan,1992,17.151333333333337
Wuhan,1993,16.646333333333335
Wuhan,1994,17.5415
Wuhan,1995,17.327749999999998
Wuhan,1996,16.895083333333332
Wuhan,1997,17.427833333333336
Wuhan,1998,18.163166666666665
Wuhan,1999,17.609
Wuhan,2000,17.442666666666668
Wuhan,2001,17.689666666666668
Wuhan,2002,17.788
Wuhan,2003,17.482000000000003
Wuhan,2004,17.97458333333333
Wuhan,2005,17.548750000000002
Wuhan,2006,18.030916666666666
Wuhan,2007,18.24066666666667
Wuhan,2008,17.597583333333336
Wuhan,2009,17.816750000000003
Wuhan,2010,17.568250000000003
Wuhan,2011,17.387583333333332
Wuhan,2012,17.153333333333332
Wuhan,2013,19.2855
Xian,1820,9.5504
Xian,1821,11.119750000000002
Xian,1822,11.163749999999999
Xian,1823,11.75981818181818
Xian,1837,21.18733333333333
Xian,1840,10.813416666666667
Xian,1841,10.262916666666667
Xian,1842,11.047916666666666
Xian,1843,11.117833333333332
Xian,1844,11.009166666666667
Xian,1845,10.909666666666668
Xian,1846,11.487666666666668
Xian,1847,11.236999999999997
Xian,1848,10.790416666666667
Xian,1849,10.943416666666666
Xian,1850,10.764000000000001
Xian,1851,10.697666666666665
Xian,1852,10.732916666666668
Xian,1853,11.053916666666666
Xian,1854,11.292166666666667
Xian,1855,11.203666666666669
Xian,1856,10.890666666666668
Xian,1857,10.912749999999997
Xian,1858,11.135583333333335
Xian,1859,11.377000000000002
Xian,1860,10.500083333333333
Xian,1861,10.685500000000003
Xian,1862,10.140666666666668
Xian,1863,11.145416666666668
Xian,1864,10.49725
Xian,1865,11.139000000000001
Xian,1866,11.281666666666666
Xian,1867,10.425272727272729
Xian,1868,11.357416666666666
Xian,1869,11.589500000000001
Xian,1870,11.113916666666666
Xian,1871,11.358333333333334
Xian,1872,11.350416666666668
Xian,1873,11.583750000000002
Xian,1874,11.40525
Xian,1875,11.252166666666668
Xian,1876,11.404833333333334
Xian,1877,10.923916666666669
Xian,1878,11.224916666666665
Xian,1879,11.433333333333332
Xian,1880,10.850833333333334
Xian,1881,11.232166666666664
Xian,1882,11.283166666666666
Xian,1883,10.848833333333333
Xian,1884,10.540083333333332
Xian,1885,10.58
Xian,1886,10.855416666666665
Xian,1887,10.914166666666667
Xian,1888,10.949916666666665
Xian,1889,10.996166666666669
Xian,1890,11.436583333333331
Xian,1891,11.423833333333333
Xian,1892,11.03558333333333
Xian,1893,10.950499999999998
Xian,1894,11.439833333333334
Xian,1895,10.831083333333332
Xian,1896,11.145583333333333
Xian,1897,11.006333333333332
Xian,1898,11.498666666666667
Xian,1899,11.360750000000001
Xian,1900,11.139583333333333
Xian,1901,11.27975
Xian,1902,11.829916666666668
Xian,1903,11.048333333333332
Xian,1904,11.225833333333332
Xian,1905,10.389000000000001
Xian,1906,10.921333333333331
Xian,1907,11.313333333333333
Xian,1908,11.053333333333333
Xian,1909,11.232999999999999
Xian,1910,10.745249999999997
Xian,1911,10.799583333333333
Xian,1912,10.773166666666668
Xian,1913,11.04316666666667
Xian,1914,11.753500000000003
Xian,1915,11.195583333333332
Xian,1916,10.960583333333334
Xian,1917,10.970083333333333
Xian,1918,10.720083333333333
Xian,1919,11.638666666666666
Xian,1920,11.686666666666666
Xian,1921,11.247416666666666
Xian,1922,11.728166666666665
Xian,1923,11.643916666666664
Xian,1924,11.667916666666665
Xian,1925,11.499916666666666
Xian,1926,11.686749999999998
Xian,1927,11.894166666666669
Xian,1928,12.158833333333334
Xian,1929,11.650583333333335
Xian,1930,11.47025
Xian,1931,11.617916666666668
Xian,1932,12.502749999999999
Xian,1933,11.880749999999999
Xian,1934,11.311583333333333
Xian,1935,11.682166666666667
Xian,1936,11.222333333333337
Xian,1937,11.510250000000001
Xian,1938,11.78075
Xian,1939,12.161249999999997
Xian,1940,11.932916666666666
Xian,1941,12.609166666666667
Xian,1942,12.424
Xian,1943,11.823333333333332
Xian,1944,11.491833333333334
Xian,1945,12.1785
Xian,1946,12.237583333333333
Xian,1947,11.987083333333333
Xian,1948,11.817083333333331
Xian,1949,11.799166666666666
Xian,1950,11.395166666666668
Xian,1951,11.480666666666666
Xian,1952,11.520416666666668
Xian,1953,12.03075
Xian,1954,11.159833333333333
Xian,1955,11.704666666666666
Xian,1956,11.064333333333332
Xian,1957,11.580499999999999
Xian,1958,11.651249999999997
Xian,1959,11.921750000000001
Xian,1960,11.891083333333334
Xian,1961,12.025166666666665
Xian,1962,11.700000000000001
Xian,1963,11.48075
Xian,1964,11.182
Xian,1965,11.818083333333332
Xian,1966,12.1595
Xian,1967,10.957749999999999
Xian,1968,11.514916666666666
Xian,1969,11.471833333333334
Xian,1970,11.358166666666667
Xian,1971,11.519333333333334
Xian,1972,11.50775
Xian,1973,12.226666666666667
Xian,1974,11.41216666666667
Xian,1975,11.545749999999998
Xian,1976,10.988083333333334
Xian,1977,12.035416666666668
Xian,1978,12.114166666666668
Xian,1979,12.051583333333335
Xian,1980,11.450916666666666
Xian,1981,11.556583333333334
Xian,1982,11.65825
Xian,1983,11.321416666666666
Xian,1984,10.875
Xian,1985,11.317750000000002
Xian,1986,11.688166666666666
Xian,1987,12.262583333333332
Xian,1988,11.629416666666666
Xian,1989,11.483833333333331
Xian,1990,12.088999999999999
Xian,1991,11.788000000000002
Xian,1992,11.459416666666668
Xian,1993,11.16925
Xian,1994,12.141833333333333
Xian,1995,12.253250000000001
Xian,1996,11.364333333333335
Xian,1997,12.501083333333334
Xian,1998,12.801833333333335
Xian,1999,12.695500000000001
Xian,2000,12.182
Xian,2001,12.431833333333335
Xian,2002,12.816000000000003
Xian,2003,11.895750000000001
Xian,2004,12.494916666666667
Xian,2005,12.244750000000002
Xian,2006,12.99075
Xian,2007,12.765833333333333
Xian,2008,12.128749999999998
Xian,2009,12.528416666666667
Xian,2010,12.58975
Xian,2011,12.075166666666668
Xian,2012,11.898166666666668
Xian,2013,14.46
