Country,Year,avg_country_temp
Afghanistan,1838,18.37957142857143
Afghanistan,1840,13.413454545454545
Afghanistan,1841,13.997599999999997
Afghanistan,1842,15.154666666666666
Afghanistan,1843,13.75625
Afghanistan,1844,13.14875
Afghanistan,1845,13.305833333333338
Afghanistan,1846,14.030833333333332
Afghanistan,1847,13.475583333333335
Afghanistan,1848,13.136250000000004
Afghanistan,1849,13.444416666666669
Afghanistan,1850,13.326083333333335
Afghanistan,1851,13.60566666666667
Afghanistan,1852,13.541166666666667
Afghanistan,1853,13.455833333333336
Afghanistan,1854,13.605749999999999
Afghanistan,1855,13.923833333333334
Afghanistan,1856,13.464666666666666
Afghanistan,1857,13.074416666666666
Afghanistan,1858,13.664166666666668
Afghanistan,1859,13.911583333333338
Afghanistan,1860,13.404583333333335
Afghanistan,1861,13.26975
Afghanistan,1862,12.935333333333334
Afghanistan,1863,13.638999999999998
Afghanistan,1864,13.175666666666666
Afghanistan,1865,13.49075
Afghanistan,1866,13.417833333333334
Afghanistan,1867,13.975166666666667
Afghanistan,1868,13.693499999999998
Afghanistan,1869,13.778083333333335
Afghanistan,1870,13.799333333333335
Afghanistan,1871,13.631
Afghanistan,1872,13.88275
Afghanistan,1873,13.995916666666666
Afghanistan,1874,13.890583333333334
Afghanistan,1875,14.173333333333334
Afghanistan,1876,13.564916666666667
Afghanistan,1877,13.715249999999997
Afghanistan,1878,13.877416666666667
Afghanistan,1879,13.928000000000003
Afghanistan,1880,14.199749999999996
Afghanistan,1881,14.270333333333333
Afghanistan,1882,13.434166666666664
Afghanistan,1883,13.600833333333334
Afghanistan,1884,13.381833333333331
Afghanistan,1885,13.031583333333332
Afghanistan,1886,13.200583333333336
Afghanistan,1887,13.641416666666666
Afghanistan,1888,14.243166666666667
Afghanistan,1889,13.727333333333336
Afghanistan,1890,13.722250000000003
Afghanistan,1891,13.237250000000001
Afghanistan,1892,14.075999999999999
Afghanistan,1893,13.436749999999998
Afghanistan,1894,13.46675
Afghanistan,1895,13.981749999999998
Afghanistan,1896,14.09875
Afghanistan,1897,13.549749999999998
Afghanistan,1898,13.461583333333335
Afghanistan,1899,14.395833333333336
Afghanistan,1900,13.749333333333334
Afghanistan,1901,13.894
Afghanistan,1902,14.505833333333335
Afghanistan,1903,12.986416666666665
Afghanistan,1904,13.805750000000002
Afghanistan,1905,13.385666666666665
Afghanistan,1906,13.884916666666667
Afghanistan,1907,13.35291666666667
Afghanistan,1908,13.699166666666665
Afghanistan,1909,13.925416666666669
Afghanistan,1910,13.216499999999998
Afghanistan,1911,13.385
Afghanistan,1912,13.902666666666667
Afghanistan,1913,13.859250000000001
Afghanistan,1914,14.296833333333334
Afghanistan,1915,14.914583333333335
Afghanistan,1916,13.342999999999998
Afghanistan,1917,13.916500000000001
Afghanistan,1918,13.48325
Afghanistan,1919,13.880916666666666
Afghanistan,1920,13.036499999999998
Afghanistan,1921,14.171583333333336
Afghanistan,1922,14.255499999999998
Afghanistan,1923,13.338916666666664
Afghanistan,1924,13.629
Afghanistan,1925,13.931750000000001
Afghanistan,1926,13.745333333333333
Afghanistan,1927,13.84458333333333
Afghanistan,1928,13.633000000000001
Afghanistan,1929,13.48175
Afghanistan,1930,13.330583333333335
Afghanistan,1931,13.4475
Afghanistan,1932,13.664666666666669
Afghanistan,1933,13.882916666666667
Afghanistan,1934,13.341416666666667
Afghanistan,1935,13.296250000000002
Afghanistan,1936,14.007416666666664
Afghanistan,1937,13.571583333333331
Afghanistan,1938,14.211250000000001
Afghanistan,1939,14.161916666666668
Afghanistan,1940,14.733999999999996
Afghanistan,1941,15.50275
Afghanistan,1942,14.451166666666671
Afghanistan,1943,13.707833333333332
Afghanistan,1944,14.291749999999999
Afghanistan,1945,13.86625
Afghanistan,1946,14.594666666666667
Afghanistan,1947,15.035083333333334
Afghanistan,1948,14.335250000000002
Afghanistan,1949,13.350083333333336
Afghanistan,1950,13.0435
Afghanistan,1951,13.967750000000002
Afghanistan,1952,14.175416666666669
Afghanistan,1953,14.65075
Afghanistan,1954,13.691333333333333
Afghanistan,1955,14.642583333333333
Afghanistan,1956,14.191083333333333
Afghanistan,1957,12.777166666666668
Afghanistan,1958,14.716750000000003
Afghanistan,1959,14.152583333333334
Afghanistan,1960,13.985416666666666
Afghanistan,1961,14.064916666666669
Afghanistan,1962,13.768666666666666
Afghanistan,1963,15.033416666666668
Afghanistan,1964,13.084916666666667
Afghanistan,1965,14.101833333333333
Afghanistan,1966,14.343000000000002
Afghanistan,1967,13.663249999999998
Afghanistan,1968,13.762333333333332
Afghanistan,1969,13.805083333333334
Afghanistan,1970,14.783083333333332
Afghanistan,1971,14.823500000000003
Afghanistan,1972,12.547166666666667
Afghanistan,1973,14.235500000000002
Afghanistan,1974,13.31675
Afghanistan,1975,13.54808333333333
Afghanistan,1976,13.708583333333332
Afghanistan,1977,14.805416666666668
Afghanistan,1978,14.329666666666668
Afghanistan,1979,14.262083333333335
Afghanistan,1980,14.887333333333332
Afghanistan,1981,14.860083333333336
Afghanistan,1982,13.733083333333333
Afghanistan,1983,14.614833333333332
Afghanistan,1984,14.245833333333335
Afghanistan,1985,14.88875
Afghanistan,1986,14.223166666666666
Afghanistan,1987,14.984
Afghanistan,1988,15.389000000000001
Afghanistan,1989,14.125750000000002
Afghanistan,1990,14.993333333333332
Afghanistan,1991,14.370750000000001
Afghanistan,1992,14.056083333333335
Afghanistan,1993,14.43925
Afghanistan,1994,14.75475
Afghanistan,1995,14.859166666666667
Afghanistan,1996,14.426000000000002
Afghanistan,1997,14.904000000000002
Afghanistan,1998,15.132499999999999
Afghanistan,1999,15.388750000000002
Afghanistan,2000,15.497833333333332
Afghanistan,2001,15.778083333333335
Afghanistan,2002,15.537666666666667
Afghanistan,2003,14.916000000000002
Afghanistan,2004,15.770916666666666
Afghanistan,2005,14.980000000000002
Afghanistan,2006,15.595583333333332
Afghanistan,2007,15.106166666666667
Afghanistan,2008,15.216499999999998
Afghanistan,2009,15.257750000000001
Afghanistan,2010,15.828666666666669
Afghanistan,2011,15.518
Afghanistan,2012,14.481583333333333
Afghanistan,2013,16.533625
Angola,1857,21.286571428571424
Angola,1858,21.511374999999997
Angola,1859,21.1894
Angola,1860,21.121555555555556
Angola,1861,20.879399999999997
Angola,1862,21.65575
Angola,1873,21.249375000000004
Angola,1874,21.774727272727276
Angola,1875,21.15416666666667
Angola,1876,21.474111111111107
Angola,1877,21.692666666666664
Angola,1878,21.752916666666668
Angola,1879,20.934583333333332
Angola,1880,20.630750000000003
Angola,1881,20.939500000000002
Angola,1882,21.19175
Angola,1883,21.172166666666666
Angola,1884,20.959500000000002
Angola,1885,21.557583333333337
Angola,1886,21.551166666666663
Angola,1887,21.137
Angola,1888,21.125833333333333
Angola,1889,21.893083333333333
Angola,1890,20.81675
Angola,1891,21.106416666666668
Angola,1892,21.049750000000003
Angola,1893,21.510833333333334
Angola,1894,21.446583333333336
Angola,1895,21.525333333333336
Angola,1896,21.66691666666667
Angola,1897,21.646833333333333
Angola,1898,21.221083333333336
Angola,1899,21.55775
Angola,1900,21.78991666666667
Angola,1901,21.751416666666668
Angola,1902,21.63575
Angola,1903,21.584750000000003
Angola,1904,20.819250000000004
Angola,1905,21.504416666666668
Angola,1906,21.331750000000003
Angola,1907,21.050833333333333
Angola,1908,21.349666666666668
Angola,1909,21.605249999999998
Angola,1910,21.58791666666667
Angola,1911,21.224333333333334
Angola,1912,21.92391666666667
Angola,1913,21.823666666666664
Angola,1914,21.732416666666666
Angola,1915,21.744583333333335
Angola,1916,21.97875
Angola,1917,21.675416666666663
Angola,1918,20.944833333333335
Angola,1919,21.259666666666668
Angola,1920,21.78383333333333
Angola,1921,21.927083333333332
Angola,1922,21.910416666666666
Angola,1923,21.62183333333333
Angola,1924,22.01
Angola,1925,21.546333333333333
Angola,1926,21.922666666666668
Angola,1927,21.916249999999994
Angola,1928,22.111583333333332
Angola,1929,21.864166666666666
Angola,1930,21.61883333333333
Angola,1931,22.054
Angola,1932,21.623166666666666
Angola,1933,21.835083333333333
Angola,1934,21.980249999999995
Angola,1935,21.741083333333332
Angola,1936,21.534333333333336
Angola,1937,21.73625
Angola,1938,21.733583333333332
Angola,1939,21.52616666666667
Angola,1940,21.750583333333328
Angola,1941,22.307916666666667
Angola,1942,21.892083333333332
Angola,1943,21.67683333333333
Angola,1944,22.164083333333334
Angola,1945,21.995916666666663
Angola,1946,22.16033333333333
Angola,1947,22.126
Angola,1948,21.896333333333335
Angola,1949,21.928250000000002
Angola,1950,21.57183333333333
Angola,1951,22.002166666666668
Angola,1952,22.18766666666667
Angola,1953,21.724833333333336
Angola,1954,21.566999999999997
Angola,1955,21.578249999999997
Angola,1956,21.521916666666666
Angola,1957,21.9915
Angola,1958,22.020249999999994
Angola,1959,22.081666666666663
Angola,1960,21.927083333333332
Angola,1961,21.938750000000002
Angola,1962,21.84866666666667
Angola,1963,21.83775
Angola,1964,21.68641666666667
Angola,1965,21.81991666666667
Angola,1966,22.10325
Angola,1967,21.776416666666666
Angola,1968,21.748166666666666
Angola,1969,22.1905
Angola,1970,22.149833333333333
Angola,1971,21.837
Angola,1972,22.011
Angola,1973,22.349666666666664
Angola,1974,21.623499999999996
Angola,1975,21.738916666666665
Angola,1976,21.44741666666667
Angola,1977,21.95075
Angola,1978,21.816999999999997
Angola,1979,22.14475
Angola,1980,22.077583333333337
Angola,1981,22.02791666666667
Angola,1982,21.819999999999997
Angola,1983,22.367250000000002
Angola,1984,22.356166666666667
Angola,1985,22.021833333333333
Angola,1986,22.03625
Angola,1987,22.749916666666667
Angola,1988,22.412333333333333
Angola,1989,22.12216666666667
Angola,1990,22.466416666666664
Angola,1991,22.095416666666665
Angola,1992,22.498583333333332
Angola,1993,22.290999999999997
Angola,1994,22.18941666666667
Angola,1995,22.936166666666665
Angola,1996,22.479249999999993
Angola,1997,22.317166666666665
Angola,1998,23.120166666666666
Angola,1999,22.38208333333333
Angola,2000,22.36066666666667
Angola,2001,22.502916666666668
Angola,2002,22.9255
Angola,2003,23.06658333333333
Angola,2004,22.57283333333333
Angola,2005,22.96608333333333
Angola,2006,21.947083333333335
Angola,2007,22.42708333333334
Angola,2008,22.287333333333336
Angola,2009,22.3165
Angola,2010,22.6815
Angola,2011,22.029666666666667
Angola,2012,22.123333333333335
Angola,2013,22.507875000000002
Australia,1852,20.1885
Australia,1853,20.95825
Australia,1854,20.284777777777776
Australia,1855,20.149105263157892
Australia,1856,21.14833333333333
Australia,1857,20.966416666666664
Australia,1858,21.329833333333333
Australia,1859,21.188916666666668
Australia,1860,21.245500000000003
Australia,1861,21.197499999999998
Australia,1862,21.155416666666667
Australia,1863,21.309
Australia,1864,21.04425
Australia,1865,21.217833333333335
Australia,1866,21.416999999999998
Australia,1867,21.643833333333333
Australia,1868,21.44758333333333
Australia,1869,21.521583333333336
Australia,1870,21.42833333333333
Australia,1871,21.459666666666664
Australia,1872,21.206916666666668
Australia,1873,21.15758333333333
Australia,1874,21.126166666666666
Australia,1875,21.054416666666665
Australia,1876,21.087333333333337
Australia,1877,21.64108333333333
Australia,1878,22.380666666666666
Australia,1879,21.184666666666665
Australia,1880,21.661250000000006
Australia,1881,21.7925
Australia,1882,21.64741666666667
Australia,1883,21.520666666666667
Australia,1884,21.549833333333336
Australia,1885,21.421916666666664
Australia,1886,21.450166666666664
Australia,1887,21.154999999999998
Australia,1888,21.954916666666666
Australia,1889,22.17408333333334
Australia,1890,21.479916666666668
Australia,1891,20.834
Australia,1892,21.541750000000004
Australia,1893,21.646416666666664
Australia,1894,20.917416666666668
Australia,1895,21.233083333333337
Australia,1896,21.3965
Australia,1897,21.8175
Australia,1898,21.570916666666665
Australia,1899,21.186916666666665
Australia,1900,21.76658333333333
Australia,1901,21.582583333333332
Australia,1902,21.597916666666663
Australia,1903,21.17675
Australia,1904,20.970833333333335
Australia,1905,21.1775
Australia,1906,21.885
Australia,1907,21.2945
Australia,1908,20.864500000000003
Australia,1909,21.05275
Australia,1910,21.569083333333335
Australia,1911,21.347916666666663
Australia,1912,21.826166666666666
Australia,1913,21.187833333333334
Australia,1914,22.186333333333334
Australia,1915,22.144833333333334
Australia,1916,21.504416666666668
Australia,1917,20.771500000000003
Australia,1918,21.36933333333333
Australia,1919,21.828583333333338
Australia,1920,21.324416666666668
Australia,1921,21.680083333333332
Australia,1922,21.449750000000005
Australia,1923,21.536833333333334
Australia,1924,21.21258333333333
Australia,1925,21.09783333333333
Australia,1926,21.702583333333333
Australia,1927,21.397833333333335
Australia,1928,22.01908333333333
Australia,1929,21.10125
Australia,1930,21.640833333333333
Australia,1931,21.239083333333333
Australia,1932,21.459666666666664
Australia,1933,21.386499999999998
Australia,1934,21.507083333333338
Australia,1935,21.397416666666672
Australia,1936,21.716333333333335
Australia,1937,21.52733333333333
Australia,1938,22.08875
Australia,1939,21.34
Australia,1940,21.681583333333332
Australia,1941,21.36283333333333
Australia,1942,21.926416666666668
Australia,1943,21.31716666666667
Australia,1944,21.530166666666663
Australia,1945,21.604083333333335
Australia,1946,21.241249999999997
Australia,1947,21.590249999999997
Australia,1948,21.459500000000002
Australia,1949,20.984916666666663
Australia,1950,21.322916666666668
Australia,1951,21.557000000000002
Australia,1952,21.487000000000005
Australia,1953,21.47458333333333
Australia,1954,21.558666666666667
Australia,1955,21.563083333333335
Australia,1956,21.006
Australia,1957,21.902666666666665
Australia,1958,21.997250000000005
Australia,1959,22.09816666666667
Australia,1960,21.2105
Australia,1961,21.964249999999996
Australia,1962,21.802916666666665
Australia,1963,21.697833333333335
Australia,1964,21.65075
Australia,1965,22.092083333333335
Australia,1966,21.361000000000004
Australia,1967,21.625416666666666
Australia,1968,21.462166666666665
Australia,1969,21.847583333333336
Australia,1970,21.775750000000002
Australia,1971,21.65433333333333
Australia,1972,22.012083333333337
Australia,1973,22.41275
Australia,1974,21.238083333333332
Australia,1975,21.69266666666667
Australia,1976,21.193416666666664
Australia,1977,21.8925
Australia,1978,21.605166666666666
Australia,1979,22.25233333333333
Australia,1980,22.58616666666667
Australia,1981,22.164083333333334
Australia,1982,21.910499999999995
Australia,1983,22.261083333333332
Australia,1984,21.516916666666663
Australia,1985,22.04341666666667
Australia,1986,22.093249999999998
Australia,1987,22.07241666666667
Australia,1988,22.630083333333335
Australia,1989,21.86283333333333
Australia,1990,22.35575
Australia,1991,22.48741666666667
Australia,1992,21.93258333333333
Australia,1993,22.16016666666667
Australia,1994,22.03025
Australia,1995,21.955166666666667
Australia,1996,22.325333333333333
Australia,1997,22.086000000000002
Australia,1998,22.664833333333334
Australia,1999,22.0645
Australia,2000,21.709666666666664
Australia,2001,21.79275
Australia,2002,22.46083333333333
Australia,2003,22.44033333333333
Australia,2004,22.286916666666666
Australia,2005,22.896833333333337
Australia,2006,22.264416666666666
Australia,2007,22.48675
Australia,2008,22.225916666666667
Australia,2009,22.690583333333333
Australia,2010,22.078166666666664
Australia,2011,21.767
Australia,2012,22.0245
Australia,2013,22.142875
Bangladesh,1796,24.681499999999996
Bangladesh,1797,25.666800000000002
Bangladesh,1798,24.581699999999998
Bangladesh,1799,24.938666666666663
Bangladesh,1800,24.86808333333333
Bangladesh,1801,24.504200000000004
Bangladesh,1802,25.297250000000002
Bangladesh,1803,25.05
Bangladesh,1804,25.357583333333334
Bangladesh,1805,24.965666666666664
Bangladesh,1806,24.881916666666665
Bangladesh,1807,24.5519
Bangladesh,1813,24.22283333333333
Bangladesh,1814,23.84018181818182
Bangladesh,1815,23.75041666666667
Bangladesh,1816,23.499583333333334
Bangladesh,1817,23.533833333333334
Bangladesh,1818,23.64883333333333
Bangladesh,1819,23.351583333333338
Bangladesh,1820,23.666000000000007
Bangladesh,1821,24.572750000000003
Bangladesh,1822,24.766916666666663
Bangladesh,1823,24.399
Bangladesh,1824,24.964166666666667
Bangladesh,1825,24.77083333333334
Bangladesh,1826,24.78358333333333
Bangladesh,1827,25.000583333333328
Bangladesh,1828,24.56358333333333
Bangladesh,1829,24.37325
Bangladesh,1830,24.713666666666665
Bangladesh,1831,24.10433333333334
Bangladesh,1832,24.435700000000004
Bangladesh,1833,24.551750000000002
Bangladesh,1834,24.34883333333333
Bangladesh,1835,23.32575
Bangladesh,1836,24.350166666666667
Bangladesh,1837,24.203000000000003
Bangladesh,1838,24.15158333333333
Bangladesh,1839,24.206666666666667
Bangladesh,1840,24.58075
Bangladesh,1841,24.6735
Bangladesh,1842,24.37691666666667
Bangladesh,1843,24.437
Bangladesh,1844,24.000333333333334
Bangladesh,1845,24.16858333333333
Bangladesh,1846,24.387666666666664
Bangladesh,1847,24.049333333333333
Bangladesh,1848,24.03708333333333
Bangladesh,1849,24.0445
Bangladesh,1850,24.553166666666666
Bangladesh,1851,24.527416666666667
Bangladesh,1852,24.225166666666667
Bangladesh,1853,24.71575
Bangladesh,1854,24.721666666666668
Bangladesh,1855,24.651166666666665
Bangladesh,1856,24.21841666666666
Bangladesh,1857,23.956583333333327
Bangladesh,1858,24.539
Bangladesh,1859,24.608916666666662
Bangladesh,1860,24.334833333333332
Bangladesh,1861,24.262583333333335
Bangladesh,1863,24.47566666666667
Bangladesh,1864,24.304333333333336
Bangladesh,1865,24.668999999999997
Bangladesh,1866,24.770666666666674
Bangladesh,1867,24.75208333333333
Bangladesh,1868,24.402666666666665
Bangladesh,1869,24.389333333333337
Bangladesh,1870,24.46166666666667
Bangladesh,1871,24.674333333333337
Bangladesh,1872,24.678416666666667
Bangladesh,1873,24.68408333333333
Bangladesh,1874,24.476166666666668
Bangladesh,1875,24.53233333333333
Bangladesh,1876,24.454333333333334
Bangladesh,1877,24.412833333333335
Bangladesh,1878,25.089916666666667
Bangladesh,1879,25.095833333333342
Bangladesh,1880,24.55775
Bangladesh,1881,24.555583333333335
Bangladesh,1882,24.75491666666667
Bangladesh,1883,24.317000000000004
Bangladesh,1884,24.171000000000003
Bangladesh,1885,24.604583333333334
Bangladesh,1886,24.75
Bangladesh,1887,24.45075
Bangladesh,1888,24.602000000000004
Bangladesh,1889,25.18558333333333
Bangladesh,1890,24.553416666666667
Bangladesh,1891,24.617999999999995
Bangladesh,1892,24.6915
Bangladesh,1893,23.896666666666665
Bangladesh,1894,24.77083333333334
Bangladesh,1895,24.69525
Bangladesh,1896,25.122416666666666
Bangladesh,1897,25.192000000000004
Bangladesh,1898,24.87925
Bangladesh,1899,24.6045
Bangladesh,1900,25.219083333333334
Bangladesh,1901,25.058499999999995
Bangladesh,1902,24.746333333333336
Bangladesh,1903,24.911250000000006
Bangladesh,1904,24.670666666666666
Bangladesh,1905,24.107916666666664
Bangladesh,1906,24.843166666666665
Bangladesh,1907,24.6725
Bangladesh,1908,24.862583333333333
Bangladesh,1909,24.952416666666664
Bangladesh,1910,24.532833333333333
Bangladesh,1911,24.503500000000003
Bangladesh,1912,24.688666666666666
Bangladesh,1913,24.453916666666668
Bangladesh,1914,24.59966666666666
Bangladesh,1915,25.146749999999997
Bangladesh,1916,24.903499999999998
Bangladesh,1917,24.572750000000003
Bangladesh,1918,24.480000000000004
Bangladesh,1919,25.00016666666666
Bangladesh,1920,24.89091666666667
Bangladesh,1921,24.833166666666667
Bangladesh,1922,25.14325
Bangladesh,1923,24.91225
Bangladesh,1924,25.22433333333333
Bangladesh,1925,24.47066666666667
Bangladesh,1926,24.820000000000004
Bangladesh,1927,24.716166666666666
Bangladesh,1928,25.024083333333337
Bangladesh,1929,24.755916666666668
Bangladesh,1930,24.6845
Bangladesh,1931,25.13791666666667
Bangladesh,1932,25.154083333333336
Bangladesh,1933,24.772583333333333
Bangladesh,1934,24.757583333333333
Bangladesh,1935,24.988583333333334
Bangladesh,1936,24.857416666666666
Bangladesh,1937,24.74441666666667
Bangladesh,1938,25.05383333333333
Bangladesh,1939,25.264083333333335
Bangladesh,1940,24.973583333333337
Bangladesh,1941,25.239583333333332
Bangladesh,1942,25.197583333333338
Bangladesh,1943,24.970083333333335
Bangladesh,1944,24.970083333333335
Bangladesh,1945,24.81816666666667
Bangladesh,1946,25.037916666666664
Bangladesh,1947,25.226916666666668
Bangladesh,1948,24.969499999999996
Bangladesh,1949,24.66016666666667
Bangladesh,1950,25.020333333333337
Bangladesh,1951,25.28216666666667
Bangladesh,1952,25.159166666666664
Bangladesh,1953,25.369750000000007
Bangladesh,1954,25.20941666666666
Bangladesh,1955,25.10016666666667
Bangladesh,1956,24.99525
Bangladesh,1957,25.251999999999995
Bangladesh,1958,25.807499999999994
Bangladesh,1959,24.988916666666665
Bangladesh,1960,25.484250000000003
Bangladesh,1961,25.069750000000003
Bangladesh,1962,25.03291666666667
Bangladesh,1963,25.105583333333332
Bangladesh,1964,25.304583333333337
Bangladesh,1965,25.038500000000003
Bangladesh,1966,25.48433333333334
Bangladesh,1967,24.99241666666667
Bangladesh,1968,24.940500000000004
Bangladesh,1969,25.25433333333333
Bangladesh,1970,25.18658333333333
Bangladesh,1971,24.635166666666667
Bangladesh,1972,25.14383333333333
Bangladesh,1973,25.265583333333336
Bangladesh,1974,25.0395
Bangladesh,1975,25.14391666666667
Bangladesh,1976,25.202166666666667
Bangladesh,1977,25.04658333333333
Bangladesh,1978,25.039
Bangladesh,1979,25.71108333333333
Bangladesh,1980,25.340666666666667
Bangladesh,1981,24.951833333333337
Bangladesh,1982,25.144083333333338
Bangladesh,1983,25.06983333333333
Bangladesh,1984,25.065416666666668
Bangladesh,1985,25.42141666666667
Bangladesh,1986,25.294249999999995
Bangladesh,1987,25.642416666666673
Bangladesh,1988,25.709666666666674
Bangladesh,1989,25.30475
Bangladesh,1990,25.281750000000002
Bangladesh,1991,25.135166666666663
Bangladesh,1992,25.122249999999998
Bangladesh,1993,25.00316666666667
Bangladesh,1994,25.261666666666667
Bangladesh,1995,25.415833333333335
Bangladesh,1996,25.440250000000006
Bangladesh,1997,24.85925
Bangladesh,1998,25.52416666666667
Bangladesh,1999,25.71483333333333
Bangladesh,2000,25.150166666666664
Bangladesh,2001,25.337000000000003
Bangladesh,2002,25.380333333333336
Bangladesh,2003,25.280833333333334
Bangladesh,2004,25.38633333333333
Bangladesh,2005,25.532000000000007
Bangladesh,2006,25.765666666666664
Bangladesh,2007,25.343749999999996
Bangladesh,2008,25.389499999999998
Bangladesh,2009,25.90491666666667
Bangladesh,2010,25.94033333333333
Bangladesh,2011,25.205083333333334
Bangladesh,2012,25.533583333333336
Bangladesh,2013,25.9675
Brazil,1832,23.858583333333332
Brazil,1833,24.51783333333333
Brazil,1834,24.34675
Brazil,1835,23.5375
Brazil,1836,23.92116666666667
Brazil,1837,23.608916666666666
Brazil,1838,23.72691666666667
Brazil,1839,23.804
Brazil,1840,24.097583333333333
Brazil,1841,23.933499999999995
Brazil,1842,24.32075
Brazil,1843,24.440916666666674
Brazil,1845,24.014333333333333
Brazil,1846,24.819999999999997
Brazil,1847,24.196749999999998
Brazil,1848,24.163
Brazil,1849,24.226916666666668
Brazil,1850,24.21181818181818
Brazil,1851,24.34233333333333
Brazil,1852,24.35991666666668
Brazil,1853,24.370249999999988
Brazil,1854,24.46508333333333
Brazil,1855,24.49091666666667
Brazil,1856,23.980507042253514
Brazil,1857,24.01366666666667
Brazil,1858,23.990333333333336
Brazil,1859,24.368
Brazil,1860,24.42025
Brazil,1861,24.10175
Brazil,1862,23.924250000000008
Brazil,1863,24.193500000000004
Brazil,1864,24.131416666666663
Brazil,1865,24.231
Brazil,1866,24.33866666666667
Brazil,1867,24.493250000000003
Brazil,1868,24.610416666666673
Brazil,1869,24.747333333333337
Brazil,1870,24.543333333333337
Brazil,1871,24.436416666666666
Brazil,1872,24.43575
Brazil,1873,24.74175000000001
Brazil,1874,24.38366666666666
Brazil,1875,23.913249999999994
Brazil,1876,24.215999999999994
Brazil,1877,24.840749999999996
Brazil,1878,25.010499999999997
Brazil,1879,24.14716666666666
Brazil,1880,24.34241666666666
Brazil,1881,24.434750000000008
Brazil,1882,24.070000000000004
Brazil,1883,24.088999999999995
Brazil,1884,23.964166666666678
Brazil,1885,24.31133333333333
Brazil,1886,24.00958333333333
Brazil,1887,24.27916666666665
Brazil,1888,24.549999999999997
Brazil,1889,24.638999999999992
Brazil,1890,24.080500000000008
Brazil,1891,24.264083333333332
Brazil,1892,24.150416666666658
Brazil,1893,23.91058333333334
Brazil,1894,24.332750000000004
Brazil,1895,24.467333333333332
Brazil,1896,24.587583333333328
Brazil,1897,24.46774999999999
Brazil,1898,24.365583333333344
Brazil,1899,24.447083333333335
Brazil,1900,24.904833333333325
Brazil,1901,24.77758333333334
Brazil,1902,24.71083333333333
Brazil,1903,24.574583333333337
Brazil,1904,23.995499999999993
Brazil,1905,24.739666666666665
Brazil,1906,24.515749999999997
Brazil,1907,24.340666666666674
Brazil,1908,24.518416666666674
Brazil,1909,24.405083333333327
Brazil,1910,24.41808333333333
Brazil,1911,24.289083333333323
Brazil,1912,24.477500000000006
Brazil,1913,24.595666666666673
Brazil,1914,24.899250000000006
Brazil,1915,25.11858333333334
Brazil,1916,24.442999999999998
Brazil,1917,23.7975
Brazil,1918,24.309500000000007
Brazil,1919,24.83675
Brazil,1920,24.409916666666668
Brazil,1921,24.276250000000005
Brazil,1922,24.500333333333323
Brazil,1923,24.358000000000004
Brazil,1924,24.4315
Brazil,1925,24.537666666666656
Brazil,1926,25.008583333333334
Brazil,1927,24.701833333333326
Brazil,1928,24.93891666666667
Brazil,1929,24.64433333333333
Brazil,1930,24.843833333333336
Brazil,1931,24.79625
Brazil,1932,24.972666666666665
Brazil,1933,24.612499999999997
Brazil,1934,24.64858333333333
Brazil,1935,24.85308333333333
Brazil,1936,25.06108333333334
Brazil,1937,25.050250000000005
Brazil,1938,24.874083333333324
Brazil,1939,24.92991666666666
Brazil,1940,25.114
Brazil,1941,25.19625
Brazil,1942,24.879083333333334
Brazil,1943,24.55841666666666
Brazil,1944,24.90458333333332
Brazil,1945,24.72441666666667
Brazil,1946,24.973666666666663
Brazil,1947,24.695749999999997
Brazil,1948,24.853416666666668
Brazil,1949,24.616833333333336
Brazil,1950,24.639000000000003
Brazil,1951,24.79733333333333
Brazil,1952,24.851666666666674
Brazil,1953,24.995583333333336
Brazil,1954,24.967000000000006
Brazil,1955,24.7655
Brazil,1956,24.479666666666663
Brazil,1957,24.80191666666667
Brazil,1958,25.268083333333333
Brazil,1959,25.15724999999999
Brazil,1960,24.752666666666666
Brazil,1961,25.14641666666666
Brazil,1962,24.842333333333336
Brazil,1963,25.171583333333338
Brazil,1964,24.734083333333338
Brazil,1965,24.983833333333333
Brazil,1966,25.086416666666665
Brazil,1967,25.013666666666687
Brazil,1968,24.631249999999994
Brazil,1969,25.282749999999997
Brazil,1970,25.191083333333342
Brazil,1971,24.608499999999985
Brazil,1972,25.09733333333333
Brazil,1973,25.169583333333335
Brazil,1974,24.5815
Brazil,1975,24.676749999999995
Brazil,1976,24.71900000000001
Brazil,1977,25.132333333333335
Brazil,1978,24.927500000000006
Brazil,1979,24.94433333333334
Brazil,1980,25.147999999999993
Brazil,1981,24.98341666666667
Brazil,1982,25.230333333333334
Brazil,1983,25.350749999999994
Brazil,1984,25.109916666666663
Brazil,1985,24.965666666666657
Brazil,1986,25.13100000000001
Brazil,1987,25.56341666666666
Brazil,1988,25.17733333333333
Brazil,1989,24.87141666666667
Brazil,1990,25.274916666666673
Brazil,1991,25.292166666666667
Brazil,1992,25.25133333333333
Brazil,1993,25.354916666666675
Brazil,1994,25.454666666666654
Brazil,1995,25.554416666666665
Brazil,1996,25.33783333333333
Brazil,1997,25.559416666666674
Brazil,1998,25.958749999999995
Brazil,1999,25.286583333333336
Brazil,2000,25.19650000000001
Brazil,2001,25.50441666666667
Brazil,2002,25.800333333333338
Brazil,2003,25.62100000000001
Brazil,2004,25.496500000000005
Brazil,2005,25.805999999999994
Brazil,2006,25.517000000000003
Brazil,2007,25.667999999999992
Brazil,2008,25.41033333333334
Brazil,2009,25.60058333333333
Brazil,2010,25.812416666666678
Brazil,2011,25.428916666666673
Brazil,2012,25.71708333333333
Brazil,2013,25.348124999999996
Burma,1816,23.132200000000005
Burma,1817,22.370083333333337
Burma,1818,22.808916666666665
Burma,1819,22.322333333333333
Burma,1820,23.152090909090916
Burma,1821,23.382166666666667
Burma,1822,23.540250000000004
Burma,1823,23.54281818181818
Burma,1825,23.640333333333334
Burma,1833,23.380666666666666
Burma,1834,23.284750000000003
Burma,1835,22.30633333333333
Burma,1836,22.86690909090909
Burma,1837,23.13966666666667
Burma,1838,24.748428571428573
Burma,1839,23.873666666666665
Burma,1840,23.36525
Burma,1841,23.702
Burma,1842,23.298666666666666
Burma,1843,23.366416666666666
Burma,1844,22.898416666666666
Burma,1845,22.87666666666667
Burma,1846,23.231916666666667
Burma,1847,22.868166666666667
Burma,1848,22.9515
Burma,1849,23.030583333333336
Burma,1850,23.75609090909091
Burma,1851,23.449454545454554
Burma,1852,23.16725
Burma,1853,23.55433333333333
Burma,1854,23.547666666666668
Burma,1855,23.421833333333336
Burma,1856,23.042083333333334
Burma,1857,22.884083333333333
Burma,1858,23.4055
Burma,1859,23.451666666666664
Burma,1860,23.198999999999998
Burma,1861,23.120249999999995
Burma,1862,19.626
Burma,1863,23.237333333333336
Burma,1864,23.081583333333338
Burma,1865,23.51458333333333
Burma,1866,23.590333333333334
Burma,1867,23.547083333333333
Burma,1868,23.295
Burma,1869,23.093
Burma,1870,23.222583333333333
Burma,1871,23.47708333333333
Burma,1872,23.527916666666666
Burma,1873,23.5385
Burma,1874,23.38591666666667
Burma,1875,23.16875
Burma,1876,23.1735
Burma,1877,23.387250000000005
Burma,1878,24.0745
Burma,1879,23.753833333333333
Burma,1880,23.369833333333336
Burma,1881,23.446416666666664
Burma,1882,23.4885
Burma,1883,23.197249999999997
Burma,1884,22.976083333333335
Burma,1885,23.371333333333336
Burma,1886,23.499416666666665
Burma,1887,23.33441666666667
Burma,1888,23.59475
Burma,1889,23.910500000000003
Burma,1890,23.428583333333332
Burma,1891,23.718999999999998
Burma,1892,23.349499999999995
Burma,1893,22.860750000000007
Burma,1894,23.472333333333335
Burma,1895,23.576999999999998
Burma,1896,23.759749999999997
Burma,1897,24.050416666666663
Burma,1898,23.79791666666667
Burma,1899,23.444833333333335
Burma,1900,24.00191666666667
Burma,1901,23.921750000000003
Burma,1902,23.652083333333337
Burma,1903,23.665666666666667
Burma,1904,23.24033333333334
Burma,1905,23.252916666666664
Burma,1906,23.754083333333337
Burma,1907,23.450666666666674
Burma,1908,23.527416666666664
Burma,1909,23.685000000000002
Burma,1910,23.459500000000002
Burma,1911,23.404416666666666
Burma,1912,23.56866666666667
Burma,1913,23.411916666666666
Burma,1914,23.453999999999997
Burma,1915,23.865666666666666
Burma,1916,23.595333333333333
Burma,1917,23.359416666666664
Burma,1918,23.288583333333335
Burma,1919,24.013833333333327
Burma,1920,23.8025
Burma,1921,23.682333333333336
Burma,1922,23.964833333333335
Burma,1923,23.81008333333334
Burma,1924,24.00375
Burma,1925,23.384083333333333
Burma,1926,23.880416666666665
Burma,1927,23.537333333333333
Burma,1928,23.846333333333334
Burma,1929,23.711249999999996
Burma,1930,23.6555
Burma,1931,24.19183333333334
Burma,1932,23.871750000000002
Burma,1933,23.831999999999997
Burma,1934,23.612083333333334
Burma,1935,23.841833333333337
Burma,1936,23.631916666666665
Burma,1937,23.879499999999997
Burma,1938,23.844333333333335
Burma,1939,23.859750000000002
Burma,1940,23.686916666666665
Burma,1941,24.070999999999998
Burma,1942,24.181083333333333
Burma,1943,23.84033333333333
Burma,1944,24.016583333333333
Burma,1945,23.890166666666662
Burma,1946,24.182916666666667
Burma,1947,24.19241666666667
Burma,1948,23.67475
Burma,1949,23.705499999999997
Burma,1950,23.812083333333337
Burma,1951,23.931166666666666
Burma,1952,24.096833333333336
Burma,1953,24.208750000000006
Burma,1954,24.092583333333334
Burma,1955,23.733500000000003
Burma,1956,23.76433333333333
Burma,1957,24.04483333333333
Burma,1958,24.223333333333333
Burma,1959,23.956499999999995
Burma,1960,24.383083333333335
Burma,1961,24.017916666666665
Burma,1962,23.953166666666664
Burma,1963,23.857833333333335
Burma,1964,24.054
Burma,1965,23.837000000000003
Burma,1966,24.3955
Burma,1967,23.80716666666667
Burma,1968,23.860249999999997
Burma,1969,24.135500000000004
Burma,1970,23.986083333333337
Burma,1971,23.515083333333337
Burma,1972,24.124166666666667
Burma,1973,24.13158333333334
Burma,1974,23.8545
Burma,1975,23.968083333333336
Burma,1976,23.767166666666668
Burma,1977,23.87716666666667
Burma,1978,24.037666666666667
Burma,1979,24.51566666666667
Burma,1980,24.319666666666667
Burma,1981,24.078000000000003
Burma,1982,23.93041666666667
Burma,1983,23.975583333333333
Burma,1984,24.051083333333338
Burma,1985,23.986500000000003
Burma,1986,24.018416666666667
Burma,1987,24.351250000000004
Burma,1988,24.37333333333333
Burma,1989,24.082916666666666
Burma,1990,24.062583333333333
Burma,1991,24.14375
Burma,1992,23.636999999999997
Burma,1993,23.856916666666667
Burma,1994,24.143333333333334
Burma,1995,24.25525
Burma,1996,24.10833333333333
Burma,1997,23.87058333333334
Burma,1998,24.78125
Burma,1999,24.380166666666668
Burma,2000,23.930833333333336
Burma,2001,24.327250000000003
Burma,2002,24.29241666666667
Burma,2003,24.288083333333336
Burma,2004,24.108249999999998
Burma,2005,24.581083333333336
Burma,2006,24.43216666666666
Burma,2007,24.15966666666667
Burma,2008,24.17591666666667
Burma,2009,24.701333333333334
Burma,2010,24.858666666666668
Burma,2011,24.10933333333333
Burma,2012,24.734416666666664
Burma,2013,25.252875
Canada,1768,-7.886749999999999
Canada,1769,-3.427875000000001
Canada,1774,-13.089333333333334
Canada,1775,-4.210833333333334
Canada,1776,-5.4117500000000005
Canada,1777,-5.417416666666668
Canada,1778,-8.7756
Canada,1779,-5.099083333333334
Canada,1780,-1.7666250000000008
Canada,1781,-7.2825
Canada,1782,-7.015000000000001
Canada,1796,0.7927142857142854
Canada,1797,-9.42
Canada,1811,-4.703000000000001
Canada,1812,-7.041083333333332
Canada,1813,-3.3954444444444443
Canada,1814,-9.822666666666665
Canada,1815,-6.4095
Canada,1816,-10.973625
Canada,1817,-6.629666666666666
Canada,1818,-7.9931
Canada,1819,-22.616
Canada,1820,-6.171666666666667
Canada,1821,-5.5603333333333325
Canada,1822,-5.820166666666666
Canada,1823,-6.323416666666668
Canada,1824,-5.171583333333334
Canada,1825,-5.1514999999999995
Canada,1826,-5.165500000000001
Canada,1827,-4.6457500000000005
Canada,1828,-5.0968333333333335
Canada,1829,-5.794416666666668
Canada,1830,-4.868833333333332
Canada,1831,-5.7749999999999995
Canada,1832,-5.927833333333333
Canada,1833,-5.248333333333334
Canada,1834,-5.507416666666667
Canada,1835,-6.423333333333333
Canada,1836,-6.068083333333334
Canada,1837,-6.02775
Canada,1838,-6.2322500000000005
Canada,1839,-5.261916666666667
Canada,1840,-5.652416666666668
Canada,1841,-5.715000000000001
Canada,1842,-5.4089166666666655
Canada,1843,-6.107749999999999
Canada,1844,-6.2556666666666665
Canada,1845,-5.8905
Canada,1846,-4.548083333333332
Canada,1847,-5.724666666666667
Canada,1848,-5.93175
Canada,1849,-6.069583333333334
Canada,1850,-5.53625
Canada,1851,-5.3379166666666675
Canada,1852,-5.358
Canada,1853,-5.590916666666668
Canada,1854,-5.545750000000001
Canada,1855,-5.778083333333334
Canada,1856,-5.46375
Canada,1857,-5.6265833333333335
Canada,1858,-5.746249999999999
Canada,1859,-5.90575
Canada,1860,-5.5
Canada,1861,-5.7914166666666675
Canada,1862,-6.415500000000001
Canada,1863,-5.663166666666666
Canada,1864,-5.450916666666665
Canada,1865,-5.56775
Canada,1866,-5.967916666666667
Canada,1867,-5.722999999999999
Canada,1868,-5.805
Canada,1869,-5.2675
Canada,1870,-4.953666666666666
Canada,1871,-5.559916666666666
Canada,1872,-5.350583333333333
Canada,1873,-5.60925
Canada,1874,-5.387000000000001
Canada,1875,-6.742000000000002
Canada,1876,-5.982583333333333
Canada,1877,-4.232083333333333
Canada,1878,-3.5845
Canada,1879,-5.9084166666666675
Canada,1880,-6.257416666666665
Canada,1881,-5.477416666666666
Canada,1882,-5.717416666666668
Canada,1883,-6.405250000000001
Canada,1884,-6.6605
Canada,1885,-5.717
Canada,1886,-6.162
Canada,1887,-6.8946666666666685
Canada,1888,-6.014500000000001
Canada,1889,-4.999416666666667
Canada,1890,-6.454750000000001
Canada,1891,-5.629666666666668
Canada,1892,-5.338083333333334
Canada,1893,-6.273083333333335
Canada,1894,-5.80125
Canada,1895,-5.452583333333333
Canada,1896,-6.017416666666666
Canada,1897,-5.9479999999999995
Canada,1898,-5.447333333333334
Canada,1899,-6.1385
Canada,1900,-5.01875
Canada,1901,-5.05225
Canada,1902,-5.170916666666668
Canada,1903,-5.302583333333334
Canada,1904,-5.905083333333333
Canada,1905,-5.106416666666668
Canada,1906,-5.049416666666667
Canada,1907,-6.563083333333332
Canada,1908,-5.241416666666667
Canada,1909,-5.907833333333333
Canada,1910,-5.078416666666666
Canada,1911,-5.536833333333333
Canada,1912,-5.233083333333333
Canada,1913,-5.774666666666666
Canada,1914,-5.7781666666666665
Canada,1915,-4.173166666666666
Canada,1916,-5.4701666666666675
Canada,1917,-6.369583333333334
Canada,1918,-5.950749999999999
Canada,1919,-5.369583333333334
Canada,1920,-4.910583333333335
Canada,1921,-4.750416666666667
Canada,1922,-5.726000000000002
Canada,1923,-5.276916666666668
Canada,1924,-4.860166666666667
Canada,1925,-5.264166666666668
Canada,1926,-4.975083333333335
Canada,1927,-5.359583333333333
Canada,1928,-4.286416666666667
Canada,1929,-5.461583333333334
Canada,1930,-4.3614999999999995
Canada,1931,-3.648916666666667
Canada,1932,-5.1725
Canada,1933,-6.116166666666665
Canada,1934,-5.207166666666667
Canada,1935,-5.55725
Canada,1936,-5.971916666666665
Canada,1937,-4.545833333333333
Canada,1938,-4.025333333333333
Canada,1939,-4.918166666666667
Canada,1940,-3.97875
Canada,1941,-4.417333333333334
Canada,1942,-4.302833333333333
Canada,1943,-4.576083333333331
Canada,1944,-3.850333333333334
Canada,1945,-5.003666666666667
Canada,1946,-5.049333333333332
Canada,1947,-4.402916666666667
Canada,1948,-4.888000000000001
Canada,1949,-4.948583333333334
Canada,1950,-5.952916666666668
Canada,1951,-5.393166666666666
Canada,1952,-3.984666666666667
Canada,1953,-3.9576666666666664
Canada,1954,-4.726166666666666
Canada,1955,-4.944999999999999
Canada,1956,-5.617749999999998
Canada,1957,-5.007916666666666
Canada,1958,-4.262250000000001
Canada,1959,-5.228000000000001
Canada,1960,-4.406833333333334
Canada,1961,-5.0681666666666665
Canada,1962,-4.873833333333334
Canada,1963,-4.612083333333333
Canada,1964,-5.457
Canada,1965,-5.516666666666667
Canada,1966,-5.141333333333333
Canada,1967,-5.282083333333333
Canada,1968,-4.6457500000000005
Canada,1969,-4.502333333333333
Canada,1970,-5.103166666666666
Canada,1971,-4.869583333333335
Canada,1972,-6.802916666666668
Canada,1973,-4.1795
Canada,1974,-5.641083333333332
Canada,1975,-4.945666666666666
Canada,1976,-4.790416666666667
Canada,1977,-3.84075
Canada,1978,-5.3005
Canada,1979,-5.00575
Canada,1980,-4.416916666666666
Canada,1981,-2.8672500000000007
Canada,1982,-5.875166666666668
Canada,1983,-4.751750000000001
Canada,1984,-4.63425
Canada,1985,-4.901166666666666
Canada,1986,-4.843916666666666
Canada,1987,-3.3433333333333337
Canada,1988,-4.125166666666667
Canada,1989,-5.073333333333333
Canada,1990,-5.021916666666666
Canada,1991,-4.426666666666667
Canada,1992,-4.928916666666667
Canada,1993,-4.4014999999999995
Canada,1994,-4.433666666666667
Canada,1995,-4.314333333333334
Canada,1996,-4.941166666666668
Canada,1997,-4.2315
Canada,1998,-2.5539166666666655
Canada,1999,-3.1863333333333337
Canada,2000,-4.0259166666666655
Canada,2001,-3.1000833333333335
Canada,2002,-4.362833333333334
Canada,2003,-3.8594999999999993
Canada,2004,-4.9230833333333335
Canada,2005,-3.30875
Canada,2006,-2.460166666666667
Canada,2007,-4.0609166666666665
Canada,2008,-4.29525
Canada,2009,-4.135083333333334
Canada,2010,-1.8879166666666667
Canada,2011,-3.5570833333333334
Canada,2012,-3.176833333333333
Canada,2013,-1.6406666666666672
Chile,1855,7.070124999999999
Chile,1856,8.664083333333332
Chile,1857,8.645916666666666
Chile,1858,8.810249999999998
Chile,1859,9.245583333333334
Chile,1860,8.941083333333333
Chile,1861,8.717583333333334
Chile,1862,8.537666666666667
Chile,1863,8.523583333333335
Chile,1864,8.769916666666667
Chile,1865,9.145083333333334
Chile,1866,9.07525
Chile,1867,9.017499999999998
Chile,1868,8.984499999999999
Chile,1869,8.915583333333336
Chile,1870,8.761166666666668
Chile,1871,8.6815
Chile,1872,8.584333333333333
Chile,1873,9.229000000000001
Chile,1874,8.790500000000002
Chile,1875,8.707416666666667
Chile,1876,9.128666666666666
Chile,1877,9.631916666666664
Chile,1878,9.234583333333333
Chile,1879,9.204666666666668
Chile,1880,9.159666666666666
Chile,1881,8.942333333333332
Chile,1882,9.043666666666669
Chile,1883,8.877416666666667
Chile,1884,8.672583333333334
Chile,1885,8.5025
Chile,1886,8.748666666666667
Chile,1887,8.854833333333334
Chile,1888,9.026166666666667
Chile,1889,8.493916666666665
Chile,1890,8.849833333333335
Chile,1891,9.013333333333334
Chile,1892,8.75475
Chile,1893,8.8885
Chile,1894,9.056666666666667
Chile,1895,9.21575
Chile,1896,9.715666666666666
Chile,1897,9.118833333333335
Chile,1898,8.6135
Chile,1899,9.378833333333334
Chile,1900,9.305
Chile,1901,9.476
Chile,1902,9.18175
Chile,1903,8.99675
Chile,1904,9.392083333333334
Chile,1905,9.316916666666668
Chile,1906,9.210416666666667
Chile,1907,8.869750000000002
Chile,1908,9.165833333333333
Chile,1909,9.030666666666667
Chile,1910,8.906166666666666
Chile,1911,9.1155
Chile,1912,9.37675
Chile,1913,9.600083333333334
Chile,1914,9.272833333333335
Chile,1915,9.363916666666666
Chile,1916,8.971416666666665
Chile,1917,9.32775
Chile,1918,9.067583333333335
Chile,1919,9.634583333333333
Chile,1920,9.319499999999998
Chile,1921,9.048833333333334
Chile,1922,9.115666666666668
Chile,1923,8.884166666666665
Chile,1924,9.13225
Chile,1925,9.294
Chile,1926,9.498666666666667
Chile,1927,9.34075
Chile,1928,9.09575
Chile,1929,9.230666666666666
Chile,1930,9.646333333333333
Chile,1931,9.364083333333332
Chile,1932,9.525666666666666
Chile,1933,9.263499999999999
Chile,1934,9.292416666666666
Chile,1935,9.495916666666668
Chile,1936,9.535250000000001
Chile,1937,9.376583333333333
Chile,1938,9.134000000000002
Chile,1939,9.5245
Chile,1940,9.626333333333333
Chile,1941,9.572833333333334
Chile,1942,9.350416666666666
Chile,1943,9.738500000000002
Chile,1944,9.905833333333332
Chile,1945,10.026499999999999
Chile,1946,9.490666666666668
Chile,1947,9.563666666666668
Chile,1948,9.388583333333331
Chile,1949,9.369166666666667
Chile,1950,9.292000000000002
Chile,1951,9.574833333333332
Chile,1952,9.83
Chile,1953,9.711666666666668
Chile,1954,9.25025
Chile,1955,9.028
Chile,1956,9.174000000000001
Chile,1957,9.636083333333334
Chile,1958,9.660666666666666
Chile,1959,9.356583333333333
Chile,1960,9.754166666666668
Chile,1961,9.495333333333333
Chile,1962,9.834083333333334
Chile,1963,9.629
Chile,1964,9.435833333333333
Chile,1965,9.706583333333334
Chile,1966,9.497916666666667
Chile,1967,9.568583333333335
Chile,1968,9.876916666666668
Chile,1969,9.863333333333332
Chile,1970,9.65375
Chile,1971,9.160166666666667
Chile,1972,9.586083333333335
Chile,1973,9.413333333333334
Chile,1974,9.291500000000001
Chile,1975,9.418333333333333
Chile,1976,9.345250000000002
Chile,1977,10.014666666666665
Chile,1978,9.958083333333335
Chile,1979,9.79725
Chile,1980,9.90375
Chile,1981,9.955083333333333
Chile,1982,10.050333333333331
Chile,1983,10.310166666666666
Chile,1984,9.4425
Chile,1985,10.039916666666667
Chile,1986,9.8375
Chile,1987,10.271583333333332
Chile,1988,9.72525
Chile,1989,10.0245
Chile,1990,9.831249999999999
Chile,1991,9.725416666666666
Chile,1992,9.737749999999998
Chile,1993,9.944583333333334
Chile,1994,10.054333333333332
Chile,1995,9.784916666666666
Chile,1996,9.758000000000001
Chile,1997,10.336999999999998
Chile,1998,10.292416666666666
Chile,1999,9.829583333333334
Chile,2000,9.564083333333334
Chile,2001,9.819666666666668
Chile,2002,9.742416666666665
Chile,2003,10.078416666666667
Chile,2004,10.205833333333334
Chile,2005,9.891833333333333
Chile,2006,10.174
Chile,2007,9.489916666666668
Chile,2008,10.1625
Chile,2009,9.994416666666668
Chile,2010,9.712833333333334
Chile,2011,10.03225
Chile,2012,10.272583333333333
Chile,2013,9.877374999999999
China,1820,5.013599999999999
China,1821,6.284166666666668
China,1822,6.3414166666666665
China,1823,7.0243636363636375
China,1833,6.0393333333333326
China,1834,6.268166666666668
China,1835,5.43425
China,1836,5.364727272727274
China,1837,9.114740740740741
China,1838,7.938736842105264
China,1839,5.519083333333334
China,1840,6.0185833333333365
China,1841,5.512416666666668
China,1842,6.2785
China,1843,6.413916666666666
China,1844,6.051499999999996
China,1845,6.022999999999999
China,1846,6.587499999999999
China,1847,6.257083333333334
China,1848,5.939750000000001
China,1849,6.1048333333333344
China,1850,5.907166666666669
China,1851,5.782833333333332
China,1852,5.857499999999998
China,1853,5.997583333333331
China,1854,6.473083333333334
China,1855,6.5155833333333355
China,1856,6.095583333333334
China,1857,5.959666666666666
China,1858,6.414083333333334
China,1859,6.535166666666666
China,1860,5.609333333333333
China,1861,5.8651666666666635
China,1862,5.448083333333333
China,1863,6.444583333333331
China,1864,5.801500000000002
China,1865,6.243999999999997
China,1866,6.4104166666666655
China,1867,6.548502645502644
China,1868,6.415500000000001
China,1869,6.465833333333332
China,1870,6.158999999999998
China,1871,6.371583333333329
China,1872,6.286333333333335
China,1873,6.588166666666666
China,1874,6.6451666666666656
China,1875,6.505
China,1876,6.347416666666665
China,1877,6.181583333333332
China,1878,6.414416666666665
China,1879,6.667416666666668
China,1880,6.3835000000000015
China,1881,6.352833333333333
China,1882,6.398249999999997
China,1883,6.026916666666668
China,1884,5.804833333333338
China,1885,5.9645
China,1886,6.114749999999996
China,1887,6.197166666666665
China,1888,6.3364166666666675
China,1889,6.311749999999999
China,1890,6.464333333333333
China,1891,6.3593333333333355
China,1892,6.06083333333333
China,1893,6.108333333333337
China,1894,6.578250000000003
China,1895,6.035833333333328
China,1896,6.38625
China,1897,6.228083333333333
China,1898,6.562666666666668
China,1899,6.603416666666665
China,1900,6.444166666666669
China,1901,6.537499999999998
China,1902,6.744666666666667
China,1903,6.174583333333335
China,1904,6.350833333333334
China,1905,5.755499999999997
China,1906,6.2218333333333335
China,1907,6.308666666666665
China,1908,6.286583333333335
China,1909,6.381249999999999
China,1910,6.0714999999999995
China,1911,6.2970000000000015
China,1912,6.076083333333333
China,1913,6.138416666666667
China,1914,6.818750000000004
China,1915,6.492750000000004
China,1916,6.349833333333333
China,1917,6.161416666666667
China,1918,6.196833333333333
China,1919,6.607
China,1920,6.590333333333336
China,1921,6.500750000000001
China,1922,6.677333333333337
China,1923,6.563666666666669
China,1924,6.704250000000001
China,1925,6.555666666666661
China,1926,6.754083333333334
China,1927,6.667749999999998
China,1928,6.774666666666668
China,1929,6.424083333333333
China,1930,6.4686666666666675
China,1931,6.377499999999998
China,1932,6.905583333333332
China,1933,6.6299166666666665
China,1934,6.3628333333333345
China,1935,6.636166666666667
China,1936,6.111583333333338
China,1937,6.511083333333333
China,1938,6.871750000000003
China,1939,7.026500000000001
China,1940,6.96166666666667
China,1941,7.345500000000001
China,1942,7.096000000000001
China,1943,7.050916666666665
China,1944,6.530499999999996
China,1945,6.838833333333334
China,1946,7.354083333333333
China,1947,6.773833333333336
China,1948,7.100333333333335
China,1949,6.975499999999999
China,1950,6.64116666666667
China,1951,6.869499999999995
China,1952,6.640916666666667
China,1953,7.022333333333331
China,1954,6.370999999999999
China,1955,6.701666666666664
China,1956,6.299333333333329
China,1957,6.388000000000003
China,1958,7.033583333333333
China,1959,7.039666666666665
China,1960,6.890916666666668
China,1961,7.050583333333333
China,1962,6.703666666666666
China,1963,7.052499999999996
China,1964,6.746083333333335
China,1965,6.799916666666668
China,1966,6.962000000000002
China,1967,6.402583333333335
China,1968,6.727
China,1969,6.456
China,1970,6.568166666666669
China,1971,6.846249999999997
China,1972,6.814416666666667
China,1973,7.209583333333331
China,1974,6.659416666666668
China,1975,7.100916666666667
China,1976,6.471166666666664
China,1977,6.85133333333333
China,1978,7.048166666666667
China,1979,7.074083333333333
China,1980,6.950083333333335
China,1981,6.926416666666664
China,1982,7.14975
China,1983,6.925083333333332
China,1984,6.517916666666664
China,1985,6.740249999999996
China,1986,6.870166666666669
China,1987,7.249000000000001
China,1988,7.2208333333333306
China,1989,7.2397500000000035
China,1990,7.636
China,1991,7.097166666666667
China,1992,6.858416666666668
China,1993,6.919416666666669
China,1994,7.495999999999996
China,1995,7.211583333333327
China,1996,6.962666666666665
China,1997,7.367333333333338
China,1998,8.05183333333333
China,1999,7.840249999999997
China,2000,7.238083333333336
China,2001,7.596416666666666
China,2002,7.795666666666662
China,2003,7.522000000000002
China,2004,7.712749999999999
China,2005,7.413499999999995
China,2006,7.948000000000005
China,2007,8.12675
China,2008,7.566083333333335
China,2009,7.809500000000003
China,2010,7.548416666666668
China,2011,7.357083333333332
China,2012,7.077083333333332
China,2013,9.295
Colombia,1824,24.66836363636364
Colombia,1825,24.685166666666664
Colombia,1826,24.5736
Colombia,1827,24.95190909090909
Colombia,1828,24.40736363636363
Colombia,1829,24.261899999999997
Colombia,1850,24.461
Colombia,1851,24.337833333333336
Colombia,1852,24.10425
Colombia,1853,24.233083333333337
Colombia,1854,24.322166666666664
Colombia,1855,24.40766666666666
Colombia,1856,24.406999999999996
Colombia,1857,23.8344347826087
Colombia,1858,24.14383333333333
Colombia,1859,24.191
Colombia,1860,24.142000000000007
Colombia,1861,24.137416666666656
Colombia,1862,23.904083333333336
Colombia,1863,24.230666666666664
Colombia,1864,24.184166666666666
Colombia,1865,24.288416666666674
Colombia,1866,24.112750000000002
Colombia,1867,24.485500000000002
Colombia,1868,24.452333333333343
Colombia,1869,24.929000000000006
Colombia,1870,24.266166666666663
Colombia,1871,24.21966666666667
Colombia,1872,24.58541666666667
Colombia,1873,24.408083333333337
Colombia,1874,24.382000000000005
Colombia,1875,24.160833333333333
Colombia,1876,24.46733333333334
Colombia,1877,24.905333333333328
Colombia,1878,25.360916666666668
Colombia,1879,24.466166666666663
Colombia,1880,24.0365
Colombia,1881,24.46624999999999
Colombia,1882,24.02025
Colombia,1883,23.938333333333336
Colombia,1884,23.910416666666666
Colombia,1885,24.220916666666664
Colombia,1886,24.17508333333333
Colombia,1887,23.987999999999996
Colombia,1888,24.249750000000002
Colombia,1889,24.699666666666673
Colombia,1890,23.784583333333334
Colombia,1891,24.494916666666665
Colombia,1892,24.132583333333333
Colombia,1893,23.870416666666667
Colombia,1894,24.03550000000001
Colombia,1895,24.374583333333337
Colombia,1896,24.519333333333332
Colombia,1897,24.59025
Colombia,1898,24.129416666666668
Colombia,1899,24.459666666666667
Colombia,1900,24.873000000000005
Colombia,1901,24.559166666666673
Colombia,1902,24.66275
Colombia,1903,24.65116666666667
Colombia,1904,24.183166666666665
Colombia,1905,24.58933333333334
Colombia,1906,24.533749999999994
Colombia,1907,24.205500000000004
Colombia,1908,24.206666666666667
Colombia,1909,24.11141666666666
Colombia,1910,24.086249999999996
Colombia,1911,24.39891666666667
Colombia,1912,24.672500000000003
Colombia,1913,24.28291666666667
Colombia,1914,24.75433333333334
Colombia,1915,25.01858333333333
Colombia,1916,24.363333333333333
Colombia,1917,23.895666666666667
Colombia,1918,24.134000000000004
Colombia,1919,24.673250000000007
Colombia,1920,24.524666666666672
Colombia,1921,24.349833333333336
Colombia,1922,24.52100000000001
Colombia,1923,24.422916666666662
Colombia,1924,24.555166666666665
Colombia,1925,24.438250000000007
Colombia,1926,25.078
Colombia,1927,24.544583333333332
Colombia,1928,24.674666666666667
Colombia,1929,24.611833333333333
Colombia,1930,24.69783333333333
Colombia,1931,25.012416666666663
Colombia,1932,24.647833333333335
Colombia,1933,24.462333333333337
Colombia,1934,24.444166666666675
Colombia,1935,24.54375
Colombia,1936,24.823999999999995
Colombia,1937,24.878999999999994
Colombia,1938,24.523833333333332
Colombia,1939,24.821416666666675
Colombia,1940,25.33524999999999
Colombia,1941,25.54525
Colombia,1942,25.15825
Colombia,1943,24.61441666666668
Colombia,1944,24.788750000000007
Colombia,1945,24.891000000000002
Colombia,1946,24.878249999999998
Colombia,1947,24.98766666666666
Colombia,1948,25.073499999999996
Colombia,1949,24.753583333333328
Colombia,1950,24.425833333333333
Colombia,1951,24.810999999999993
Colombia,1952,25.06616666666667
Colombia,1953,25.113249999999997
Colombia,1954,24.74083333333333
Colombia,1955,24.54475000000001
Colombia,1956,24.452416666666664
Colombia,1957,25.070416666666656
Colombia,1958,25.533833333333344
Colombia,1959,25.018166666666662
Colombia,1960,24.94683333333333
Colombia,1961,25.050000000000008
Colombia,1962,25.000833333333333
Colombia,1963,25.050250000000002
Colombia,1964,24.97916666666667
Colombia,1965,25.05316666666667
Colombia,1966,25.206083333333336
Colombia,1967,24.844249999999988
Colombia,1968,24.81483333333334
Colombia,1969,25.18108333333333
Colombia,1970,24.931249999999995
Colombia,1971,24.55741666666667
Colombia,1972,25.039583333333326
Colombia,1973,25.178750000000004
Colombia,1974,24.656833333333328
Colombia,1975,24.60558333333333
Colombia,1976,24.77366666666667
Colombia,1977,25.294833333333333
Colombia,1978,25.122249999999998
Colombia,1979,25.20533333333333
Colombia,1980,25.43275
Colombia,1981,25.144499999999994
Colombia,1982,25.19108333333334
Colombia,1983,25.634750000000007
Colombia,1984,24.883666666666674
Colombia,1985,25.01266666666667
Colombia,1986,25.01308333333333
Colombia,1987,25.632499999999993
Colombia,1988,25.21341666666666
Colombia,1989,24.863583333333334
Colombia,1990,25.21916666666667
Colombia,1991,25.341833333333327
Colombia,1992,25.53358333333333
Colombia,1993,25.206416666666666
Colombia,1994,25.162416666666658
Colombia,1995,25.492833333333337
Colombia,1996,25.149916666666666
Colombia,1997,25.58
Colombia,1998,25.879166666666666
Colombia,1999,24.870666666666665
Colombia,2000,25.03016666666667
Colombia,2001,25.41191666666667
Colombia,2002,25.570750000000007
Colombia,2003,25.655333333333335
Colombia,2004,25.553916666666666
Colombia,2005,25.670833333333324
Colombia,2006,25.476583333333334
Colombia,2007,25.494000000000003
Colombia,2008,25.15391666666667
Colombia,2009,25.618333333333336
Colombia,2010,25.687666666666672
Colombia,2011,25.246916666666667
Colombia,2012,25.38133333333333
Colombia,2013,25.579500000000003
Congo (Democratic Republic Of The),1856,23.438400000000005
Congo (Democratic Republic Of The),1857,22.72942857142857
Congo (Democratic Republic Of The),1858,23.284750000000003
Congo (Democratic Republic Of The),1859,23.2559
Congo (Democratic Republic Of The),1860,23.24845454545455
Congo (Democratic Republic Of The),1861,22.993800000000007
Congo (Democratic Republic Of The),1862,23.244500000000002
Congo (Democratic Republic Of The),1875,23.031625000000002
Congo (Democratic Republic Of The),1876,23.127333333333333
Congo (Democratic Republic Of The),1877,23.66875
Congo (Democratic Republic Of The),1878,23.779666666666667
Congo (Democratic Republic Of The),1879,23.02988888888889
Congo (Democratic Republic Of The),1880,22.90341666666667
Congo (Democratic Republic Of The),1881,23.127916666666668
Congo (Democratic Republic Of The),1882,23.182916666666667
Congo (Democratic Republic Of The),1883,23.154500000000002
Congo (Democratic Republic Of The),1884,22.929666666666666
Congo (Democratic Republic Of The),1885,23.3105
Congo (Democratic Republic Of The),1886,23.26216666666667
Congo (Democratic Republic Of The),1887,22.976333333333333
Congo (Democratic Republic Of The),1888,23.171916666666664
Congo (Democratic Republic Of The),1889,23.706166666666665
Congo (Democratic Republic Of The),1890,22.9375
Congo (Democratic Republic Of The),1891,23.06191666666666
Congo (Democratic Republic Of The),1892,23.31233333333334
Congo (Democratic Republic Of The),1893,23.174833333333336
Congo (Democratic Republic Of The),1894,23.490166666666664
Congo (Democratic Republic Of The),1895,23.436083333333332
Congo (Democratic Republic Of The),1896,23.487000000000005
Congo (Democratic Republic Of The),1897,23.63275
Congo (Democratic Republic Of The),1898,23.509500000000003
Congo (Democratic Republic Of The),1899,23.553583333333336
Congo (Democratic Republic Of The),1900,23.69616666666667
Congo (Democratic Republic Of The),1901,24.169999999999998
Congo (Democratic Republic Of The),1902,23.74383333333334
Congo (Democratic Republic Of The),1903,23.745166666666666
Congo (Democratic Republic Of The),1904,22.777666666666665
Congo (Democratic Republic Of The),1905,23.526416666666666
Congo (Democratic Republic Of The),1906,23.328333333333337
Congo (Democratic Republic Of The),1907,23.307166666666664
Congo (Democratic Republic Of The),1908,23.247333333333334
Congo (Democratic Republic Of The),1909,23.140083333333333
Congo (Democratic Republic Of The),1910,23.188166666666664
Congo (Democratic Republic Of The),1911,23.429249999999996
Congo (Democratic Republic Of The),1912,24.137
Congo (Democratic Republic Of The),1913,23.778000000000002
Congo (Democratic Republic Of The),1914,23.902666666666665
Congo (Democratic Republic Of The),1915,23.8125
Congo (Democratic Republic Of The),1916,23.542083333333338
Congo (Democratic Republic Of The),1917,23.358166666666666
Congo (Democratic Republic Of The),1918,23.196083333333334
Congo (Democratic Republic Of The),1919,23.58808333333333
Congo (Democratic Republic Of The),1920,23.50775
Congo (Democratic Republic Of The),1921,23.804916666666667
Congo (Democratic Republic Of The),1922,23.4325
Congo (Democratic Republic Of The),1923,23.41208333333333
Congo (Democratic Republic Of The),1924,23.963833333333337
Congo (Democratic Republic Of The),1925,23.558833333333336
Congo (Democratic Republic Of The),1926,23.674416666666662
Congo (Democratic Republic Of The),1927,23.915166666666664
Congo (Democratic Republic Of The),1928,23.984750000000002
Congo (Democratic Republic Of The),1929,23.619083333333332
Congo (Democratic Republic Of The),1930,23.635
Congo (Democratic Republic Of The),1931,24.139916666666664
Congo (Democratic Republic Of The),1932,23.71541666666667
Congo (Democratic Republic Of The),1933,23.749749999999995
Congo (Democratic Republic Of The),1934,23.865000000000006
Congo (Democratic Republic Of The),1935,23.96733333333334
Congo (Democratic Republic Of The),1936,23.840999999999998
Congo (Democratic Republic Of The),1937,23.769916666666663
Congo (Democratic Republic Of The),1938,23.864166666666666
Congo (Democratic Republic Of The),1939,23.634916666666665
Congo (Democratic Republic Of The),1940,23.807999999999996
Congo (Democratic Republic Of The),1941,24.26725
Congo (Democratic Republic Of The),1942,24.07708333333333
Congo (Democratic Republic Of The),1943,23.805999999999997
Congo (Democratic Republic Of The),1944,24.041666666666668
Congo (Democratic Republic Of The),1945,23.993166666666667
Congo (Democratic Republic Of The),1946,23.916083333333333
Congo (Democratic Republic Of The),1947,23.94033333333333
Congo (Democratic Republic Of The),1948,23.853916666666667
Congo (Democratic Republic Of The),1949,24.077583333333337
Congo (Democratic Republic Of The),1950,23.75758333333333
Congo (Democratic Republic Of The),1951,23.882583333333333
Congo (Democratic Republic Of The),1952,23.995916666666663
Congo (Democratic Republic Of The),1953,23.915499999999998
Congo (Democratic Republic Of The),1954,23.637583333333335
Congo (Democratic Republic Of The),1955,23.56375
Congo (Democratic Republic Of The),1956,23.455583333333337
Congo (Democratic Republic Of The),1957,23.78633333333333
Congo (Democratic Republic Of The),1958,24.070999999999998
Congo (Democratic Republic Of The),1959,23.9505
Congo (Democratic Republic Of The),1960,23.767333333333337
Congo (Democratic Republic Of The),1961,23.7915
Congo (Democratic Republic Of The),1962,23.730166666666666
Congo (Democratic Republic Of The),1963,23.75583333333334
Congo (Democratic Republic Of The),1964,23.671916666666664
Congo (Democratic Republic Of The),1965,23.691000000000003
Congo (Democratic Republic Of The),1966,23.876
Congo (Democratic Republic Of The),1967,23.640749999999997
Congo (Democratic Republic Of The),1968,23.62483333333333
Congo (Democratic Republic Of The),1969,24.00491666666667
Congo (Democratic Republic Of The),1970,23.964583333333334
Congo (Democratic Republic Of The),1971,23.569583333333338
Congo (Democratic Republic Of The),1972,23.951583333333332
Congo (Democratic Republic Of The),1973,24.16891666666667
Congo (Democratic Republic Of The),1974,23.659583333333334
Congo (Democratic Republic Of The),1975,23.680999999999997
Congo (Democratic Republic Of The),1976,23.67616666666667
Congo (Democratic Republic Of The),1977,24.08516666666667
Congo (Democratic Republic Of The),1978,24.006583333333335
Congo (Democratic Republic Of The),1979,24.170083333333334
Congo (Democratic Republic Of The),1980,24.204083333333333
Congo (Democratic Republic Of The),1981,24.06783333333334
Congo (Democratic Republic Of The),1982,23.931166666666666
Congo (Democratic Republic Of The),1983,24.370166666666666
Congo (Democratic Republic Of The),1984,23.996583333333334
Congo (Democratic Republic Of The),1985,23.857833333333332
Congo (Democratic Republic Of The),1986,23.981333333333335
Congo (Democratic Republic Of The),1987,24.583250000000003
Congo (Democratic Republic Of The),1988,24.322416666666665
Congo (Democratic Republic Of The),1989,23.915166666666668
Congo (Democratic Republic Of The),1990,24.207000000000004
Congo (Democratic Republic Of The),1991,24.063249999999996
Congo (Democratic Republic Of The),1992,24.132583333333333
Congo (Democratic Republic Of The),1993,24.086166666666667
Congo (Democratic Republic Of The),1994,24.22525
Congo (Democratic Republic Of The),1995,24.469916666666666
Congo (Democratic Republic Of The),1996,24.19775
Congo (Democratic Republic Of The),1997,24.535666666666668
Congo (Democratic Republic Of The),1998,24.737333333333336
Congo (Democratic Republic Of The),1999,24.012749999999997
Congo (Democratic Republic Of The),2000,24.206166666666665
Congo (Democratic Republic Of The),2001,24.256250000000005
Congo (Democratic Republic Of The),2002,24.562749999999998
Congo (Democratic Republic Of The),2003,24.567333333333334
Congo (Democratic Republic Of The),2004,24.547750000000004
Congo (Democratic Republic Of The),2005,24.982083333333335
Congo (Democratic Republic Of The),2006,24.526916666666665
Congo (Democratic Republic Of The),2007,24.38508333333333
Congo (Democratic Republic Of The),2008,24.341333333333335
Congo (Democratic Republic Of The),2009,24.541666666666668
Congo (Democratic Republic Of The),2010,24.758916666666664
Congo (Democratic Republic Of The),2011,24.163166666666665
Congo (Democratic Republic Of The),2012,24.206333333333333
Congo (Democratic Republic Of The),2013,24.560375000000004
Côte D'Ivoire,1849,25.392083333333336
Côte D'Ivoire,1850,25.353583333333333
Côte D'Ivoire,1851,25.471
Côte D'Ivoire,1856,26.090000000000003
Côte D'Ivoire,1857,24.999636363636363
Côte D'Ivoire,1858,25.277833333333334
Côte D'Ivoire,1859,25.7735
Côte D'Ivoire,1860,25.25163636363636
Côte D'Ivoire,1861,25.461199999999998
Côte D'Ivoire,1862,25.0302
Côte D'Ivoire,1873,25.541625000000003
Côte D'Ivoire,1874,25.39636363636364
Côte D'Ivoire,1875,24.982166666666668
Côte D'Ivoire,1876,24.956583333333338
Côte D'Ivoire,1877,25.604166666666668
Côte D'Ivoire,1878,25.709333333333333
Côte D'Ivoire,1879,25.250416666666666
Côte D'Ivoire,1880,25.800750000000004
Côte D'Ivoire,1881,25.94175
Côte D'Ivoire,1882,25.56233333333333
Côte D'Ivoire,1883,26.012666666666664
Côte D'Ivoire,1884,26.37675
Côte D'Ivoire,1885,25.240000000000002
Côte D'Ivoire,1886,25.246666666666666
Côte D'Ivoire,1887,24.863249999999997
Côte D'Ivoire,1888,24.883750000000003
Côte D'Ivoire,1889,24.804999999999996
Côte D'Ivoire,1890,24.772916666666664
Côte D'Ivoire,1891,25.056
Côte D'Ivoire,1892,25.171833333333336
Côte D'Ivoire,1893,25.24141666666667
Côte D'Ivoire,1894,24.966083333333334
Côte D'Ivoire,1895,25.235833333333332
Côte D'Ivoire,1896,25.34166666666667
Côte D'Ivoire,1897,25.61383333333333
Côte D'Ivoire,1898,25.356000000000005
Côte D'Ivoire,1899,26.140083333333333
Côte D'Ivoire,1900,25.90025
Côte D'Ivoire,1901,25.75583333333333
Côte D'Ivoire,1902,25.54466666666666
Côte D'Ivoire,1903,25.370916666666663
Côte D'Ivoire,1904,25.076666666666664
Côte D'Ivoire,1905,25.597083333333334
Côte D'Ivoire,1906,25.84233333333333
Côte D'Ivoire,1907,25.392416666666666
Côte D'Ivoire,1908,25.544333333333338
Côte D'Ivoire,1909,25.314666666666664
Côte D'Ivoire,1910,25.807333333333332
Côte D'Ivoire,1911,25.249916666666667
Côte D'Ivoire,1912,26.21683333333333
Côte D'Ivoire,1913,26.17775
Côte D'Ivoire,1914,26.11566666666667
Côte D'Ivoire,1915,26.130333333333336
Côte D'Ivoire,1916,25.852666666666668
Côte D'Ivoire,1917,25.92058333333333
Côte D'Ivoire,1918,25.75491666666667
Côte D'Ivoire,1919,26.054166666666664
Côte D'Ivoire,1920,26.11266666666667
Côte D'Ivoire,1921,26.063833333333335
Côte D'Ivoire,1922,25.96041666666667
Côte D'Ivoire,1923,25.71841666666667
Côte D'Ivoire,1924,25.964583333333326
Côte D'Ivoire,1925,25.94241666666667
Côte D'Ivoire,1926,26.368750000000002
Côte D'Ivoire,1927,26.03225
Côte D'Ivoire,1928,25.835333333333335
Côte D'Ivoire,1929,26.07433333333334
Côte D'Ivoire,1930,26.16291666666667
Côte D'Ivoire,1931,26.12866666666667
Côte D'Ivoire,1932,25.691833333333335
Côte D'Ivoire,1933,26.119416666666666
Côte D'Ivoire,1934,26.136416666666666
Côte D'Ivoire,1935,25.919416666666667
Côte D'Ivoire,1936,25.773833333333332
Côte D'Ivoire,1937,26.28816666666667
Côte D'Ivoire,1938,26.22825
Côte D'Ivoire,1939,25.852833333333336
Côte D'Ivoire,1940,26.46825
Côte D'Ivoire,1941,26.535250000000005
Côte D'Ivoire,1942,26.03591666666666
Côte D'Ivoire,1943,25.892500000000002
Côte D'Ivoire,1944,26.309
Côte D'Ivoire,1945,26.1765
Côte D'Ivoire,1946,26.0145
Côte D'Ivoire,1947,26.33875
Côte D'Ivoire,1948,25.951666666666664
Côte D'Ivoire,1949,26.175833333333333
Côte D'Ivoire,1950,25.881249999999998
Côte D'Ivoire,1951,26.057499999999994
Côte D'Ivoire,1952,26.033416666666668
Côte D'Ivoire,1953,26.084583333333338
Côte D'Ivoire,1954,25.840750000000003
Côte D'Ivoire,1955,25.823333333333334
Côte D'Ivoire,1956,25.76925
Côte D'Ivoire,1957,26.032583333333335
Côte D'Ivoire,1958,26.133416666666673
Côte D'Ivoire,1959,26.191416666666665
Côte D'Ivoire,1960,26.143
Côte D'Ivoire,1961,26.06758333333333
Côte D'Ivoire,1962,26.009416666666667
Côte D'Ivoire,1963,26.29908333333334
Côte D'Ivoire,1964,25.87075
Côte D'Ivoire,1965,25.862583333333333
Côte D'Ivoire,1966,26.187166666666666
Côte D'Ivoire,1967,25.8055
Côte D'Ivoire,1968,26.058916666666665
Côte D'Ivoire,1969,26.420416666666668
Côte D'Ivoire,1970,26.317916666666665
Côte D'Ivoire,1971,25.868
Côte D'Ivoire,1972,26.143083333333337
Côte D'Ivoire,1973,26.578000000000003
Côte D'Ivoire,1974,25.94541666666667
Côte D'Ivoire,1975,25.84641666666667
Côte D'Ivoire,1976,25.675749999999994
Côte D'Ivoire,1977,26.284333333333336
Côte D'Ivoire,1978,26.133750000000003
Côte D'Ivoire,1979,26.414083333333334
Côte D'Ivoire,1980,26.327750000000005
Côte D'Ivoire,1981,26.34175
Côte D'Ivoire,1982,26.024249999999995
Côte D'Ivoire,1983,26.601249999999997
Côte D'Ivoire,1984,26.360166666666668
Côte D'Ivoire,1985,26.141000000000005
Côte D'Ivoire,1986,26.121833333333328
Côte D'Ivoire,1987,27.002416666666665
Côte D'Ivoire,1988,26.494333333333334
Côte D'Ivoire,1989,26.39333333333333
Côte D'Ivoire,1990,26.498500000000003
Côte D'Ivoire,1991,26.334666666666667
Côte D'Ivoire,1992,26.17725
Côte D'Ivoire,1993,26.322833333333335
Côte D'Ivoire,1994,26.24825
Côte D'Ivoire,1995,26.464499999999997
Côte D'Ivoire,1996,26.423333333333336
Côte D'Ivoire,1997,26.46083333333333
Côte D'Ivoire,1998,27.04066666666667
Côte D'Ivoire,1999,26.414583333333336
Côte D'Ivoire,2000,26.40233333333333
Côte D'Ivoire,2001,26.673333333333336
Côte D'Ivoire,2002,26.769666666666666
Côte D'Ivoire,2003,26.939333333333334
Côte D'Ivoire,2004,26.828583333333327
Côte D'Ivoire,2005,26.914916666666667
Côte D'Ivoire,2006,26.7915
Côte D'Ivoire,2007,26.944583333333338
Côte D'Ivoire,2008,26.75825
Côte D'Ivoire,2009,26.93433333333334
Côte D'Ivoire,2010,27.146583333333336
Côte D'Ivoire,2011,26.837249999999997
Côte D'Ivoire,2012,26.552416666666662
Côte D'Ivoire,2013,27.061125
Dominican Republic,1824,25.494363636363634
Dominican Republic,1825,25.616666666666664
Dominican Republic,1826,25.46816666666666
Dominican Republic,1827,25.906750000000002
Dominican Republic,1828,25.848083333333335
Dominican Republic,1829,25.186249999999998
Dominican Republic,1830,25.834916666666672
Dominican Republic,1831,24.844916666666666
Dominican Republic,1832,24.5535
Dominican Republic,1838,24.81116666666667
Dominican Republic,1839,25.005499999999998
Dominican Republic,1840,24.997583333333335
Dominican Republic,1841,24.71741666666667
Dominican Republic,1842,25.122416666666666
Dominican Republic,1843,25.010500000000004
Dominican Republic,1844,24.539166666666663
Dominican Republic,1845,24.970555555555556
Dominican Republic,1846,25.434583333333336
Dominican Republic,1847,25.12425
Dominican Republic,1848,25.042249999999996
Dominican Republic,1849,25.293249999999997
Dominican Republic,1850,25.25016666666667
Dominican Republic,1851,25.272583333333333
Dominican Republic,1852,24.8985
Dominican Republic,1853,25.226833333333335
Dominican Republic,1854,25.177083333333332
Dominican Republic,1855,25.395833333333332
Dominican Republic,1856,25.74908333333333
Dominican Republic,1857,24.730583333333332
Dominican Republic,1858,24.730833333333337
Dominican Republic,1859,24.920833333333334
Dominican Republic,1860,24.934
Dominican Republic,1861,25.21558333333333
Dominican Republic,1862,25.137
Dominican Republic,1863,25.239333333333335
Dominican Republic,1864,25.01725
Dominican Republic,1865,25.322666666666667
Dominican Republic,1866,24.94416666666667
Dominican Republic,1867,25.15025
Dominican Republic,1868,25.365
Dominican Republic,1869,25.611250000000002
Dominican Republic,1870,25.198333333333334
Dominican Republic,1871,25.31441666666667
Dominican Republic,1872,25.37691666666667
Dominican Republic,1873,25.014749999999996
Dominican Republic,1874,25.114500000000003
Dominican Republic,1875,25.16058333333333
Dominican Republic,1876,25.386166666666664
Dominican Republic,1877,25.771916666666666
Dominican Republic,1878,25.997999999999994
Dominican Republic,1879,25.366
Dominican Republic,1880,25.234916666666663
Dominican Republic,1881,25.078416666666666
Dominican Republic,1882,24.943250000000003
Dominican Republic,1883,25.1155
Dominican Republic,1884,24.887249999999998
Dominican Republic,1885,25.2595
Dominican Republic,1886,24.898583333333335
Dominican Republic,1887,24.817666666666668
Dominican Republic,1888,25.16725
Dominican Republic,1889,25.33966666666667
Dominican Republic,1890,25.0605
Dominican Republic,1891,25.232083333333332
Dominican Republic,1892,25.02733333333333
Dominican Republic,1893,24.945333333333334
Dominican Republic,1894,24.986833333333326
Dominican Republic,1895,25.263666666666666
Dominican Republic,1896,25.443416666666668
Dominican Republic,1897,25.682249999999996
Dominican Republic,1898,25.37575
Dominican Republic,1899,25.362666666666666
Dominican Republic,1900,25.76008333333333
Dominican Republic,1901,25.55475
Dominican Republic,1902,25.35175
Dominican Republic,1903,25.48
Dominican Republic,1904,25.011
Dominican Republic,1905,25.563916666666668
Dominican Republic,1906,25.373
Dominican Republic,1907,25.169583333333332
Dominican Republic,1908,25.307333333333332
Dominican Republic,1909,25.131833333333333
Dominican Republic,1910,24.99441666666667
Dominican Republic,1911,25.3195
Dominican Republic,1912,25.491916666666672
Dominican Republic,1913,25.012249999999998
Dominican Republic,1914,25.483583333333332
Dominican Republic,1915,25.759500000000003
Dominican Republic,1916,25.11233333333333
Dominican Republic,1917,24.833916666666667
Dominican Republic,1918,25.063083333333335
Dominican Republic,1919,25.584749999999996
Dominican Republic,1920,25.502333333333336
Dominican Republic,1921,25.201916666666666
Dominican Republic,1922,25.08616666666667
Dominican Republic,1923,25.308750000000003
Dominican Republic,1924,25.64816666666667
Dominican Republic,1925,25.366749999999996
Dominican Republic,1926,25.863666666666663
Dominican Republic,1927,25.644583333333333
Dominican Republic,1928,25.654833333333332
Dominican Republic,1929,25.46175
Dominican Republic,1930,25.592666666666663
Dominican Republic,1931,25.78725
Dominican Republic,1932,25.66508333333333
Dominican Republic,1933,25.505
Dominican Republic,1934,25.378583333333328
Dominican Republic,1935,25.298083333333334
Dominican Republic,1936,25.676416666666665
Dominican Republic,1937,25.712500000000002
Dominican Republic,1938,25.454583333333332
Dominican Republic,1939,25.492166666666673
Dominican Republic,1940,25.94333333333334
Dominican Republic,1941,26.09183333333333
Dominican Republic,1942,26.01783333333334
Dominican Republic,1943,25.60008333333333
Dominican Republic,1944,25.542333333333335
Dominican Republic,1945,25.366083333333336
Dominican Republic,1946,25.541833333333333
Dominican Republic,1947,25.95575
Dominican Republic,1948,26.030999999999995
Dominican Republic,1949,25.58508333333333
Dominican Republic,1950,25.23833333333334
Dominican Republic,1951,25.500083333333333
Dominican Republic,1952,25.92075
Dominican Republic,1953,25.965333333333334
Dominican Republic,1954,25.573166666666665
Dominican Republic,1955,25.30583333333333
Dominican Republic,1956,25.454250000000002
Dominican Republic,1957,25.861416666666667
Dominican Republic,1958,26.01341666666667
Dominican Republic,1959,26.0675
Dominican Republic,1960,26.083749999999995
Dominican Republic,1961,25.749416666666665
Dominican Republic,1962,25.740333333333336
Dominican Republic,1963,25.82816666666667
Dominican Republic,1964,25.808333333333337
Dominican Republic,1965,25.573583333333332
Dominican Republic,1966,25.797250000000005
Dominican Republic,1967,25.773000000000007
Dominican Republic,1968,25.769333333333336
Dominican Republic,1969,26.094916666666666
Dominican Republic,1970,25.678333333333338
Dominican Republic,1971,25.424000000000003
Dominican Republic,1972,25.648083333333332
Dominican Republic,1973,25.905
Dominican Republic,1974,25.425
Dominican Republic,1975,25.6035
Dominican Republic,1976,25.4905
Dominican Republic,1977,26.029083333333336
Dominican Republic,1978,25.958
Dominican Republic,1979,25.767749999999996
Dominican Republic,1980,26.36616666666666
Dominican Republic,1981,26.10225
Dominican Republic,1982,25.96375
Dominican Republic,1983,26.25616666666667
Dominican Republic,1984,25.758166666666668
Dominican Republic,1985,25.765
Dominican Republic,1986,25.932083333333335
Dominican Republic,1987,26.294916666666666
Dominican Republic,1988,26.11525
Dominican Republic,1989,25.900583333333334
Dominican Republic,1990,26.171166666666664
Dominican Republic,1991,26.053416666666664
Dominican Republic,1992,25.941333333333336
Dominican Republic,1993,25.916500000000003
Dominican Republic,1994,26.280583333333336
Dominican Republic,1995,26.35775
Dominican Republic,1996,25.87075
Dominican Republic,1997,26.697249999999997
Dominican Republic,1998,26.676333333333336
Dominican Republic,1999,26.172833333333333
Dominican Republic,2000,25.880416666666672
Dominican Republic,2001,26.340666666666667
Dominican Republic,2002,26.58125
Dominican Republic,2003,26.626333333333335
Dominican Republic,2004,26.35875
Dominican Republic,2005,26.52116666666667
Dominican Republic,2006,26.585666666666665
Dominican Republic,2007,26.625999999999994
Dominican Republic,2008,26.199250000000003
Dominican Republic,2009,26.423083333333334
Dominican Republic,2010,26.45558333333334
Dominican Republic,2011,26.250749999999996
Dominican Republic,2012,26.340083333333336
Dominican Republic,2013,26.290333333333336
Egypt,1811,18.86622222222222
Egypt,1819,21.632500000000004
Egypt,1820,21.909083333333328
Egypt,1821,22.051250000000007
Egypt,1822,21.51327272727272
Egypt,1823,19.81744444444444
Egypt,1824,22.745499999999993
Egypt,1825,22.389583333333338
Egypt,1826,22.36275
Egypt,1827,22.975500000000004
Egypt,1828,22.36458333333333
Egypt,1829,22.29308333333333
Egypt,1830,22.651916666666665
Egypt,1831,21.865999999999996
Egypt,1832,21.675916666666676
Egypt,1833,22.21633333333334
Egypt,1834,22.067083333333326
Egypt,1835,21.519333333333336
Egypt,1836,21.942583333333335
Egypt,1837,21.645833333333343
Egypt,1838,21.70783333333334
Egypt,1839,20.303599999999996
Egypt,1840,22.038999999999994
Egypt,1841,22.18074999999999
Egypt,1842,22.34075
Egypt,1843,22.272250000000003
Egypt,1844,22.03400000000001
Egypt,1845,22.216749999999994
Egypt,1846,22.87750000000001
Egypt,1847,22.449083333333334
Egypt,1848,22.170666666666673
Egypt,1849,22.243499999999997
Egypt,1850,21.808666666666667
Egypt,1851,22.358916666666673
Egypt,1852,22.324666666666662
Egypt,1853,22.762833333333326
Egypt,1854,22.156249999999993
Egypt,1855,22.474000000000007
Egypt,1856,21.902416666666667
Egypt,1857,21.69558333333333
Egypt,1858,22.309083333333326
Egypt,1859,22.332583333333336
Egypt,1860,22.718833333333336
Egypt,1861,21.73908333333334
Egypt,1862,21.64533333333334
Egypt,1863,22.117416666666667
Egypt,1864,22.595999999999982
Egypt,1865,22.791416666666663
Egypt,1866,22.70633333333333
Egypt,1867,22.77200000000001
Egypt,1868,22.28691666666667
Egypt,1869,22.721000000000014
Egypt,1870,22.63016666666666
Egypt,1871,22.213583333333332
Egypt,1872,22.51325000000001
Egypt,1873,22.676916666666667
Egypt,1874,22.23866666666667
Egypt,1875,21.52208333333333
Egypt,1876,22.35208333333334
Egypt,1877,22.691499999999998
Egypt,1878,22.909499999999984
Egypt,1879,22.66441666666667
Egypt,1880,22.630583333333345
Egypt,1881,22.929583333333333
Egypt,1882,21.90283333333333
Egypt,1883,22.088333333333352
Egypt,1884,21.731083333333334
Egypt,1885,22.258666666666674
Egypt,1886,21.935500000000005
Egypt,1887,22.45683333333333
Egypt,1888,22.255499999999998
Egypt,1889,22.478499999999997
Egypt,1890,22.544833333333337
Egypt,1891,22.537416666666665
Egypt,1892,22.596166666666672
Egypt,1893,22.047250000000005
Egypt,1894,22.277916666666666
Egypt,1895,22.32758333333333
Egypt,1896,22.52508333333334
Egypt,1897,22.240166666666656
Egypt,1898,22.541416666666667
Egypt,1899,22.48033333333334
Egypt,1900,22.797749999999994
Egypt,1901,23.181583333333332
Egypt,1902,22.624916666666664
Egypt,1903,22.052750000000007
Egypt,1904,21.97033333333333
Egypt,1905,22.390500000000014
Egypt,1906,22.756333333333327
Egypt,1907,21.93691666666667
Egypt,1908,21.985999999999997
Egypt,1909,22.9115
Egypt,1910,22.03816666666667
Egypt,1911,22.184
Egypt,1912,22.000000000000004
Egypt,1913,21.786999999999992
Egypt,1914,22.509416666666677
Egypt,1915,23.14458333333333
Egypt,1916,23.09516666666667
Egypt,1917,22.391416666666657
Egypt,1918,22.722833333333327
Egypt,1919,22.830583333333337
Egypt,1920,22.08941666666666
Egypt,1921,22.351083333333335
Egypt,1922,22.701
Egypt,1923,22.669999999999998
Egypt,1924,22.94516666666667
Egypt,1925,22.80958333333333
Egypt,1926,22.517083333333336
Egypt,1927,22.972750000000005
Egypt,1928,23.192916666666665
Egypt,1929,22.55266666666666
Egypt,1930,22.995166666666655
Egypt,1931,23.035833333333343
Egypt,1932,22.675
Egypt,1933,22.704916666666662
Egypt,1934,22.85983333333333
Egypt,1935,22.827250000000006
Egypt,1936,23.346916666666665
Egypt,1937,23.139166666666664
Egypt,1938,22.52499999999999
Egypt,1939,23.253916666666665
Egypt,1940,22.99575
Egypt,1941,23.228416666666664
Egypt,1942,23.021250000000006
Egypt,1943,22.612499999999997
Egypt,1944,22.784999999999993
Egypt,1945,22.26300000000001
Egypt,1946,23.053749999999994
Egypt,1947,23.3185
Egypt,1948,22.14383333333334
Egypt,1949,21.892500000000002
Egypt,1950,22.68108333333334
Egypt,1951,23.07116666666666
Egypt,1952,23.26299999999999
Egypt,1953,22.6735
Egypt,1954,22.664249999999992
Egypt,1955,23.401999999999997
Egypt,1956,22.97975
Egypt,1957,23.03808333333333
Egypt,1958,23.30475
Egypt,1959,22.284583333333334
Egypt,1960,23.621166666666674
Egypt,1961,22.23375
Egypt,1962,23.496833333333328
Egypt,1963,23.651999999999994
Egypt,1964,22.473083333333335
Egypt,1965,22.763249999999992
Egypt,1966,23.369833333333332
Egypt,1967,22.280916666666666
Egypt,1968,22.73883333333334
Egypt,1969,23.404416666666656
Egypt,1970,22.708416666666665
Egypt,1971,22.679999999999996
Egypt,1972,22.854749999999996
Egypt,1973,22.74058333333334
Egypt,1974,22.690250000000006
Egypt,1975,22.578083333333332
Egypt,1976,22.86091666666666
Egypt,1977,22.667749999999998
Egypt,1978,22.953666666666678
Egypt,1979,23.560166666666664
Egypt,1980,23.065416666666668
Egypt,1981,22.851749999999992
Egypt,1982,22.45375
Egypt,1983,22.093583333333342
Egypt,1984,22.881249999999998
Egypt,1985,23.20966666666666
Egypt,1986,22.90183333333333
Egypt,1987,22.84891666666667
Egypt,1988,23.236500000000003
Egypt,1989,22.790000000000003
Egypt,1990,23.091416666666667
Egypt,1991,23.0885
Egypt,1992,22.554916666666664
Egypt,1993,23.392250000000004
Egypt,1994,23.23500000000001
Egypt,1995,23.16916666666667
Egypt,1996,23.42633333333333
Egypt,1997,22.939666666666675
Egypt,1998,23.68241666666667
Egypt,1999,23.779333333333334
Egypt,2000,22.88141666666666
Egypt,2001,23.616333333333333
Egypt,2002,23.716249999999995
Egypt,2003,23.49641666666666
Egypt,2004,23.51108333333333
Egypt,2005,23.520250000000015
Egypt,2006,23.50566666666667
Egypt,2007,23.584333333333333
Egypt,2008,23.90791666666667
Egypt,2009,23.734999999999985
Egypt,2010,25.15191666666667
Egypt,2011,23.33141666666667
Egypt,2012,23.770916666666672
Egypt,2013,24.505249999999993
Ethiopia,1850,22.395545454545456
Ethiopia,1859,22.3769
Ethiopia,1864,22.418916666666664
Ethiopia,1875,22.100625
Ethiopia,1876,22.32625
Ethiopia,1877,22.92441666666667
Ethiopia,1878,23.129250000000003
Ethiopia,1880,22.821181818181813
Ethiopia,1881,23.01518181818182
Ethiopia,1882,22.631166666666672
Ethiopia,1883,22.434250000000002
Ethiopia,1884,22.287333333333333
Ethiopia,1885,22.553250000000002
Ethiopia,1886,22.603083333333334
Ethiopia,1887,22.304000000000002
Ethiopia,1888,22.362
Ethiopia,1889,22.847499999999997
Ethiopia,1890,22.79575
Ethiopia,1891,22.664666666666665
Ethiopia,1892,22.53158333333333
Ethiopia,1893,22.546083333333332
Ethiopia,1894,22.517333333333337
Ethiopia,1895,22.653666666666666
Ethiopia,1896,22.687083333333334
Ethiopia,1897,22.936916666666665
Ethiopia,1898,23.22366666666667
Ethiopia,1899,22.887833333333337
Ethiopia,1900,22.79366666666667
Ethiopia,1901,22.980666666666668
Ethiopia,1902,22.72333333333333
Ethiopia,1903,22.620500000000003
Ethiopia,1904,22.71816666666666
Ethiopia,1905,22.7135
Ethiopia,1906,22.57575
Ethiopia,1907,22.353166666666663
Ethiopia,1908,22.49741666666667
Ethiopia,1909,22.407749999999997
Ethiopia,1910,23.116083333333332
Ethiopia,1911,22.90991666666667
Ethiopia,1912,22.50316666666667
Ethiopia,1913,22.407
Ethiopia,1914,23.202
Ethiopia,1915,23.339416666666665
Ethiopia,1916,22.475416666666664
Ethiopia,1917,22.277833333333337
Ethiopia,1918,22.4605
Ethiopia,1919,23.269416666666668
Ethiopia,1920,22.809833333333334
Ethiopia,1921,22.698333333333327
Ethiopia,1922,22.484333333333336
Ethiopia,1923,22.445333333333334
Ethiopia,1924,22.838250000000002
Ethiopia,1925,22.71666666666667
Ethiopia,1926,22.919583333333335
Ethiopia,1927,22.77658333333333
Ethiopia,1928,22.801333333333332
Ethiopia,1929,22.958333333333332
Ethiopia,1930,22.988416666666666
Ethiopia,1931,23.312249999999995
Ethiopia,1932,22.71716666666667
Ethiopia,1933,23.09283333333333
Ethiopia,1934,22.83758333333333
Ethiopia,1935,23.036250000000006
Ethiopia,1936,22.84341666666667
Ethiopia,1937,22.856833333333338
Ethiopia,1938,22.876
Ethiopia,1939,23.06025
Ethiopia,1940,23.303416666666674
Ethiopia,1941,23.489833333333337
Ethiopia,1942,23.286500000000004
Ethiopia,1943,22.985500000000002
Ethiopia,1944,23.169416666666667
Ethiopia,1945,23.2055
Ethiopia,1946,23.05333333333333
Ethiopia,1947,23.14858333333333
Ethiopia,1948,22.90941666666667
Ethiopia,1949,22.93675
Ethiopia,1950,22.658
Ethiopia,1951,22.899833333333333
Ethiopia,1952,23.174666666666663
Ethiopia,1953,23.20075
Ethiopia,1954,23.00508333333333
Ethiopia,1955,23.029333333333337
Ethiopia,1956,22.661
Ethiopia,1957,22.850583333333333
Ethiopia,1958,23.362916666666667
Ethiopia,1959,23.148833333333332
Ethiopia,1960,22.94241666666667
Ethiopia,1961,22.895666666666667
Ethiopia,1962,22.859583333333333
Ethiopia,1963,23.07433333333334
Ethiopia,1964,22.84758333333333
Ethiopia,1965,22.85075
Ethiopia,1966,22.956333333333337
Ethiopia,1967,22.717583333333334
Ethiopia,1968,22.635166666666663
Ethiopia,1969,23.187416666666667
Ethiopia,1970,23.135583333333333
Ethiopia,1971,22.75208333333333
Ethiopia,1972,23.251
Ethiopia,1973,23.446250000000003
Ethiopia,1974,22.79225
Ethiopia,1975,22.847666666666665
Ethiopia,1976,22.999916666666664
Ethiopia,1977,23.137250000000005
Ethiopia,1978,23.117250000000002
Ethiopia,1979,23.32941666666667
Ethiopia,1980,23.641999999999996
Ethiopia,1981,23.154583333333335
Ethiopia,1982,23.2555
Ethiopia,1983,23.49333333333334
Ethiopia,1984,23.192000000000004
Ethiopia,1985,22.916583333333335
Ethiopia,1986,23.193250000000003
Ethiopia,1987,23.62658333333333
Ethiopia,1988,23.51908333333333
Ethiopia,1989,22.855999999999998
Ethiopia,1990,23.379583333333333
Ethiopia,1991,23.41241666666666
Ethiopia,1992,23.239499999999992
Ethiopia,1993,22.988750000000007
Ethiopia,1994,23.20866666666667
Ethiopia,1995,23.396500000000003
Ethiopia,1996,23.358583333333332
Ethiopia,1997,23.423833333333334
Ethiopia,1998,23.689416666666663
Ethiopia,1999,23.446833333333334
Ethiopia,2000,23.76258333333333
Ethiopia,2001,23.6615
Ethiopia,2002,23.82325
Ethiopia,2003,23.85716666666667
Ethiopia,2004,23.778666666666663
Ethiopia,2005,23.896916666666666
Ethiopia,2006,23.77808333333333
Ethiopia,2007,23.724
Ethiopia,2008,23.60258333333333
Ethiopia,2009,24.27358333333333
Ethiopia,2010,23.9275
Ethiopia,2011,24.074166666666667
Ethiopia,2012,23.97616666666667
Ethiopia,2013,24.6315
France,1743,10.203
France,1744,13.610124999999998
France,1745,7.949750000000001
France,1750,13.329
France,1751,13.42825
France,1752,9.864333333333333
France,1753,12.771833333333333
France,1754,12.66625
France,1755,12.343499999999999
France,1756,12.710999999999999
France,1757,12.521583333333334
France,1758,11.737333333333332
France,1759,12.839500000000001
France,1760,12.593166666666669
France,1761,12.913166666666667
France,1762,12.623
France,1763,12.2055
France,1764,12.773083333333334
France,1765,12.673166666666667
France,1766,12.563416666666669
France,1767,12.536166666666666
France,1768,12.209833333333334
France,1769,12.529916666666667
France,1770,12.378749999999998
France,1771,12.620833333333335
France,1772,13.489166666666668
France,1773,12.646749999999999
France,1774,12.877916666666664
France,1775,13.27383333333333
France,1776,12.668833333333334
France,1777,12.527750000000003
France,1778,13.070749999999997
France,1779,13.42308333333333
France,1780,13.231916666666665
France,1781,13.471333333333332
France,1782,12.048916666666665
France,1783,13.055333333333332
France,1784,12.140833333333333
France,1785,12.048583333333333
France,1786,12.347583333333334
France,1787,12.880916666666666
France,1788,13.013166666666665
France,1789,12.286166666666666
France,1790,12.961333333333336
France,1791,13.076083333333335
France,1792,12.88825
France,1793,12.945083333333331
France,1794,13.252666666666665
France,1795,12.755
France,1796,12.690000000000003
France,1797,12.860583333333333
France,1798,12.91675
France,1799,11.889083333333332
France,1800,12.996166666666667
France,1801,13.109083333333333
France,1802,13.11908333333333
France,1803,12.616249999999999
France,1804,13.092666666666664
France,1805,11.886833333333334
France,1806,13.272833333333333
France,1807,12.630333333333333
France,1808,11.78975
France,1809,12.022500000000003
France,1810,12.032583333333333
France,1811,12.951500000000001
France,1812,11.558583333333333
France,1813,12.112749999999998
France,1814,11.62825
France,1815,12.267749999999998
France,1816,11.287916666666668
France,1817,12.312
France,1818,12.916583333333334
France,1819,12.679250000000001
France,1820,12.109
France,1821,12.866916666666668
France,1822,13.540333333333336
France,1823,12.299749999999998
France,1824,12.833166666666665
France,1825,13.130749999999999
France,1826,12.830416666666665
France,1827,12.632083333333334
France,1828,13.241999999999999
France,1829,11.566833333333333
France,1830,12.320333333333332
France,1831,12.820500000000001
France,1832,12.423833333333334
France,1833,12.624833333333333
France,1834,13.549083333333336
France,1835,12.263916666666667
France,1836,12.423833333333333
France,1837,12.083499999999999
France,1838,11.9285
France,1839,12.525166666666669
France,1840,12.13016666666667
France,1841,12.503333333333336
France,1842,12.368166666666667
France,1843,12.647583333333335
France,1844,12.255833333333333
France,1845,12.054083333333333
France,1846,13.40075
France,1847,12.345500000000001
France,1848,12.516583333333335
France,1849,12.624583333333334
France,1850,12.217500000000001
France,1851,12.042666666666667
France,1852,13.03558333333333
France,1853,11.826166666666667
France,1854,12.443166666666668
France,1855,11.763583333333337
France,1856,12.615916666666665
France,1857,12.823250000000002
France,1858,12.382083333333332
France,1859,13.107500000000002
France,1860,11.752250000000002
France,1861,12.658083333333336
France,1862,12.939916666666667
France,1863,12.926166666666667
France,1864,12.087333333333333
France,1865,12.9615
France,1866,13.053916666666666
France,1867,12.663333333333334
France,1868,13.267666666666665
France,1869,12.699583333333331
France,1870,12.32441666666667
France,1871,12.007583333333335
France,1872,13.054333333333334
France,1873,12.710333333333333
France,1874,12.610499999999996
France,1875,12.515416666666667
France,1876,12.799333333333337
France,1877,12.878416666666666
France,1878,12.597833333333334
France,1879,11.611416666666665
France,1880,12.72908333333333
France,1881,12.535583333333335
France,1882,12.592833333333331
France,1883,12.220916666666668
France,1884,12.695250000000001
France,1885,12.263166666666669
France,1886,12.421583333333333
France,1887,11.635416666666664
France,1888,11.778166666666666
France,1889,11.93741666666667
France,1890,11.813666666666665
France,1891,11.999166666666667
France,1892,12.378083333333334
France,1893,12.943583333333331
France,1894,12.529583333333333
France,1895,12.415666666666668
France,1896,12.149666666666667
France,1897,12.9275
France,1898,12.962250000000003
France,1899,13.143166666666666
France,1900,12.987333333333334
France,1901,12.328416666666667
France,1902,12.391916666666665
France,1903,12.592333333333334
France,1904,12.813250000000002
France,1905,12.41966666666667
France,1906,12.7145
France,1907,12.508249999999999
France,1908,12.448416666666667
France,1909,12.10725
France,1910,12.492916666666666
France,1911,13.162916666666666
France,1912,12.540333333333335
France,1913,12.913499999999999
France,1914,12.689750000000002
France,1915,12.618166666666667
France,1916,12.679000000000002
France,1917,11.916833333333335
France,1918,12.641416666666666
France,1919,12.254666666666667
France,1920,13.018333333333336
France,1921,13.387166666666666
France,1922,12.370833333333332
France,1923,12.830666666666668
France,1924,12.597666666666667
France,1925,12.460333333333333
France,1926,13.182833333333333
France,1927,12.819749999999999
France,1928,13.2965
France,1929,12.657916666666667
France,1930,13.168750000000001
France,1931,12.531583333333336
France,1932,12.698749999999999
France,1933,12.687
France,1934,13.13275
France,1935,12.797250000000004
France,1936,12.892666666666665
France,1937,13.295166666666665
France,1938,12.94866666666667
France,1939,12.737666666666668
France,1940,12.390833333333333
France,1941,12.326250000000002
France,1942,12.685166666666666
France,1943,13.522916666666665
France,1944,12.800666666666666
France,1945,13.397916666666667
France,1946,12.8345
France,1947,13.631666666666666
France,1948,13.331583333333333
France,1949,13.696
France,1950,13.23325
France,1951,12.947083333333337
France,1952,13.088916666666664
France,1953,13.14366666666667
France,1954,12.618416666666668
France,1955,13.038333333333336
France,1956,12.063749999999999
France,1957,13.101999999999999
France,1958,13.083166666666669
France,1959,13.675249999999998
France,1960,13.027666666666669
France,1961,13.701833333333335
France,1962,12.414333333333333
France,1963,12.072833333333334
France,1964,12.990416666666668
France,1965,12.501833333333337
France,1966,13.215166666666667
France,1967,13.0875
France,1968,12.79775
France,1969,12.8335
France,1970,12.89925
France,1971,12.869166666666667
France,1972,12.594416666666666
France,1973,12.887166666666666
France,1974,13.040416666666665
France,1975,12.9625
France,1976,13.27833333333333
France,1977,13.016583333333331
France,1978,12.656999999999998
France,1979,12.836416666666665
France,1980,12.555833333333334
France,1981,13.080666666666666
France,1982,13.679416666666667
France,1983,13.487833333333334
France,1984,12.868249999999998
France,1985,12.627999999999998
France,1986,12.871666666666664
France,1987,12.955166666666669
France,1988,13.580916666666667
France,1989,13.930083333333336
France,1990,14.038833333333331
France,1991,13.1395
France,1992,13.462916666666667
France,1993,13.150166666666669
France,1994,14.15616666666667
France,1995,13.899749999999997
France,1996,13.013916666666667
France,1997,14.096000000000002
France,1998,13.720666666666665
France,1999,13.904916666666667
France,2000,13.967333333333334
France,2001,13.696500000000002
France,2002,14.048166666666669
France,2003,14.337916666666667
France,2004,13.664083333333332
France,2005,13.694249999999998
France,2006,14.143833333333339
France,2007,13.896583333333332
France,2008,13.5815
France,2009,13.941666666666668
France,2010,13.115416666666667
France,2011,14.479583333333336
France,2012,13.707166666666666
France,2013,13.584625
Germany,1743,5.468
Germany,1744,9.541624999999998
Germany,1745,1.1692500000000003
Germany,1750,9.038636363636364
Germany,1751,8.934249999999999
Germany,1752,4.240333333333333
Germany,1753,8.029166666666667
Germany,1754,7.759833333333333
Germany,1755,7.5200000000000005
Germany,1756,8.408750000000001
Germany,1757,8.108583333333334
Germany,1758,7.496083333333335
Germany,1759,8.41275
Germany,1760,8.380166666666666
Germany,1761,8.596166666666665
Germany,1762,7.805916666666666
Germany,1763,7.712083333333335
Germany,1764,8.210416666666667
Germany,1765,7.884583333333334
Germany,1766,7.917583333333333
Germany,1767,7.437
Germany,1768,7.413500000000002
Germany,1769,7.794083333333332
Germany,1770,7.789583333333333
Germany,1771,7.109166666666667
Germany,1772,8.607083333333334
Germany,1773,8.618333333333334
Germany,1774,7.841333333333334
Germany,1775,8.950666666666667
Germany,1776,7.725666666666666
Germany,1777,7.690333333333334
Germany,1778,8.708166666666665
Germany,1779,9.46975
Germany,1780,8.100916666666667
Germany,1781,9.169166666666666
Germany,1782,7.594500000000001
Germany,1783,8.868416666666667
Germany,1784,6.907
Germany,1785,6.755083333333332
Germany,1786,7.015083333333333
Germany,1787,8.382
Germany,1788,7.770666666666667
Germany,1789,7.955166666666668
Germany,1790,8.322166666666666
Germany,1791,8.633416666666667
Germany,1792,8.201500000000001
Germany,1793,8.412333333333333
Germany,1794,9.129
Germany,1795,8.037583333333332
Germany,1796,8.179083333333333
Germany,1797,9.023166666666667
Germany,1798,8.495750000000001
Germany,1799,6.313083333333332
Germany,1800,8.106666666666667
Germany,1801,8.810666666666664
Germany,1802,8.26
Germany,1803,7.3542499999999995
Germany,1804,7.838583333333333
Germany,1805,6.474499999999999
Germany,1806,8.898166666666667
Germany,1807,8.49675
Germany,1808,7.315916666666667
Germany,1809,7.8549999999999995
Germany,1810,7.7455
Germany,1811,9.143833333333335
Germany,1812,6.762916666666666
Germany,1813,7.682833333333334
Germany,1814,6.810000000000001
Germany,1815,7.631916666666666
Germany,1816,6.764333333333333
Germany,1817,7.949083333333334
Germany,1818,8.280833333333334
Germany,1819,8.586333333333334
Germany,1820,7.17875
Germany,1821,8.215583333333335
Germany,1822,9.348666666666666
Germany,1823,7.595666666666667
Germany,1824,8.56575
Germany,1825,8.711416666666667
Germany,1826,8.551083333333333
Germany,1827,8.151583333333333
Germany,1828,8.411083333333332
Germany,1829,5.905
Germany,1830,7.289583333333333
Germany,1831,8.460499999999998
Germany,1832,7.671916666666665
Germany,1833,8.111166666666668
Germany,1834,9.511083333333334
Germany,1835,7.958749999999999
Germany,1836,8.083416666666666
Germany,1837,7.302833333333332
Germany,1838,6.45075
Germany,1839,7.968499999999999
Germany,1840,7.025333333333333
Germany,1841,8.372583333333333
Germany,1842,7.815416666666668
Germany,1843,8.277583333333334
Germany,1844,7.219833333333331
Germany,1845,7.122166666666665
Germany,1846,9.166750000000002
Germany,1847,7.479666666666667
Germany,1848,8.107416666666667
Germany,1849,7.5646666666666675
Germany,1850,7.41575
Germany,1851,7.578166666666667
Germany,1852,8.750583333333333
Germany,1853,6.8730833333333345
Germany,1854,7.866333333333333
Germany,1855,6.456333333333333
Germany,1856,7.731166666666668
Germany,1857,8.5035
Germany,1858,7.286499999999999
Germany,1859,8.856666666666667
Germany,1860,7.061666666666667
Germany,1861,8.089166666666667
Germany,1862,8.503833333333333
Germany,1863,8.888583333333333
Germany,1864,6.47225
Germany,1865,8.22075
Germany,1866,8.61125
Germany,1867,7.791333333333334
Germany,1868,9.360249999999999
Germany,1869,8.139916666666666
Germany,1870,6.981750000000001
Germany,1871,6.580083333333332
Germany,1872,9.118583333333333
Germany,1873,8.406833333333333
Germany,1874,8.018166666666668
Germany,1875,7.517999999999998
Germany,1876,7.997
Germany,1877,8.182416666666667
Germany,1878,8.292999999999997
Germany,1879,6.660916666666668
Germany,1880,8.276583333333335
Germany,1881,7.25325
Germany,1882,8.316583333333336
Germany,1883,7.837500000000001
Germany,1884,8.486166666666666
Germany,1885,7.726833333333334
Germany,1886,7.990583333333333
Germany,1887,6.994833333333332
Germany,1888,6.9081666666666655
Germany,1889,7.44325
Germany,1890,7.3700833333333335
Germany,1891,7.493249999999999
Germany,1892,7.587666666666667
Germany,1893,7.946999999999999
Germany,1894,8.18025
Germany,1895,7.422500000000002
Germany,1896,7.687750000000001
Germany,1897,8.050666666666666
Germany,1898,8.614749999999999
Germany,1899,8.236749999999999
Germany,1900,8.452083333333334
Germany,1901,7.6810833333333335
Germany,1902,7.256666666666667
Germany,1903,8.402416666666666
Germany,1904,8.400333333333334
Germany,1905,8.027416666666667
Germany,1906,8.354
Germany,1907,7.852583333333334
Germany,1908,7.521333333333334
Germany,1909,7.336833333333335
Germany,1910,8.418750000000001
Germany,1911,9.026
Germany,1912,7.837416666666666
Germany,1913,8.506749999999998
Germany,1914,8.486916666666668
Germany,1915,7.875333333333333
Germany,1916,8.426916666666665
Germany,1917,7.4995
Germany,1918,8.493583333333335
Germany,1919,7.30075
Germany,1920,8.615666666666666
Germany,1921,9.014666666666667
Germany,1922,7.175916666666667
Germany,1923,7.980916666666666
Germany,1924,7.520500000000001
Germany,1925,8.289166666666668
Germany,1926,8.7205
Germany,1927,8.080166666666669
Germany,1928,8.371583333333332
Germany,1929,7.406583333333333
Germany,1930,8.782750000000002
Germany,1931,7.59575
Germany,1932,8.353166666666667
Germany,1933,7.703749999999999
Germany,1934,9.569666666666665
Germany,1935,8.471666666666666
Germany,1936,8.476416666666667
Germany,1937,8.711916666666667
Germany,1938,8.808333333333334
Germany,1939,8.452166666666667
Germany,1940,6.6250833333333325
Germany,1941,7.139583333333334
Germany,1942,7.238499999999999
Germany,1943,8.9215
Germany,1944,8.317583333333333
Germany,1945,8.9005
Germany,1946,8.383333333333333
Germany,1947,8.458416666666666
Germany,1948,9.042416666666666
Germany,1949,9.1765
Germany,1950,8.653416666666667
Germany,1951,8.816416666666667
Germany,1952,8.006833333333333
Germany,1953,9.067
Germany,1954,7.788833333333334
Germany,1955,7.684083333333333
Germany,1956,6.9695
Germany,1957,8.686083333333334
Germany,1958,8.325833333333334
Germany,1959,9.182749999999999
Germany,1960,8.514166666666666
Germany,1961,9.124166666666666
Germany,1962,7.324916666666667
Germany,1963,7.220499999999999
Germany,1964,8.236333333333333
Germany,1965,7.632999999999999
Germany,1966,8.645666666666669
Germany,1967,9.041666666666666
Germany,1968,8.323583333333334
Germany,1969,7.912999999999999
Germany,1970,7.856083333333333
Germany,1971,8.600166666666667
Germany,1972,8.054833333333335
Germany,1973,8.402833333333335
Germany,1974,8.970416666666667
Germany,1975,9.093666666666667
Germany,1976,8.6505
Germany,1977,8.804833333333333
Germany,1978,7.9327499999999995
Germany,1979,7.901666666666666
Germany,1980,7.727250000000001
Germany,1981,8.320500000000001
Germany,1982,9.073333333333332
Germany,1983,9.185666666666668
Germany,1984,8.123
Germany,1985,7.613333333333332
Germany,1986,8.085083333333332
Germany,1987,7.58925
Germany,1988,9.195583333333333
Germany,1989,9.679833333333335
Germany,1990,9.6895
Germany,1991,8.523083333333332
Germany,1992,9.505833333333333
Germany,1993,8.6335
Germany,1994,9.847000000000001
Germany,1995,9.0335
Germany,1996,7.374416666666668
Germany,1997,9.048666666666668
Germany,1998,9.17175
Germany,1999,9.62075
Germany,2000,10.020416666666668
Germany,2001,9.090416666666664
Germany,2002,9.637333333333332
Germany,2003,9.49425
Germany,2004,9.053416666666665
Germany,2005,9.128416666666666
Germany,2006,9.706000000000001
Germany,2007,9.997500000000002
Germany,2008,9.642166666666666
Germany,2009,9.359166666666665
Germany,2010,8.008999999999999
Germany,2011,9.819583333333334
Germany,2012,9.227166666666667
Germany,2013,9.23525
India,1796,23.675249999999988
India,1797,24.8399
India,1798,23.2733
India,1799,23.949416666666668
India,1800,23.911916666666674
India,1801,23.17509999999999
India,1802,24.38433333333334
India,1803,24.145750000000003
India,1804,24.492416666666674
India,1805,24.025499999999997
India,1806,23.926166666666674
India,1807,23.499600000000004
India,1813,23.271250000000016
India,1814,22.657363636363627
India,1815,22.80774999999999
India,1816,22.424000000000003
India,1817,22.59550000000001
India,1818,22.952999999999996
India,1819,22.653583333333327
India,1820,22.840750000000007
India,1821,23.527583333333347
India,1822,23.59741666666667
India,1823,23.471083333333347
India,1824,24.04974999999999
India,1825,23.79608333333334
India,1826,23.85900000000001
India,1827,23.956416666666662
India,1828,23.623666666666676
India,1829,23.443500000000007
India,1830,23.672333333333345
India,1831,23.241666666666667
India,1832,23.458599999999986
India,1833,23.548249999999996
India,1834,23.529500000000006
India,1835,22.658083333333337
India,1836,23.259166666666662
India,1837,23.182916666666664
India,1838,23.192916666666655
India,1839,23.244750000000003
India,1840,23.445166666666644
India,1841,23.260749999999987
India,1842,23.414250000000003
India,1843,23.31233333333333
India,1844,23.094083333333323
India,1845,23.34316666666667
India,1846,23.802500000000016
India,1847,23.31833333333333
India,1848,23.227583333333342
India,1849,23.224249999999994
India,1850,23.50458333333334
India,1851,23.485166666666665
India,1852,23.37833333333333
India,1853,23.665416666666673
India,1854,23.759083333333336
India,1855,23.774740740740747
India,1856,23.077074074074073
India,1857,22.964500000000005
India,1858,23.60008333333333
India,1859,23.67108333333333
India,1860,23.396833333333337
India,1861,23.299333333333323
India,1862,18.659666666666666
India,1865,24.09168292682927
India,1866,23.822999999999993
India,1867,23.912209302325582
India,1868,23.654763358778624
India,1869,23.719277372262788
India,1870,23.53516666666667
India,1871,23.61516666666665
India,1872,23.626833333333327
India,1873,23.70183333333334
India,1874,23.53675757575757
India,1875,23.75549999999999
India,1876,23.725916666666656
India,1877,23.882750000000005
India,1878,24.131083333333322
India,1879,23.601083333333325
India,1880,23.86075
India,1881,23.677833333333325
India,1882,23.588499999999993
India,1883,23.340833333333336
India,1884,23.240666666666677
India,1885,23.389916666666668
India,1886,23.64483333333332
India,1887,23.422166666666662
India,1888,23.70266666666666
India,1889,23.98816666666666
India,1890,23.698416666666677
India,1891,23.64758333333332
India,1892,23.989833333333337
India,1893,22.889833333333335
India,1894,23.69166666666666
India,1895,23.800083333333326
India,1896,24.404416666666666
India,1897,24.219500000000007
India,1898,24.063833333333303
India,1899,24.171749999999985
India,1900,24.36783333333333
India,1901,24.084250000000004
India,1902,24.31866666666665
India,1903,23.767416666666673
India,1904,23.75850000000001
India,1905,23.515000000000004
India,1906,23.888083333333334
India,1907,23.67708333333333
India,1908,23.74191666666665
India,1909,23.660999999999994
India,1910,23.54416666666669
India,1911,23.869333333333326
India,1912,24.00708333333334
India,1913,23.700833333333332
India,1914,23.82550000000001
India,1915,24.290083333333335
India,1916,23.825500000000005
India,1917,23.081083333333336
India,1918,23.77174999999999
India,1919,23.825166666666686
India,1920,23.95541666666666
India,1921,24.249250000000014
India,1922,23.904416666666677
India,1923,23.90924999999999
India,1924,24.045999999999996
India,1925,23.662583333333327
India,1926,23.847333333333353
India,1927,23.773749999999993
India,1928,24.139000000000003
India,1929,23.97141666666666
India,1930,23.837000000000007
India,1931,24.24933333333334
India,1932,24.078583333333338
India,1933,23.56033333333334
India,1934,23.767416666666673
India,1935,23.761833333333325
India,1936,23.834833333333343
India,1937,23.707916666666662
India,1938,23.89191666666665
India,1939,23.993249999999996
India,1940,23.90225
India,1941,24.674249999999986
India,1942,24.210500000000014
India,1943,23.905166666666688
India,1944,23.847916666666656
India,1945,23.671583333333327
India,1946,24.13441666666666
India,1947,24.279500000000006
India,1948,24.190000000000005
India,1949,24.047250000000012
India,1950,23.659333333333336
India,1951,24.220666666666663
India,1952,24.36550000000001
India,1953,24.561583333333324
India,1954,24.167166666666688
India,1955,23.95216666666666
India,1956,23.89966666666666
India,1957,24.026416666666663
India,1958,24.676333333333332
India,1959,24.266833333333338
India,1960,24.28716666666667
India,1961,23.815249999999985
India,1962,23.88475000000001
India,1963,24.095749999999992
India,1964,24.0705
India,1965,24.09091666666667
India,1966,24.438583333333348
India,1967,23.99208333333334
India,1968,23.864750000000015
India,1969,24.501166666666677
India,1970,24.074083333333338
India,1971,23.634000000000007
India,1972,24.27216666666665
India,1973,24.386583333333324
India,1974,24.17575
India,1975,23.862166666666685
India,1976,24.199583333333326
India,1977,24.28891666666668
India,1978,24.007333333333342
India,1979,24.553583333333343
India,1980,24.593083333333354
India,1981,24.228416666666664
India,1982,24.21825
India,1983,23.937999999999995
India,1984,24.185083333333328
India,1985,24.48633333333333
India,1986,24.29450000000001
India,1987,24.78908333333335
India,1988,24.727749999999993
India,1989,24.162333333333333
India,1990,24.178166666666666
India,1991,24.31175
India,1992,24.222916666666674
India,1993,24.408666666666665
India,1994,24.296416666666676
India,1995,24.429750000000013
India,1996,24.436916666666654
India,1997,24.047333333333345
India,1998,24.75541666666666
India,1999,24.659833333333342
India,2000,24.498000000000015
India,2001,24.581916666666686
India,2002,24.913
India,2003,24.64991666666667
India,2004,24.63458333333332
India,2005,24.495416666666664
India,2006,24.73208333333334
India,2007,24.649916666666655
India,2008,24.406000000000002
India,2009,25.14666666666669
India,2010,25.050833333333355
India,2011,24.415583333333323
India,2012,24.640833333333337
India,2013,25.413250000000012
Indonesia,1825,25.552166666666665
Indonesia,1839,24.78522222222222
Indonesia,1840,24.839250000000003
Indonesia,1841,24.581000000000003
Indonesia,1850,25.038250000000005
Indonesia,1851,25.247833333333332
Indonesia,1852,25.12891666666667
Indonesia,1853,25.179222222222226
Indonesia,1854,25.215454545454552
Indonesia,1855,25.26908333333333
Indonesia,1856,25.135416666666668
Indonesia,1866,25.261416666666666
Indonesia,1867,25.317750000000004
Indonesia,1868,25.329333333333334
Indonesia,1869,25.338499999999996
Indonesia,1870,25.040166666666668
Indonesia,1871,25.000583333333335
Indonesia,1872,25.18825
Indonesia,1873,25.34266666666667
Indonesia,1874,25.280666666666665
Indonesia,1875,24.90641666666666
Indonesia,1876,25.049333333333333
Indonesia,1877,25.48308333333333
Indonesia,1878,25.875500000000002
Indonesia,1879,25.113833333333332
Indonesia,1880,25.15666666666667
Indonesia,1881,25.384500000000003
Indonesia,1882,25.30508333333333
Indonesia,1883,25.305166666666665
Indonesia,1884,24.93025
Indonesia,1885,25.214583333333337
Indonesia,1886,25.219916666666666
Indonesia,1887,24.798666666666662
Indonesia,1888,25.322999999999997
Indonesia,1889,25.621916666666667
Indonesia,1890,25.033083333333334
Indonesia,1891,25.18291666666666
Indonesia,1892,25.22308333333334
Indonesia,1893,25.068250000000003
Indonesia,1894,25.045083333333334
Indonesia,1895,25.209666666666667
Indonesia,1896,25.251666666666665
Indonesia,1897,25.677749999999993
Indonesia,1898,25.30283333333334
Indonesia,1899,25.16358333333333
Indonesia,1900,25.734583333333333
Indonesia,1901,25.392416666666662
Indonesia,1902,25.205416666666665
Indonesia,1903,25.423
Indonesia,1904,25.029333333333337
Indonesia,1905,25.682333333333332
Indonesia,1906,25.654000000000007
Indonesia,1907,25.24758333333334
Indonesia,1908,25.34875
Indonesia,1909,25.43858333333333
Indonesia,1910,25.405749999999998
Indonesia,1911,25.359666666666666
Indonesia,1912,25.499
Indonesia,1913,25.24325
Indonesia,1914,25.453083333333336
Indonesia,1915,25.723249999999997
Indonesia,1916,25.37
Indonesia,1917,25.267416666666666
Indonesia,1918,25.070333333333334
Indonesia,1919,25.436666666666664
Indonesia,1920,25.521833333333333
Indonesia,1921,25.386666666666667
Indonesia,1922,25.349999999999998
Indonesia,1923,25.311833333333336
Indonesia,1924,25.528666666666666
Indonesia,1925,25.34641666666667
Indonesia,1926,25.793916666666664
Indonesia,1927,25.632666666666665
Indonesia,1928,25.702250000000003
Indonesia,1929,25.481666666666666
Indonesia,1930,25.66508333333334
Indonesia,1931,25.936666666666667
Indonesia,1932,25.680583333333335
Indonesia,1933,25.63666666666667
Indonesia,1934,25.566833333333335
Indonesia,1935,25.627916666666668
Indonesia,1936,25.725083333333334
Indonesia,1937,25.78458333333333
Indonesia,1938,25.687
Indonesia,1939,25.618
Indonesia,1940,25.65625
Indonesia,1941,26.021333333333335
Indonesia,1942,26.169916666666666
Indonesia,1943,25.5665
Indonesia,1944,25.68066666666667
Indonesia,1945,25.705416666666668
Indonesia,1946,25.913750000000004
Indonesia,1947,26.123250000000002
Indonesia,1948,25.90941666666667
Indonesia,1949,25.75758333333333
Indonesia,1950,25.65425
Indonesia,1951,26.08125
Indonesia,1952,26.078333333333337
Indonesia,1953,26.028916666666664
Indonesia,1954,25.816000000000003
Indonesia,1955,25.660666666666668
Indonesia,1956,25.672250000000002
Indonesia,1957,25.95233333333334
Indonesia,1958,26.169249999999995
Indonesia,1959,25.991000000000003
Indonesia,1960,26.02916666666667
Indonesia,1961,25.771666666666672
Indonesia,1962,25.789416666666668
Indonesia,1963,25.838583333333336
Indonesia,1964,25.8355
Indonesia,1965,25.70175
Indonesia,1966,25.94391666666667
Indonesia,1967,25.83508333333333
Indonesia,1968,25.951083333333333
Indonesia,1969,26.113083333333332
Indonesia,1970,26.060166666666664
Indonesia,1971,25.79291666666667
Indonesia,1972,26.06191666666666
Indonesia,1973,26.221833333333336
Indonesia,1974,25.897083333333338
Indonesia,1975,25.898500000000002
Indonesia,1976,25.780833333333334
Indonesia,1977,25.9025
Indonesia,1978,25.985083333333336
Indonesia,1979,26.060000000000002
Indonesia,1980,26.030249999999995
Indonesia,1981,26.030916666666666
Indonesia,1982,25.94175
Indonesia,1983,26.23833333333334
Indonesia,1984,25.773250000000004
Indonesia,1985,25.994083333333332
Indonesia,1986,26.057166666666664
Indonesia,1987,26.36833333333333
Indonesia,1988,26.250666666666664
Indonesia,1989,26.054000000000002
Indonesia,1990,26.23783333333333
Indonesia,1991,26.075166666666664
Indonesia,1992,26.170166666666663
Indonesia,1993,26.138833333333327
Indonesia,1994,26.08425
Indonesia,1995,26.229666666666663
Indonesia,1996,26.215000000000003
Indonesia,1997,26.371916666666664
Indonesia,1998,26.754749999999998
Indonesia,1999,26.133499999999998
Indonesia,2000,26.190250000000002
Indonesia,2001,26.32975
Indonesia,2002,26.528999999999996
Indonesia,2003,26.4455
Indonesia,2004,26.43483333333334
Indonesia,2005,26.45375
Indonesia,2006,26.381750000000007
Indonesia,2007,26.293083333333332
Indonesia,2008,26.065250000000002
Indonesia,2009,26.455000000000002
Indonesia,2010,26.537000000000003
Indonesia,2011,26.202250000000003
Indonesia,2012,26.322083333333328
Indonesia,2013,26.467
Iran,1837,17.730363636363634
Iran,1838,16.490333333333332
Iran,1839,16.71175
Iran,1840,16.81025
Iran,1841,16.671583333333334
Iran,1842,17.286
Iran,1843,17.237666666666666
Iran,1844,16.830249999999996
Iran,1845,16.91225
Iran,1846,17.554416666666665
Iran,1847,17.15416666666667
Iran,1848,16.862333333333332
Iran,1849,17.17025
Iran,1850,16.77825
Iran,1851,17.4675
Iran,1852,17.240499999999997
Iran,1853,17.264083333333332
Iran,1854,16.98183333333333
Iran,1855,17.45716666666667
Iran,1856,16.974499999999995
Iran,1857,16.59475
Iran,1858,17.300833333333333
Iran,1859,17.461333333333332
Iran,1860,17.26133333333333
Iran,1861,16.54741666666667
Iran,1862,16.312166666666666
Iran,1863,16.814000000000004
Iran,1864,16.952833333333334
Iran,1865,17.25133333333333
Iran,1866,16.976166666666668
Iran,1867,17.372333333333334
Iran,1868,17.331416666666666
Iran,1869,17.54741666666667
Iran,1870,17.458666666666666
Iran,1871,17.24816666666667
Iran,1872,17.514666666666667
Iran,1873,17.6665
Iran,1874,17.394166666666663
Iran,1875,17.451833333333337
Iran,1876,17.322916666666668
Iran,1877,17.663416666666667
Iran,1878,17.69408333333333
Iran,1879,17.66558333333333
Iran,1880,17.03675
Iran,1881,17.763416666666668
Iran,1882,16.971
Iran,1883,17.475083333333334
Iran,1884,17.081166666666665
Iran,1885,17.00233333333333
Iran,1886,16.973833333333335
Iran,1887,17.2525
Iran,1888,17.812083333333337
Iran,1889,17.490416666666665
Iran,1890,17.295083333333334
Iran,1891,17.179916666666667
Iran,1892,17.628166666666665
Iran,1893,17.365333333333336
Iran,1894,17.015583333333336
Iran,1895,17.249333333333333
Iran,1896,17.151249999999997
Iran,1897,17.182250000000003
Iran,1898,16.832333333333334
Iran,1899,17.886583333333334
Iran,1900,17.12166666666667
Iran,1901,17.893583333333336
Iran,1902,17.993333333333332
Iran,1903,16.859250000000003
Iran,1904,17.2895
Iran,1905,17.09
Iran,1906,17.22625
Iran,1907,16.83725
Iran,1908,17.364
Iran,1909,17.760416666666668
Iran,1910,17.008
Iran,1911,16.20358333333333
Iran,1912,17.540166666666668
Iran,1913,17.332916666666666
Iran,1914,17.749583333333334
Iran,1915,18.186083333333332
Iran,1916,16.990333333333336
Iran,1917,17.691833333333335
Iran,1918,16.994249999999997
Iran,1919,17.735166666666668
Iran,1920,16.47466666666667
Iran,1921,17.261416666666666
Iran,1922,17.992583333333332
Iran,1923,17.155999999999995
Iran,1924,17.702583333333333
Iran,1925,17.61475
Iran,1926,17.597416666666664
Iran,1927,17.584166666666665
Iran,1928,17.18875
Iran,1929,17.17866666666667
Iran,1930,17.18225
Iran,1931,17.136083333333335
Iran,1932,17.073916666666666
Iran,1933,17.220833333333335
Iran,1934,16.91275
Iran,1935,17.592249999999996
Iran,1936,17.51758333333333
Iran,1937,17.501333333333335
Iran,1938,17.711916666666664
Iran,1939,17.64766666666667
Iran,1940,18.205916666666667
Iran,1941,18.412416666666665
Iran,1942,18.02566666666667
Iran,1943,17.262333333333334
Iran,1944,17.963916666666666
Iran,1945,17.29158333333333
Iran,1946,17.60466666666667
Iran,1947,18.31175
Iran,1948,17.552666666666667
Iran,1949,16.7755
Iran,1950,16.908833333333334
Iran,1951,17.576166666666666
Iran,1952,17.552249999999997
Iran,1953,17.729833333333332
Iran,1954,17.665583333333334
Iran,1955,18.2235
Iran,1956,17.567583333333335
Iran,1957,16.864166666666666
Iran,1958,18.20525
Iran,1959,17.493083333333335
Iran,1960,17.89375
Iran,1961,17.739333333333335
Iran,1962,17.798000000000002
Iran,1963,18.258916666666668
Iran,1964,16.906333333333333
Iran,1965,17.752583333333334
Iran,1966,18.403166666666664
Iran,1967,17.280083333333334
Iran,1968,17.548250000000003
Iran,1969,17.522916666666664
Iran,1970,18.452
Iran,1971,17.901416666666666
Iran,1972,16.42383333333333
Iran,1973,17.786583333333336
Iran,1974,16.98925
Iran,1975,17.44183333333333
Iran,1976,17.35291666666667
Iran,1977,18.28291666666667
Iran,1978,18.15125
Iran,1979,18.208666666666666
Iran,1980,18.328833333333332
Iran,1981,18.41825
Iran,1982,17.32675
Iran,1983,17.95991666666667
Iran,1984,17.627916666666668
Iran,1985,18.11133333333333
Iran,1986,17.700666666666667
Iran,1987,18.39625
Iran,1988,18.512166666666666
Iran,1989,17.993083333333335
Iran,1990,18.426416666666665
Iran,1991,18.02925
Iran,1992,16.949749999999998
Iran,1993,17.741083333333332
Iran,1994,18.386
Iran,1995,18.407916666666665
Iran,1996,18.20641666666667
Iran,1997,18.303250000000002
Iran,1998,19.16991666666667
Iran,1999,19.15791666666667
Iran,2000,18.892083333333336
Iran,2001,19.47383333333333
Iran,2002,19.14241666666667
Iran,2003,18.915166666666668
Iran,2004,19.14991666666667
Iran,2005,18.80666666666667
Iran,2006,19.211916666666667
Iran,2007,18.74041666666667
Iran,2008,18.90491666666667
Iran,2009,19.1095
Iran,2010,20.09016666666667
Iran,2011,18.91541666666667
Iran,2012,18.959666666666664
Iran,2013,20.541
Iraq,1819,19.325625
Iraq,1820,20.80257142857143
Iraq,1821,21.98166666666667
Iraq,1822,20.048181818181817
Iraq,1823,18.142555555555557
Iraq,1824,22.129
Iraq,1825,21.5125
Iraq,1826,21.42675
Iraq,1827,22.297333333333338
Iraq,1828,21.38775
Iraq,1829,21.435999999999996
Iraq,1830,21.757833333333327
Iraq,1831,20.934583333333336
Iraq,1832,20.44775
Iraq,1833,21.293000000000003
Iraq,1834,21.11225
Iraq,1835,20.686083333333332
Iraq,1836,21.116083333333332
Iraq,1837,20.925583333333332
Iraq,1838,20.651
Iraq,1839,20.875
Iraq,1840,20.93466666666667
Iraq,1841,21.076333333333334
Iraq,1842,21.4935
Iraq,1843,21.353833333333338
Iraq,1844,21.09591666666667
Iraq,1845,21.220750000000002
Iraq,1846,21.847833333333337
Iraq,1847,21.50108333333333
Iraq,1848,21.30675
Iraq,1849,21.516500000000004
Iraq,1850,20.919
Iraq,1851,21.892333333333337
Iraq,1852,21.51233333333333
Iraq,1853,21.866583333333335
Iraq,1854,21.120583333333332
Iraq,1855,21.676583333333337
Iraq,1856,21.123166666666666
Iraq,1857,20.70566666666667
Iraq,1858,21.56741666666667
Iraq,1859,21.636
Iraq,1860,21.79075
Iraq,1861,20.520666666666667
Iraq,1862,20.397916666666664
Iraq,1863,20.81775
Iraq,1864,21.449666666666673
Iraq,1865,21.774666666666672
Iraq,1866,21.43575
Iraq,1867,21.58775
Iraq,1868,21.53
Iraq,1869,21.888416666666668
Iraq,1870,21.738500000000002
Iraq,1871,21.35541666666667
Iraq,1872,21.84091666666667
Iraq,1873,22.07383333333333
Iraq,1874,21.520416666666673
Iraq,1875,21.102166666666665
Iraq,1876,21.752166666666668
Iraq,1877,22.193250000000006
Iraq,1878,22.100166666666667
Iraq,1879,22.244666666666664
Iraq,1880,20.920916666666667
Iraq,1881,21.83725
Iraq,1882,21.089916666666667
Iraq,1883,21.7925
Iraq,1884,21.21125
Iraq,1885,21.556916666666666
Iraq,1886,21.266000000000002
Iraq,1887,21.63766666666667
Iraq,1888,22.02925
Iraq,1889,22.020749999999996
Iraq,1890,21.40008333333333
Iraq,1891,21.724083333333336
Iraq,1892,21.953333333333337
Iraq,1893,21.5245
Iraq,1894,20.874750000000002
Iraq,1895,21.25091666666667
Iraq,1896,20.976833333333335
Iraq,1897,21.08175
Iraq,1898,21.11616666666667
Iraq,1899,21.85008333333333
Iraq,1900,21.70516666666667
Iraq,1901,22.73966666666667
Iraq,1902,22.210833333333337
Iraq,1903,21.282500000000002
Iraq,1904,21.41425
Iraq,1905,21.247916666666665
Iraq,1906,21.356833333333338
Iraq,1907,20.748833333333334
Iraq,1908,21.369249999999997
Iraq,1909,22.220916666666668
Iraq,1910,21.351250000000004
Iraq,1911,20.295666666666666
Iraq,1912,21.829333333333334
Iraq,1913,21.15158333333333
Iraq,1914,21.32975
Iraq,1915,22.05575
Iraq,1916,21.862083333333334
Iraq,1917,22.044
Iraq,1918,21.405833333333334
Iraq,1919,22.014749999999996
Iraq,1920,20.769916666666663
Iraq,1921,21.275583333333334
Iraq,1922,22.10141666666667
Iraq,1923,21.812166666666666
Iraq,1924,22.051500000000004
Iraq,1925,21.575666666666667
Iraq,1926,21.72366666666667
Iraq,1927,21.886916666666668
Iraq,1928,21.7915
Iraq,1929,21.95075
Iraq,1930,22.258333333333336
Iraq,1931,21.81516666666667
Iraq,1932,21.55175
Iraq,1933,21.07575
Iraq,1934,21.497583333333335
Iraq,1935,22.45866666666667
Iraq,1936,21.906999999999996
Iraq,1937,22.28183333333334
Iraq,1938,21.715416666666666
Iraq,1939,21.78016666666667
Iraq,1940,22.332083333333333
Iraq,1941,22.097499999999997
Iraq,1942,22.117083333333337
Iraq,1943,21.59358333333334
Iraq,1944,22.063
Iraq,1945,21.32483333333333
Iraq,1946,21.72491666666667
Iraq,1947,22.806749999999997
Iraq,1948,21.32625
Iraq,1949,21.054999999999996
Iraq,1950,21.311750000000004
Iraq,1951,22.277666666666665
Iraq,1952,22.300750000000004
Iraq,1953,21.429333333333332
Iraq,1954,22.282750000000004
Iraq,1955,22.50075
Iraq,1956,21.47975
Iraq,1957,21.555083333333332
Iraq,1958,22.276333333333337
Iraq,1959,21.290166666666668
Iraq,1960,22.727500000000003
Iraq,1961,21.939333333333334
Iraq,1962,23.15225
Iraq,1963,22.331
Iraq,1964,21.373250000000002
Iraq,1965,22.181583333333336
Iraq,1966,23.07816666666667
Iraq,1967,21.077583333333333
Iraq,1968,22.015583333333336
Iraq,1969,22.391250000000003
Iraq,1970,22.602666666666664
Iraq,1971,21.819916666666668
Iraq,1972,21.17716666666667
Iraq,1973,22.04008333333333
Iraq,1974,21.653750000000002
Iraq,1975,21.813416666666665
Iraq,1976,21.57025
Iraq,1977,22.218416666666666
Iraq,1978,22.406750000000002
Iraq,1979,23.28566666666667
Iraq,1980,22.377583333333337
Iraq,1981,22.419
Iraq,1982,21.185166666666667
Iraq,1983,21.534833333333335
Iraq,1984,21.842
Iraq,1985,22.203
Iraq,1986,22.32433333333333
Iraq,1987,22.607666666666663
Iraq,1988,22.058583333333335
Iraq,1989,22.338416666666664
Iraq,1990,22.541500000000003
Iraq,1991,22.280333333333335
Iraq,1992,20.68583333333333
Iraq,1993,21.90308333333334
Iraq,1994,22.642416666666662
Iraq,1995,22.431
Iraq,1996,23.01375
Iraq,1997,21.921166666666668
Iraq,1998,23.455416666666668
Iraq,1999,23.493333333333336
Iraq,2000,22.988833333333332
Iraq,2001,23.517083333333336
Iraq,2002,22.895583333333335
Iraq,2003,22.95941666666667
Iraq,2004,22.778916666666664
Iraq,2005,22.696083333333334
Iraq,2006,22.90433333333333
Iraq,2007,23.015
Iraq,2008,23.118166666666667
Iraq,2009,22.99808333333333
Iraq,2010,24.650333333333332
Iraq,2011,22.59325
Iraq,2012,23.428916666666666
Iraq,2013,24.2405
Italy,1743,9.538
Italy,1744,14.005999999999998
Italy,1745,6.10275
Italy,1750,13.27090909090909
Italy,1751,13.615499999999997
Italy,1752,8.750166666666667
Italy,1753,12.737416666666666
Italy,1754,12.563250000000004
Italy,1755,12.329833333333333
Italy,1756,12.84875
Italy,1757,12.532583333333333
Italy,1758,11.792166666666667
Italy,1759,12.898166666666667
Italy,1760,12.732416666666667
Italy,1761,12.972166666666668
Italy,1762,12.742583333333334
Italy,1763,12.311916666666669
Italy,1764,12.930750000000002
Italy,1765,12.768583333333332
Italy,1766,12.61208333333333
Italy,1767,12.146833333333332
Italy,1768,11.8105
Italy,1769,12.566083333333333
Italy,1770,12.517083333333332
Italy,1771,12.679666666666664
Italy,1772,14.048249999999998
Italy,1773,12.642416666666668
Italy,1774,12.72291666666667
Italy,1775,13.148583333333335
Italy,1776,12.413916666666667
Italy,1777,12.286000000000001
Italy,1778,13.160333333333334
Italy,1779,13.351666666666665
Italy,1780,13.098666666666665
Italy,1781,13.273499999999999
Italy,1782,12.200333333333333
Italy,1783,12.965083333333334
Italy,1784,12.345666666666666
Italy,1785,12.118416666666668
Italy,1786,12.290999999999999
Italy,1787,12.922666666666665
Italy,1788,13.156666666666668
Italy,1789,12.358166666666667
Italy,1790,12.992833333333332
Italy,1791,13.170166666666665
Italy,1792,12.759166666666665
Italy,1793,12.66375
Italy,1794,13.173999999999998
Italy,1795,12.545583333333333
Italy,1796,12.802
Italy,1797,13.20425
Italy,1798,12.928666666666667
Italy,1799,12.027333333333333
Italy,1800,13.164916666666665
Italy,1801,13.356166666666667
Italy,1802,13.4865
Italy,1803,12.542250000000001
Italy,1804,13.028
Italy,1805,11.691916666666666
Italy,1806,12.941
Italy,1807,13.015666666666668
Italy,1808,11.537333333333331
Italy,1809,12.23508333333333
Italy,1810,12.544916666666666
Italy,1811,13.234666666666667
Italy,1812,11.624
Italy,1813,12.113833333333332
Italy,1814,11.51475
Italy,1815,12.118333333333332
Italy,1816,11.301833333333335
Italy,1817,12.31083333333333
Italy,1818,12.665749999999997
Italy,1819,12.709083333333334
Italy,1820,12.554
Italy,1821,12.437166666666668
Italy,1822,13.564166666666667
Italy,1823,12.267666666666665
Italy,1824,12.791583333333334
Italy,1825,12.778833333333331
Italy,1826,12.570833333333331
Italy,1827,12.561416666666666
Italy,1828,13.050583333333334
Italy,1829,11.691833333333333
Italy,1830,12.494749999999998
Italy,1831,12.719333333333331
Italy,1832,12.23558333333333
Italy,1833,12.349499999999999
Italy,1834,13.141583333333335
Italy,1835,11.831833333333336
Italy,1836,12.162166666666666
Italy,1837,11.617166666666668
Italy,1838,11.87325
Italy,1839,12.622250000000001
Italy,1840,12.201666666666666
Italy,1841,13.185083333333333
Italy,1842,12.20133333333333
Italy,1843,12.449
Italy,1844,12.398083333333332
Italy,1845,12.363833333333334
Italy,1846,13.492833333333335
Italy,1847,12.241333333333335
Italy,1848,12.567083333333331
Italy,1849,12.537333333333331
Italy,1850,11.792333333333334
Italy,1851,11.962666666666665
Italy,1852,12.784166666666666
Italy,1853,12.277083333333337
Italy,1854,12.08675
Italy,1855,12.057666666666668
Italy,1856,12.391166666666669
Italy,1857,12.27275
Italy,1858,11.832916666666668
Italy,1859,12.774083333333332
Italy,1860,11.935583333333334
Italy,1861,12.650166666666665
Italy,1862,13.117583333333336
Italy,1863,13.24841666666667
Italy,1864,11.984666666666664
Italy,1865,12.79425
Italy,1866,12.857666666666665
Italy,1867,12.862499999999999
Italy,1868,12.9035
Italy,1869,12.523000000000001
Italy,1870,12.09575
Italy,1871,11.875416666666666
Italy,1872,13.166000000000002
Italy,1873,12.863166666666666
Italy,1874,12.201666666666666
Italy,1875,12.0985
Italy,1876,12.69041666666667
Italy,1877,12.638750000000002
Italy,1878,12.57758333333333
Italy,1879,12.167083333333332
Italy,1880,12.75
Italy,1881,12.516916666666667
Italy,1882,12.803416666666665
Italy,1883,11.998249999999999
Italy,1884,12.169333333333332
Italy,1885,12.603500000000002
Italy,1886,12.575249999999999
Italy,1887,12.163666666666666
Italy,1888,12.035833333333334
Italy,1889,12.002249999999998
Italy,1890,11.942583333333333
Italy,1891,11.955
Italy,1892,12.576916666666667
Italy,1893,12.542333333333332
Italy,1894,12.520083333333334
Italy,1895,12.359416666666666
Italy,1896,11.949833333333332
Italy,1897,12.718916666666667
Italy,1898,13.083083333333333
Italy,1899,12.81875
Italy,1900,12.998
Italy,1901,12.205583333333331
Italy,1902,12.516750000000002
Italy,1903,12.47375
Italy,1904,12.932166666666667
Italy,1905,12.243083333333336
Italy,1906,12.330166666666665
Italy,1907,12.420833333333334
Italy,1908,12.338500000000002
Italy,1909,12.145999999999999
Italy,1910,12.374416666666669
Italy,1911,12.903833333333331
Italy,1912,12.214416666666665
Italy,1913,12.662583333333332
Italy,1914,12.340499999999999
Italy,1915,12.427583333333333
Italy,1916,13.01175
Italy,1917,12.292916666666668
Italy,1918,12.399833333333332
Italy,1919,12.16958333333333
Italy,1920,13.341416666666666
Italy,1921,13.044916666666666
Italy,1922,12.585916666666668
Italy,1923,13.003000000000002
Italy,1924,12.761250000000002
Italy,1925,12.570083333333335
Italy,1926,13.1565
Italy,1927,13.439333333333332
Italy,1928,13.221166666666667
Italy,1929,12.424166666666665
Italy,1930,13.224166666666667
Italy,1931,12.718416666666664
Italy,1932,12.669416666666669
Italy,1933,12.39925
Italy,1934,13.323416666666665
Italy,1935,12.827583333333331
Italy,1936,12.9735
Italy,1937,13.184916666666666
Italy,1938,12.69375
Italy,1939,12.696083333333334
Italy,1940,11.888416666666666
Italy,1941,12.045666666666667
Italy,1942,12.798083333333333
Italy,1943,13.693916666666665
Italy,1944,12.550083333333335
Italy,1945,13.352250000000003
Italy,1946,13.3225
Italy,1947,13.600916666666665
Italy,1948,13.20391666666667
Italy,1949,13.354666666666667
Italy,1950,13.712583333333333
Italy,1951,13.344499999999998
Italy,1952,13.261250000000002
Italy,1953,13.041333333333332
Italy,1954,12.447916666666666
Italy,1955,13.030916666666668
Italy,1956,12.060833333333333
Italy,1957,13.048250000000001
Italy,1958,13.152
Italy,1959,13.089416666666665
Italy,1960,13.072833333333334
Italy,1961,13.570583333333333
Italy,1962,12.658000000000001
Italy,1963,12.604583333333336
Italy,1964,12.991333333333332
Italy,1965,12.455583333333331
Italy,1966,13.040583333333336
Italy,1967,13.13725
Italy,1968,12.845250000000002
Italy,1969,12.629583333333334
Italy,1970,12.840583333333335
Italy,1971,12.788916666666665
Italy,1972,12.716833333333332
Italy,1973,12.798500000000002
Italy,1974,12.807583333333334
Italy,1975,12.937166666666664
Italy,1976,12.503166666666667
Italy,1977,13.038749999999999
Italy,1978,12.373666666666667
Italy,1979,12.898166666666667
Italy,1980,12.239583333333334
Italy,1981,12.77675
Italy,1982,13.439916666666667
Italy,1983,13.188333333333334
Italy,1984,12.486333333333334
Italy,1985,13.058333333333332
Italy,1986,13.132833333333332
Italy,1987,13.176500000000003
Italy,1988,13.507666666666665
Italy,1989,13.329166666666667
Italy,1990,13.716916666666664
Italy,1991,12.853499999999999
Italy,1992,13.581750000000005
Italy,1993,13.409666666666666
Italy,1994,14.284833333333333
Italy,1995,13.234083333333333
Italy,1996,13.007
Italy,1997,13.838833333333334
Italy,1998,13.662333333333336
Italy,1999,13.763
Italy,2000,14.1255
Italy,2001,13.954250000000004
Italy,2002,13.933999999999997
Italy,2003,14.29691666666667
Italy,2004,13.559833333333332
Italy,2005,13.028583333333332
Italy,2006,13.787333333333335
Italy,2007,14.073333333333332
Italy,2008,13.88125
Italy,2009,14.052916666666668
Italy,2010,13.324916666666665
Italy,2011,14.173166666666667
Italy,2012,14.079
Italy,2013,14.165
Japan,1841,11.097999999999999
Japan,1844,10.8955
Japan,1845,11.3805
Japan,1846,11.824333333333334
Japan,1847,11.659666666666665
Japan,1848,11.600416666666666
Japan,1849,11.605000000000004
Japan,1850,11.116000000000001
Japan,1851,11.11758333333333
Japan,1852,11.117833333333335
Japan,1853,11.257666666666665
Japan,1854,11.69216666666667
Japan,1855,12.040666666666665
Japan,1856,11.493083333333333
Japan,1857,11.400333333333334
Japan,1858,11.686583333333337
Japan,1859,11.556249999999997
Japan,1860,11.096083333333334
Japan,1861,11.179333333333338
Japan,1862,11.175749999999999
Japan,1863,11.808416666666666
Japan,1864,11.442750000000002
Japan,1865,11.723999999999998
Japan,1866,11.225166666666667
Japan,1867,11.719333333333333
Japan,1868,11.644
Japan,1869,11.52233333333333
Japan,1870,13.194149999999999
Japan,1871,11.529583333333333
Japan,1872,11.460833333333332
Japan,1873,10.987333333333334
Japan,1874,11.746499999999997
Japan,1875,11.686583333333331
Japan,1876,11.952249999999998
Japan,1877,12.229750000000001
Japan,1878,11.66275
Japan,1879,12.078250000000002
Japan,1880,11.86058333333333
Japan,1881,11.585416666666667
Japan,1882,11.740250000000003
Japan,1883,11.40825
Japan,1884,10.535333333333334
Japan,1885,11.009166666666667
Japan,1886,11.921999999999997
Japan,1887,11.677833333333332
Japan,1888,11.622750000000002
Japan,1889,11.066000000000003
Japan,1890,12.842250000000002
Japan,1891,11.82516666666667
Japan,1892,11.536333333333332
Japan,1893,11.207666666666668
Japan,1894,12.448249999999996
Japan,1895,11.57325
Japan,1896,11.681416666666664
Japan,1897,11.216
Japan,1898,11.900666666666666
Japan,1899,11.828000000000003
Japan,1900,11.473666666666666
Japan,1901,11.680166666666665
Japan,1902,11.52375
Japan,1903,11.843333333333334
Japan,1904,11.770166666666663
Japan,1905,11.597416666666662
Japan,1906,11.183916666666669
Japan,1907,11.403166666666664
Japan,1908,11.095999999999998
Japan,1909,11.388750000000002
Japan,1910,11.378916666666669
Japan,1911,11.980083333333333
Japan,1912,11.453250000000004
Japan,1913,10.98683333333333
Japan,1914,12.48716666666666
Japan,1915,12.061083333333336
Japan,1916,12.545333333333337
Japan,1917,11.412916666666666
Japan,1918,11.609166666666665
Japan,1919,11.951333333333332
Japan,1920,12.213500000000002
Japan,1921,11.57175
Japan,1922,12.07841666666667
Japan,1923,11.908499999999998
Japan,1924,11.642416666666668
Japan,1925,11.758583333333332
Japan,1926,11.302416666666668
Japan,1927,11.735500000000002
Japan,1928,12.057916666666664
Japan,1929,11.774916666666668
Japan,1930,12.292750000000003
Japan,1931,11.489083333333335
Japan,1932,11.982749999999998
Japan,1933,11.953166666666666
Japan,1934,11.498750000000001
Japan,1935,11.893083333333331
Japan,1936,11.547499999999998
Japan,1937,12.211166666666669
Japan,1938,12.081166666666666
Japan,1939,12.084083333333334
Japan,1940,11.987250000000001
Japan,1941,11.918500000000002
Japan,1942,12.002166666666668
Japan,1943,11.994833333333332
Japan,1944,11.692166666666667
Japan,1945,11.138833333333336
Japan,1946,12.360666666666667
Japan,1947,11.333583333333335
Japan,1948,12.795916666666665
Japan,1949,12.102583333333335
Japan,1950,12.589499999999996
Japan,1951,12.146666666666663
Japan,1952,11.939666666666662
Japan,1953,11.964666666666664
Japan,1954,12.223999999999995
Japan,1955,12.729000000000005
Japan,1956,12.019416666666672
Japan,1957,12.055333333333332
Japan,1958,12.570000000000002
Japan,1959,12.958166666666669
Japan,1960,12.599833333333331
Japan,1961,13.045499999999999
Japan,1962,12.466166666666672
Japan,1963,12.293250000000002
Japan,1964,12.34975
Japan,1965,11.687916666666668
Japan,1966,12.134416666666668
Japan,1967,12.266333333333334
Japan,1968,12.190416666666664
Japan,1969,11.849000000000002
Japan,1970,11.928999999999997
Japan,1971,11.983416666666665
Japan,1972,12.592166666666666
Japan,1973,12.414750000000003
Japan,1974,11.790500000000002
Japan,1975,12.336999999999998
Japan,1976,11.747499999999997
Japan,1977,12.198250000000003
Japan,1978,12.505333333333331
Japan,1979,12.84258333333333
Japan,1980,11.795083333333329
Japan,1981,11.62941666666667
Japan,1982,12.336333333333329
Japan,1983,12.121916666666666
Japan,1984,11.65991666666667
Japan,1985,12.281333333333336
Japan,1986,11.69141666666667
Japan,1987,12.543833333333332
Japan,1988,11.967666666666668
Japan,1989,12.911749999999998
Japan,1990,13.590583333333342
Japan,1991,12.783166666666668
Japan,1992,12.484250000000001
Japan,1993,12.055166666666667
Japan,1994,13.229749999999997
Japan,1995,12.475416666666668
Japan,1996,12.082833333333333
Japan,1997,12.75241666666667
Japan,1998,13.244749999999998
Japan,1999,13.080083333333334
Japan,2000,12.833833333333336
Japan,2001,12.450000000000001
Japan,2002,12.837333333333333
Japan,2003,12.506999999999996
Japan,2004,13.43566666666667
Japan,2005,12.555916666666667
Japan,2006,12.757083333333332
Japan,2007,13.19216666666666
Japan,2008,12.874916666666664
Japan,2009,12.93383333333334
Japan,2010,13.215583333333333
Japan,2011,12.737749999999997
Japan,2012,12.565666666666667
Japan,2013,12.964750000000002
Kenya,1850,23.366545454545452
Kenya,1859,23.743100000000005
Kenya,1864,23.449833333333334
Kenya,1875,23.1005
Kenya,1876,23.413
Kenya,1877,24.00191666666667
Kenya,1878,24.135416666666668
Kenya,1880,23.69890909090909
Kenya,1881,23.9107
Kenya,1882,23.6275
Kenya,1883,23.489666666666665
Kenya,1884,23.31941666666667
Kenya,1885,23.537166666666664
Kenya,1886,23.5705
Kenya,1887,23.364916666666662
Kenya,1888,23.49825
Kenya,1889,23.855083333333337
Kenya,1890,23.55125
Kenya,1891,23.524833333333337
Kenya,1892,23.735249999999997
Kenya,1893,23.615499999999997
Kenya,1894,23.82791666666667
Kenya,1895,23.844916666666666
Kenya,1896,23.885416666666668
Kenya,1897,23.99266666666667
Kenya,1898,24.350416666666664
Kenya,1899,23.90816666666667
Kenya,1900,24.129833333333334
Kenya,1901,24.294
Kenya,1902,24.088333333333335
Kenya,1903,24.03425
Kenya,1904,23.63308333333333
Kenya,1905,23.725916666666663
Kenya,1906,23.382166666666667
Kenya,1907,23.467583333333334
Kenya,1908,23.876833333333334
Kenya,1909,23.566666666666666
Kenya,1910,23.796083333333332
Kenya,1911,23.82875
Kenya,1912,23.728749999999994
Kenya,1913,23.883
Kenya,1914,24.29591666666667
Kenya,1915,24.26516666666667
Kenya,1916,23.75550000000001
Kenya,1917,23.501833333333337
Kenya,1918,23.77208333333333
Kenya,1919,24.088083333333334
Kenya,1920,23.54433333333333
Kenya,1921,23.71808333333333
Kenya,1922,23.55858333333333
Kenya,1923,23.536250000000006
Kenya,1924,23.81933333333333
Kenya,1925,23.819000000000003
Kenya,1926,23.926666666666666
Kenya,1927,23.90533333333333
Kenya,1928,23.98241666666667
Kenya,1929,24.103500000000007
Kenya,1930,24.034166666666668
Kenya,1931,24.45775
Kenya,1932,23.98925
Kenya,1933,24.23216666666667
Kenya,1934,24.20783333333333
Kenya,1935,24.150583333333334
Kenya,1936,24.003333333333334
Kenya,1937,23.979833333333335
Kenya,1938,23.900166666666664
Kenya,1939,24.15816666666667
Kenya,1940,24.331
Kenya,1941,24.446249999999996
Kenya,1942,24.0715
Kenya,1943,24.130416666666665
Kenya,1944,24.165833333333335
Kenya,1945,24.255166666666668
Kenya,1946,24.139916666666664
Kenya,1947,23.96925
Kenya,1948,24.070166666666665
Kenya,1949,24.37375
Kenya,1950,23.94541666666667
Kenya,1951,23.98966666666667
Kenya,1952,24.38966666666666
Kenya,1953,24.366
Kenya,1954,24.107749999999996
Kenya,1955,24.128833333333333
Kenya,1956,23.7835
Kenya,1957,24.047416666666663
Kenya,1958,24.34541666666667
Kenya,1959,24.297416666666674
Kenya,1960,24.09575
Kenya,1961,24.219583333333336
Kenya,1962,24.002083333333335
Kenya,1963,23.945083333333333
Kenya,1964,23.764833333333332
Kenya,1965,23.977249999999998
Kenya,1966,24.2165
Kenya,1967,24.136416666666666
Kenya,1968,23.579666666666668
Kenya,1969,24.278666666666663
Kenya,1970,24.230249999999998
Kenya,1971,23.8565
Kenya,1972,24.397166666666664
Kenya,1973,24.48341666666666
Kenya,1974,24.02866666666667
Kenya,1975,24.149416666666664
Kenya,1976,24.313333333333333
Kenya,1977,24.330416666666668
Kenya,1978,24.07583333333334
Kenya,1979,24.24116666666667
Kenya,1980,24.722416666666664
Kenya,1981,24.320916666666662
Kenya,1982,24.35941666666667
Kenya,1983,24.776
Kenya,1984,24.292083333333334
Kenya,1985,24.169583333333335
Kenya,1986,24.419583333333335
Kenya,1987,25.01575
Kenya,1988,24.66025
Kenya,1989,24.021666666666665
Kenya,1990,24.132416666666668
Kenya,1991,24.371583333333334
Kenya,1992,24.408916666666666
Kenya,1993,24.281583333333334
Kenya,1994,24.524916666666666
Kenya,1995,24.475333333333335
Kenya,1996,24.453
Kenya,1997,24.56475
Kenya,1998,24.590999999999998
Kenya,1999,24.57058333333333
Kenya,2000,24.716666666666665
Kenya,2001,24.458333333333332
Kenya,2002,24.661749999999998
Kenya,2003,24.858333333333334
Kenya,2004,24.86708333333333
Kenya,2005,25.13366666666667
Kenya,2006,24.820083333333333
Kenya,2007,24.788750000000004
Kenya,2008,24.649749999999997
Kenya,2009,25.22808333333333
Kenya,2010,24.961249999999996
Kenya,2011,24.965749999999996
Kenya,2012,24.925416666666674
Kenya,2013,24.935249999999996
Mexico,1835,18.99325
Mexico,1836,19.587166666666672
Mexico,1837,19.671083333333332
Mexico,1838,19.337000000000003
Mexico,1839,19.785833333333336
Mexico,1840,19.882916666666667
Mexico,1841,19.904666666666667
Mexico,1842,20.201083333333333
Mexico,1843,20.273333333333333
Mexico,1844,19.839833333333335
Mexico,1845,19.777416666666664
Mexico,1846,20.541833333333336
Mexico,1847,19.9515
Mexico,1848,19.956916666666668
Mexico,1849,20.522666666666666
Mexico,1850,20.3065
Mexico,1851,20.24191666666667
Mexico,1852,20.232083333333332
Mexico,1853,20.051583333333337
Mexico,1854,20.06
Mexico,1855,20.001
Mexico,1856,19.825916666666668
Mexico,1857,20.13675
Mexico,1858,20.36133333333333
Mexico,1859,20.476833333333335
Mexico,1860,20.112499999999994
Mexico,1861,20.72308333333333
Mexico,1862,20.545416666666668
Mexico,1863,20.44366666666667
Mexico,1864,20.302999999999997
Mexico,1865,20.456833333333336
Mexico,1866,20.5665
Mexico,1867,21.294
Mexico,1868,20.47058333333333
Mexico,1869,20.55725
Mexico,1870,20.438083333333335
Mexico,1871,20.513499999999997
Mexico,1872,20.273083333333336
Mexico,1873,20.32391666666667
Mexico,1874,20.437083333333334
Mexico,1875,20.2955
Mexico,1876,20.234750000000002
Mexico,1877,20.498416666666667
Mexico,1878,20.63566666666667
Mexico,1879,20.61333333333333
Mexico,1880,20.063416666666665
Mexico,1881,20.330583333333337
Mexico,1882,20.17025
Mexico,1883,20.118083333333335
Mexico,1884,20.12583333333333
Mexico,1885,20.31025
Mexico,1886,20.150583333333334
Mexico,1887,19.91875
Mexico,1888,20.044750000000004
Mexico,1889,20.28208333333333
Mexico,1890,20.23825
Mexico,1891,19.98225
Mexico,1892,20.19458333333333
Mexico,1893,20.146833333333337
Mexico,1894,20.244333333333334
Mexico,1895,20.18283333333333
Mexico,1896,20.77391666666666
Mexico,1897,20.502916666666668
Mexico,1898,20.060666666666666
Mexico,1899,20.09725
Mexico,1900,20.521583333333336
Mexico,1901,20.28525
Mexico,1902,20.58158333333333
Mexico,1903,19.973666666666666
Mexico,1904,20.09058333333333
Mexico,1905,20.235333333333333
Mexico,1906,20.234916666666663
Mexico,1907,20.555916666666665
Mexico,1908,20.54575
Mexico,1909,20.57075
Mexico,1910,20.429750000000002
Mexico,1911,20.621416666666665
Mexico,1912,19.987
Mexico,1913,19.898333333333333
Mexico,1914,20.211750000000006
Mexico,1915,20.3585
Mexico,1916,20.551750000000002
Mexico,1917,20.441166666666664
Mexico,1918,20.46966666666667
Mexico,1919,20.319416666666665
Mexico,1920,20.420333333333335
Mexico,1921,20.84766666666667
Mexico,1922,20.773
Mexico,1923,20.51308333333333
Mexico,1924,20.49833333333333
Mexico,1925,20.599833333333333
Mexico,1926,20.6
Mexico,1927,20.92716666666667
Mexico,1928,20.770083333333336
Mexico,1929,20.589333333333332
Mexico,1930,20.613583333333334
Mexico,1931,20.471
Mexico,1932,20.58391666666667
Mexico,1933,20.91266666666667
Mexico,1934,20.876333333333335
Mexico,1935,20.555666666666667
Mexico,1936,20.696250000000003
Mexico,1937,20.914416666666668
Mexico,1938,20.74158333333333
Mexico,1939,20.638499999999997
Mexico,1940,20.75516666666667
Mexico,1941,20.762249999999998
Mexico,1942,20.743583333333333
Mexico,1943,20.75033333333333
Mexico,1944,20.495833333333334
Mexico,1945,21.120916666666666
Mexico,1946,21.123750000000005
Mexico,1947,20.742000000000004
Mexico,1948,21.05216666666667
Mexico,1949,20.916083333333336
Mexico,1950,21.256749999999997
Mexico,1951,21.117583333333332
Mexico,1952,20.887333333333334
Mexico,1953,21.0715
Mexico,1954,21.098499999999998
Mexico,1955,20.633583333333338
Mexico,1956,20.72375
Mexico,1957,21.10475
Mexico,1958,20.745083333333337
Mexico,1959,20.75125
Mexico,1960,20.746583333333337
Mexico,1961,20.723916666666668
Mexico,1962,20.993333333333336
Mexico,1963,20.879416666666668
Mexico,1964,20.586333333333332
Mexico,1965,20.7345
Mexico,1966,20.389666666666667
Mexico,1967,20.683333333333334
Mexico,1968,20.31608333333333
Mexico,1969,20.958833333333335
Mexico,1970,20.490083333333335
Mexico,1971,20.640333333333334
Mexico,1972,20.974999999999998
Mexico,1973,20.496166666666667
Mexico,1974,20.6315
Mexico,1975,20.449333333333332
Mexico,1976,20.145666666666667
Mexico,1977,20.84125
Mexico,1978,20.755499999999998
Mexico,1979,20.569
Mexico,1980,21.035666666666668
Mexico,1981,20.75375
Mexico,1982,21.051083333333334
Mexico,1983,20.675416666666667
Mexico,1984,20.511499999999995
Mexico,1985,20.603916666666663
Mexico,1986,20.850666666666665
Mexico,1987,20.455166666666667
Mexico,1988,20.736083333333333
Mexico,1989,20.965166666666665
Mexico,1990,20.96083333333333
Mexico,1991,20.839666666666673
Mexico,1992,20.650333333333332
Mexico,1993,20.93883333333333
Mexico,1994,21.325750000000003
Mexico,1995,21.37066666666667
Mexico,1996,21.132166666666667
Mexico,1997,20.89858333333333
Mexico,1998,21.531750000000002
Mexico,1999,21.1285
Mexico,2000,21.232083333333332
Mexico,2001,21.133
Mexico,2002,21.224999999999998
Mexico,2003,21.329416666666667
Mexico,2004,20.924833333333336
Mexico,2005,21.4135
Mexico,2006,21.418083333333332
Mexico,2007,21.079333333333338
Mexico,2008,21.08525
Mexico,2009,21.546083333333332
Mexico,2010,20.852916666666662
Mexico,2011,21.599333333333334
Mexico,2012,21.652416666666664
Mexico,2013,22.219222222222225
Morocco,1787,18.48325
Morocco,1788,8.774999999999999
Morocco,1789,17.65681818181818
Morocco,1790,17.563083333333335
Morocco,1791,17.733333333333334
Morocco,1792,17.625083333333333
Morocco,1793,17.590666666666667
Morocco,1794,17.401666666666667
Morocco,1795,17.817363636363638
Morocco,1796,17.581416666666666
Morocco,1797,17.421333333333337
Morocco,1798,17.820249999999998
Morocco,1799,17.65366666666667
Morocco,1800,18.071500000000004
Morocco,1801,17.90408333333333
Morocco,1802,18.111583333333332
Morocco,1803,18.204090909090908
Morocco,1804,18.21391666666667
Morocco,1805,17.68108333333333
Morocco,1806,17.593
Morocco,1807,17.358166666666666
Morocco,1808,16.768250000000002
Morocco,1809,16.469333333333335
Morocco,1810,16.202583333333333
Morocco,1811,16.37183333333333
Morocco,1812,16.44741666666667
Morocco,1813,16.843333333333334
Morocco,1814,16.61975
Morocco,1815,16.781166666666667
Morocco,1816,16.434416666666667
Morocco,1817,17.38525
Morocco,1818,17.648916666666665
Morocco,1819,16.9545
Morocco,1820,16.896416666666664
Morocco,1821,17.62816666666667
Morocco,1822,17.3945
Morocco,1823,17.298666666666666
Morocco,1824,17.72225
Morocco,1825,17.546083333333335
Morocco,1826,17.455333333333336
Morocco,1827,17.500583333333335
Morocco,1828,17.46016666666667
Morocco,1829,17.268916666666666
Morocco,1830,17.64675
Morocco,1831,17.52183333333333
Morocco,1832,17.0505
Morocco,1833,17.213416666666667
Morocco,1834,17.879666666666665
Morocco,1835,16.940833333333334
Morocco,1836,17.219000000000005
Morocco,1837,17.24058333333333
Morocco,1838,17.371833333333335
Morocco,1839,17.117166666666666
Morocco,1840,17.335666666666665
Morocco,1841,17.200166666666668
Morocco,1842,17.470916666666668
Morocco,1843,17.551916666666667
Morocco,1844,17.179750000000002
Morocco,1845,17.028166666666667
Morocco,1846,17.780666666666665
Morocco,1847,17.44441666666667
Morocco,1848,16.97025
Morocco,1849,17.35383333333333
Morocco,1850,17.579250000000002
Morocco,1851,17.789916666666663
Morocco,1852,17.60925
Morocco,1853,17.246916666666667
Morocco,1854,17.1885
Morocco,1855,17.063666666666666
Morocco,1856,17.29733333333333
Morocco,1857,17.01116666666667
Morocco,1858,17.764083333333335
Morocco,1859,17.394916666666667
Morocco,1860,17.305833333333332
Morocco,1861,17.533083333333334
Morocco,1862,17.347833333333337
Morocco,1863,17.044833333333333
Morocco,1864,17.739083333333333
Morocco,1865,17.570666666666668
Morocco,1866,17.50191666666667
Morocco,1867,18.030083333333334
Morocco,1868,17.35775
Morocco,1869,17.446666666666665
Morocco,1870,17.701
Morocco,1871,17.381916666666665
Morocco,1872,17.394499999999997
Morocco,1873,17.40575
Morocco,1874,17.43925
Morocco,1875,17.39475
Morocco,1876,17.613083333333332
Morocco,1877,17.70025
Morocco,1878,17.97491666666667
Morocco,1879,17.135166666666667
Morocco,1880,17.08716666666667
Morocco,1881,18.09825
Morocco,1882,17.320333333333334
Morocco,1883,17.142750000000003
Morocco,1884,17.075916666666668
Morocco,1885,16.857000000000003
Morocco,1886,17.085583333333336
Morocco,1887,17.47775
Morocco,1888,17.151833333333332
Morocco,1889,16.823166666666665
Morocco,1890,16.805583333333335
Morocco,1891,17.077
Morocco,1892,17.39941666666667
Morocco,1893,17.941750000000003
Morocco,1894,17.183166666666665
Morocco,1895,18.13116666666667
Morocco,1896,16.960083333333333
Morocco,1897,17.956833333333332
Morocco,1898,17.444333333333333
Morocco,1899,18.37158333333333
Morocco,1900,17.567416666666666
Morocco,1901,17.47191666666667
Morocco,1902,17.510833333333334
Morocco,1903,17.230333333333334
Morocco,1904,17.480166666666666
Morocco,1905,17.353666666666665
Morocco,1906,17.260749999999998
Morocco,1907,16.942333333333334
Morocco,1908,17.501583333333333
Morocco,1909,17.2065
Morocco,1910,17.3105
Morocco,1911,17.197666666666667
Morocco,1912,17.358333333333334
Morocco,1913,17.61725
Morocco,1914,17.307166666666664
Morocco,1915,17.50733333333333
Morocco,1916,17.27775
Morocco,1917,16.958750000000002
Morocco,1918,17.045083333333334
Morocco,1919,17.372916666666665
Morocco,1920,17.813333333333333
Morocco,1921,17.468583333333335
Morocco,1922,17.47608333333333
Morocco,1923,17.297499999999996
Morocco,1924,17.807083333333335
Morocco,1925,17.114166666666666
Morocco,1926,18.307
Morocco,1927,17.8305
Morocco,1928,17.643333333333334
Morocco,1929,17.751749999999998
Morocco,1930,17.913416666666667
Morocco,1931,17.668833333333335
Morocco,1932,17.22825
Morocco,1933,17.564416666666666
Morocco,1934,17.1125
Morocco,1935,17.47075
Morocco,1936,17.467916666666667
Morocco,1937,18.2965
Morocco,1938,17.724833333333336
Morocco,1939,17.35275
Morocco,1940,17.90858333333333
Morocco,1941,17.902916666666666
Morocco,1942,17.917416666666668
Morocco,1943,17.65816666666667
Morocco,1944,17.62125
Morocco,1945,18.52716666666667
Morocco,1946,17.55525
Morocco,1947,18.22616666666667
Morocco,1948,18.174666666666667
Morocco,1949,18.150333333333336
Morocco,1950,17.952916666666667
Morocco,1951,17.59391666666667
Morocco,1952,17.892750000000003
Morocco,1953,17.82225
Morocco,1954,17.418583333333334
Morocco,1955,18.7615
Morocco,1956,16.933666666666667
Morocco,1957,17.38508333333333
Morocco,1958,18.009999999999998
Morocco,1959,17.6655
Morocco,1960,17.85625
Morocco,1961,18.608666666666668
Morocco,1962,18.0075
Morocco,1963,17.779000000000003
Morocco,1964,17.9755
Morocco,1965,17.626833333333334
Morocco,1966,17.951083333333337
Morocco,1967,17.543583333333334
Morocco,1968,17.718249999999998
Morocco,1969,17.621833333333335
Morocco,1970,17.9635
Morocco,1971,16.9075
Morocco,1972,16.594916666666666
Morocco,1973,17.537499999999998
Morocco,1974,17.249583333333334
Morocco,1975,17.41241666666667
Morocco,1976,17.034833333333335
Morocco,1977,17.73275
Morocco,1978,17.952749999999998
Morocco,1979,17.860333333333333
Morocco,1980,18.056749999999997
Morocco,1981,18.312166666666666
Morocco,1982,17.701916666666666
Morocco,1983,18.555083333333336
Morocco,1984,17.714000000000002
Morocco,1985,18.30933333333333
Morocco,1986,17.79266666666667
Morocco,1987,18.81466666666667
Morocco,1988,18.212
Morocco,1989,18.530333333333335
Morocco,1990,18.697666666666663
Morocco,1991,17.61725
Morocco,1992,17.68575
Morocco,1993,17.502666666666666
Morocco,1994,18.460416666666664
Morocco,1995,18.788833333333333
Morocco,1996,18.24833333333333
Morocco,1997,18.79925
Morocco,1998,18.712666666666667
Morocco,1999,18.36833333333333
Morocco,2000,18.565083333333334
Morocco,2001,19.233916666666666
Morocco,2002,18.71258333333333
Morocco,2003,18.856
Morocco,2004,18.486
Morocco,2005,18.580750000000002
Morocco,2006,18.793166666666668
Morocco,2007,18.419666666666668
Morocco,2008,18.382166666666667
Morocco,2009,19.01075
Morocco,2010,19.435000000000002
Morocco,2011,18.878833333333333
Morocco,2012,18.66875
Morocco,2013,19.30525
Nigeria,1856,27.1564
Nigeria,1857,25.595999999999993
Nigeria,1858,26.428625
Nigeria,1859,26.144399999999994
Nigeria,1860,26.067363636363634
Nigeria,1861,26.0331
Nigeria,1862,26.72225
Nigeria,1873,26.679624999999998
Nigeria,1874,26.286454545454536
Nigeria,1875,26.02649999999999
Nigeria,1876,26.18822222222223
Nigeria,1877,26.55825
Nigeria,1878,26.6195
Nigeria,1879,25.979583333333338
Nigeria,1880,26.17958333333334
Nigeria,1881,26.545166666666656
Nigeria,1882,26.15233333333334
Nigeria,1883,26.46666666666667
Nigeria,1884,26.602499999999996
Nigeria,1885,24.793999999999997
Nigeria,1886,25.953916666666665
Nigeria,1887,25.47983333333333
Nigeria,1888,25.790166666666654
Nigeria,1889,25.88716666666666
Nigeria,1890,25.13116666666666
Nigeria,1891,25.66233333333331
Nigeria,1892,25.874000000000006
Nigeria,1893,25.85624999999999
Nigeria,1894,26.012250000000005
Nigeria,1895,26.243250000000003
Nigeria,1896,26.088166666666663
Nigeria,1897,26.519
Nigeria,1898,26.053416666666667
Nigeria,1899,26.44041666666667
Nigeria,1900,26.535416666666674
Nigeria,1901,26.54741666666666
Nigeria,1902,26.214916666666678
Nigeria,1903,26.057250000000003
Nigeria,1904,25.63166666666667
Nigeria,1905,26.040000000000013
Nigeria,1906,26.270916666666672
Nigeria,1907,25.93583333333334
Nigeria,1908,26.204416666666667
Nigeria,1909,26.309916666666666
Nigeria,1910,26.17608333333334
Nigeria,1911,26.071749999999994
Nigeria,1912,26.238500000000013
Nigeria,1913,26.829416666666667
Nigeria,1914,27.163916666666672
Nigeria,1915,26.912916666666675
Nigeria,1916,26.478999999999992
Nigeria,1917,27.134500000000003
Nigeria,1918,26.57008333333333
Nigeria,1919,27.0625
Nigeria,1920,26.347666666666665
Nigeria,1921,26.777666666666672
Nigeria,1922,26.887583333333342
Nigeria,1923,26.696916666666674
Nigeria,1924,26.99566666666666
Nigeria,1925,26.591916666666673
Nigeria,1926,27.09541666666667
Nigeria,1927,26.949833333333334
Nigeria,1928,26.966166666666673
Nigeria,1929,26.63049999999999
Nigeria,1930,27.034499999999998
Nigeria,1931,27.486749999999986
Nigeria,1932,26.867833333333337
Nigeria,1933,27.203999999999983
Nigeria,1934,26.81158333333333
Nigeria,1935,27.042833333333324
Nigeria,1936,26.977916666666673
Nigeria,1937,26.981749999999995
Nigeria,1938,27.196249999999996
Nigeria,1939,26.727999999999998
Nigeria,1940,27.077250000000003
Nigeria,1941,27.618666666666662
Nigeria,1942,27.424916666666675
Nigeria,1943,26.828250000000008
Nigeria,1944,27.033250000000006
Nigeria,1945,26.86883333333334
Nigeria,1946,26.831583333333338
Nigeria,1947,27.146166666666673
Nigeria,1948,26.61816666666666
Nigeria,1949,27.06849999999999
Nigeria,1950,26.672
Nigeria,1951,26.753499999999995
Nigeria,1952,26.701333333333334
Nigeria,1953,26.716583333333325
Nigeria,1954,26.616666666666674
Nigeria,1955,26.457083333333333
Nigeria,1956,26.568333333333342
Nigeria,1957,26.64558333333333
Nigeria,1958,26.980083333333326
Nigeria,1959,26.806083333333333
Nigeria,1960,26.817416666666663
Nigeria,1961,26.368499999999997
Nigeria,1962,26.68891666666666
Nigeria,1963,27.07708333333332
Nigeria,1964,26.630666666666677
Nigeria,1965,26.666999999999994
Nigeria,1966,26.778583333333348
Nigeria,1967,26.59516666666666
Nigeria,1968,26.80400000000001
Nigeria,1969,27.214666666666666
Nigeria,1970,26.9465
Nigeria,1971,26.796166666666668
Nigeria,1972,26.885749999999994
Nigeria,1973,27.471999999999994
Nigeria,1974,26.592666666666663
Nigeria,1975,26.50850000000001
Nigeria,1976,26.809916666666673
Nigeria,1977,26.886833333333335
Nigeria,1978,26.782499999999995
Nigeria,1979,27.09308333333334
Nigeria,1980,27.06366666666667
Nigeria,1981,26.802916666666665
Nigeria,1982,26.869666666666664
Nigeria,1983,27.027750000000005
Nigeria,1984,27.07908333333333
Nigeria,1985,26.959249999999997
Nigeria,1986,27.06725
Nigeria,1987,27.61324999999999
Nigeria,1988,27.037833333333353
Nigeria,1989,26.376166666666663
Nigeria,1990,27.366166666666672
Nigeria,1991,27.043333333333326
Nigeria,1992,26.66366666666666
Nigeria,1993,27.103333333333335
Nigeria,1994,26.81883333333332
Nigeria,1995,27.16516666666666
Nigeria,1996,27.194666666666667
Nigeria,1997,27.14491666666666
Nigeria,1998,27.61191666666668
Nigeria,1999,27.32916666666667
Nigeria,2000,27.033500000000004
Nigeria,2001,27.094666666666665
Nigeria,2002,27.46425
Nigeria,2003,27.429000000000013
Nigeria,2004,27.56949999999999
Nigeria,2005,27.724583333333335
Nigeria,2006,27.79508333333335
Nigeria,2007,27.690083333333334
Nigeria,2008,27.325666666666667
Nigeria,2009,27.902916666666666
Nigeria,2010,28.00425
Nigeria,2011,27.62225
Nigeria,2012,27.40791666666666
Nigeria,2013,28.005875000000003
Pakistan,1816,21.070000000000004
Pakistan,1817,19.203166666666664
Pakistan,1818,19.976749999999996
Pakistan,1819,19.33525
Pakistan,1820,20.68254545454546
Pakistan,1821,20.16133333333333
Pakistan,1822,20.25516666666667
Pakistan,1823,20.807090909090903
Pakistan,1833,20.191833333333335
Pakistan,1834,20.22025
Pakistan,1835,19.364833333333333
Pakistan,1836,19.280545454545457
Pakistan,1837,20.95333333333333
Pakistan,1838,24.07085714285714
Pakistan,1840,19.978181818181824
Pakistan,1841,20.4948
Pakistan,1842,21.51188888888889
Pakistan,1843,20.20508333333333
Pakistan,1844,19.731333333333332
Pakistan,1845,19.934416666666667
Pakistan,1846,21.006999999999998
Pakistan,1848,19.78216666666667
Pakistan,1849,19.952583333333337
Pakistan,1850,19.985916666666665
Pakistan,1851,20.131749999999997
Pakistan,1852,20.09725
Pakistan,1853,20.10383333333333
Pakistan,1854,20.272499999999997
Pakistan,1855,20.764636363636363
Pakistan,1856,19.39472727272727
Pakistan,1857,19.673083333333334
Pakistan,1870,20.325999999999997
Pakistan,1871,19.694793103448276
Pakistan,1872,20.964264705882357
Pakistan,1873,20.743937499999994
Pakistan,1874,19.328200000000002
Pakistan,1875,20.688583333333334
Pakistan,1876,20.16841666666667
Pakistan,1877,20.29025
Pakistan,1878,20.35616666666666
Pakistan,1879,20.223499999999994
Pakistan,1880,20.829500000000003
Pakistan,1881,20.733166666666666
Pakistan,1882,20.161833333333327
Pakistan,1883,20.082666666666668
Pakistan,1884,20.084833333333332
Pakistan,1885,19.79041666666667
Pakistan,1886,20.237499999999997
Pakistan,1887,20.33
Pakistan,1888,20.445083333333333
Pakistan,1889,20.491416666666666
Pakistan,1890,20.279416666666666
Pakistan,1891,20.033916666666666
Pakistan,1892,20.835749999999997
Pakistan,1893,19.744416666666666
Pakistan,1894,20.028499999999994
Pakistan,1895,20.543999999999997
Pakistan,1896,20.90725000000001
Pakistan,1897,20.32116666666667
Pakistan,1898,20.624333333333333
Pakistan,1899,20.956833333333332
Pakistan,1900,20.75458333333334
Pakistan,1901,20.514083333333335
Pakistan,1902,21.17366666666667
Pakistan,1903,19.927083333333332
Pakistan,1904,20.620916666666666
Pakistan,1905,19.97133333333333
Pakistan,1906,20.423583333333333
Pakistan,1907,20.207333333333334
Pakistan,1908,20.297333333333327
Pakistan,1909,20.195333333333338
Pakistan,1910,19.93808333333334
Pakistan,1911,20.244333333333334
Pakistan,1912,20.641416666666665
Pakistan,1913,20.29208333333333
Pakistan,1914,20.53591666666667
Pakistan,1915,21.146500000000003
Pakistan,1916,20.31608333333334
Pakistan,1917,20.037500000000005
Pakistan,1918,20.20658333333333
Pakistan,1919,20.335166666666666
Pakistan,1920,20.172083333333337
Pakistan,1921,20.997416666666666
Pakistan,1922,20.682333333333336
Pakistan,1923,20.078916666666668
Pakistan,1924,20.38158333333333
Pakistan,1925,20.34075
Pakistan,1926,20.279083333333332
Pakistan,1927,20.192166666666665
Pakistan,1928,20.572416666666665
Pakistan,1929,20.423583333333333
Pakistan,1930,20.174916666666668
Pakistan,1931,20.505999999999997
Pakistan,1932,20.615333333333336
Pakistan,1933,20.34091666666667
Pakistan,1934,20.37125
Pakistan,1935,20.006083333333333
Pakistan,1936,20.55466666666667
Pakistan,1937,20.28725
Pakistan,1938,20.617916666666666
Pakistan,1939,20.556250000000002
Pakistan,1940,20.902583333333332
Pakistan,1941,21.71083333333333
Pakistan,1942,20.900333333333336
Pakistan,1943,20.627916666666668
Pakistan,1944,20.37608333333333
Pakistan,1945,20.321916666666667
Pakistan,1946,21.22925
Pakistan,1947,21.3825
Pakistan,1948,20.8095
Pakistan,1949,20.535999999999998
Pakistan,1950,19.69441666666667
Pakistan,1951,20.748583333333336
Pakistan,1952,20.91516666666667
Pakistan,1953,21.391083333333334
Pakistan,1954,20.72391666666667
Pakistan,1955,20.68108333333333
Pakistan,1956,20.57633333333333
Pakistan,1957,19.904416666666663
Pakistan,1958,21.313500000000005
Pakistan,1959,20.91916666666667
Pakistan,1960,20.731333333333332
Pakistan,1961,20.376833333333337
Pakistan,1962,20.439166666666665
Pakistan,1963,21.251083333333334
Pakistan,1964,20.141833333333338
Pakistan,1965,20.49516666666667
Pakistan,1966,20.56458333333334
Pakistan,1967,20.348583333333337
Pakistan,1968,20.341833333333334
Pakistan,1969,21.03416666666667
Pakistan,1970,21.189333333333334
Pakistan,1971,20.966250000000002
Pakistan,1972,20.100166666666667
Pakistan,1973,20.739583333333336
Pakistan,1974,20.435166666666667
Pakistan,1975,20.114583333333332
Pakistan,1976,20.374916666666667
Pakistan,1977,21.189333333333334
Pakistan,1978,20.74325
Pakistan,1979,20.763083333333338
Pakistan,1980,21.411249999999995
Pakistan,1981,21.205333333333336
Pakistan,1982,20.509416666666667
Pakistan,1983,20.572833333333335
Pakistan,1984,20.875083333333333
Pakistan,1985,21.28275
Pakistan,1986,20.640583333333336
Pakistan,1987,21.436833333333336
Pakistan,1988,21.81225
Pakistan,1989,20.650000000000002
Pakistan,1990,21.37641666666667
Pakistan,1991,20.901333333333337
Pakistan,1992,20.7085
Pakistan,1993,21.444833333333335
Pakistan,1994,21.163083333333336
Pakistan,1995,21.073916666666662
Pakistan,1996,20.933833333333332
Pakistan,1997,20.73875
Pakistan,1998,21.662750000000003
Pakistan,1999,21.863
Pakistan,2000,21.8225
Pakistan,2001,21.930416666666662
Pakistan,2002,22.025499999999997
Pakistan,2003,21.432083333333335
Pakistan,2004,22.143083333333337
Pakistan,2005,21.272416666666672
Pakistan,2006,21.636916666666664
Pakistan,2007,21.690916666666666
Pakistan,2008,21.535166666666665
Pakistan,2009,21.911416666666664
Pakistan,2010,22.087916666666665
Pakistan,2011,21.76825
Pakistan,2012,21.197999999999993
Pakistan,2013,22.320875000000004
Peru,1881,19.5439
Peru,1882,19.203111111111113
Peru,1883,19.255545454545455
Peru,1884,19.075000000000003
Peru,1886,18.9745
Peru,1891,19.279083333333332
Peru,1892,19.203999999999997
Peru,1893,19.08866666666667
Peru,1894,19.3585
Peru,1895,19.578
Peru,1896,19.753833333333333
Peru,1897,19.61925
Peru,1898,19.2642
Peru,1899,19.495333333333335
Peru,1900,20.013250000000003
Peru,1901,19.71475
Peru,1902,19.714416666666665
Peru,1903,19.485583333333334
Peru,1904,19.483083333333333
Peru,1905,19.945249999999998
Peru,1906,19.61508333333333
Peru,1907,19.3715
Peru,1908,19.281833333333335
Peru,1909,19.248
Peru,1910,19.133333333333333
Peru,1911,19.580750000000002
Peru,1912,19.7875
Peru,1913,19.688
Peru,1914,19.868333333333332
Peru,1915,20.069333333333336
Peru,1916,19.175500000000003
Peru,1917,19.16208333333333
Peru,1918,19.611333333333338
Peru,1919,20.04825
Peru,1920,19.673416666666665
Peru,1921,19.392083333333336
Peru,1922,19.653833333333335
Peru,1923,19.654500000000002
Peru,1924,19.5915
Peru,1925,19.66825
Peru,1926,20.1715
Peru,1927,19.80816666666666
Peru,1928,19.971333333333334
Peru,1929,19.492500000000003
Peru,1930,19.859750000000002
Peru,1931,19.918833333333335
Peru,1932,19.879416666666668
Peru,1933,19.584083333333336
Peru,1934,19.55325
Peru,1935,19.724666666666668
Peru,1936,20.007833333333327
Peru,1937,20.07166666666667
Peru,1938,19.703
Peru,1939,20.35258333333333
Peru,1940,20.37241666666667
Peru,1941,20.599916666666672
Peru,1942,20.06875
Peru,1943,20.01075
Peru,1944,20.048833333333334
Peru,1945,20.09308333333333
Peru,1946,20.02316666666667
Peru,1947,20.017583333333334
Peru,1948,20.06
Peru,1949,19.85141666666667
Peru,1950,19.584
Peru,1951,20.0065
Peru,1952,20.02316666666667
Peru,1953,20.261
Peru,1954,19.800416666666667
Peru,1955,19.696916666666663
Peru,1956,19.511166666666668
Peru,1957,20.264833333333332
Peru,1958,20.374083333333335
Peru,1959,20.144750000000002
Peru,1960,19.96925
Peru,1961,20.087500000000002
Peru,1962,19.954250000000002
Peru,1963,20.148833333333332
Peru,1964,19.953166666666664
Peru,1965,20.264916666666668
Peru,1966,20.240583333333333
Peru,1967,19.964000000000002
Peru,1968,19.95266666666667
Peru,1969,20.588833333333337
Peru,1970,20.141333333333332
Peru,1971,19.80325
Peru,1972,20.532
Peru,1973,20.1495
Peru,1974,19.729333333333336
Peru,1975,19.780250000000002
Peru,1976,19.877916666666664
Peru,1977,20.18075
Peru,1978,20.083000000000002
Peru,1979,20.23316666666667
Peru,1980,20.332583333333336
Peru,1981,20.043416666666666
Peru,1982,20.270583333333335
Peru,1983,21.088916666666666
Peru,1984,20.1245
Peru,1985,20.031750000000002
Peru,1986,20.1345
Peru,1987,20.867250000000002
Peru,1988,20.250083333333333
Peru,1989,20.017166666666668
Peru,1990,20.233083333333333
Peru,1991,20.504249999999995
Peru,1992,20.836583333333333
Peru,1993,20.502500000000005
Peru,1994,20.530583333333333
Peru,1995,20.686000000000003
Peru,1996,20.115
Peru,1997,20.93658333333333
Peru,1998,21.181833333333337
Peru,1999,20.06775
Peru,2000,20.231916666666667
Peru,2001,20.22575
Peru,2002,20.535999999999998
Peru,2003,20.485583333333334
Peru,2004,20.443083333333334
Peru,2005,20.45058333333333
Peru,2006,20.541000000000004
Peru,2007,20.191666666666666
Peru,2008,20.226416666666662
Peru,2009,20.523083333333332
Peru,2010,20.584500000000002
Peru,2011,20.28408333333333
Peru,2012,20.46
Peru,2013,19.976249999999997
Philippines,1853,26.06533333333333
Philippines,1854,26.213250000000002
Philippines,1855,26.033749999999998
Philippines,1856,25.664083333333338
Philippines,1857,25.7695
Philippines,1858,25.929083333333338
Philippines,1859,26.174545454545456
Philippines,1860,25.923333333333332
Philippines,1861,25.788416666666667
Philippines,1862,23.957000000000004
Philippines,1865,26.106909090909088
Philippines,1866,26.065583333333336
Philippines,1867,26.24590909090909
Philippines,1868,26.26483333333333
Philippines,1869,26.30258333333333
Philippines,1870,26.129666666666665
Philippines,1871,26.017583333333338
Philippines,1872,26.140583333333336
Philippines,1873,26.13308333333333
Philippines,1874,26.314416666666663
Philippines,1875,25.857249999999997
Philippines,1876,25.746
Philippines,1877,26.390333333333334
Philippines,1878,26.605083333333337
Philippines,1879,26.053083333333333
Philippines,1880,25.850250000000003
Philippines,1881,25.812750000000005
Philippines,1882,26.064166666666665
Philippines,1883,25.953916666666668
Philippines,1884,25.448500000000006
Philippines,1885,25.815583333333333
Philippines,1886,25.46066666666667
Philippines,1887,25.52966666666666
Philippines,1888,26.200916666666668
Philippines,1889,26.229083333333335
Philippines,1890,25.793666666666667
Philippines,1891,25.91166666666666
Philippines,1892,25.876166666666663
Philippines,1893,25.796333333333326
Philippines,1894,25.8365
Philippines,1895,25.802499999999995
Philippines,1896,25.92766666666667
Philippines,1897,26.438999999999997
Philippines,1898,26.116583333333338
Philippines,1899,25.94125
Philippines,1900,26.25133333333333
Philippines,1901,26.05816666666667
Philippines,1902,26.036333333333328
Philippines,1903,26.223583333333334
Philippines,1904,25.74766666666667
Philippines,1905,26.060999999999996
Philippines,1906,26.196250000000003
Philippines,1907,25.978749999999994
Philippines,1908,26.121666666666666
Philippines,1909,26.162666666666663
Philippines,1910,26.126583333333333
Philippines,1911,26.04575
Philippines,1912,26.387000000000004
Philippines,1913,26.135416666666668
Philippines,1914,26.437
Philippines,1915,26.707333333333334
Philippines,1916,26.099
Philippines,1917,26.01425
Philippines,1918,25.749166666666664
Philippines,1919,26.35541666666667
Philippines,1920,26.274500000000003
Philippines,1921,26.218499999999995
Philippines,1922,26.348083333333335
Philippines,1923,26.092416666666665
Philippines,1924,26.23216666666667
Philippines,1925,26.148416666666662
Philippines,1926,26.28216666666667
Philippines,1927,26.396750000000008
Philippines,1928,26.423666666666666
Philippines,1929,26.07408333333333
Philippines,1930,26.427333333333333
Philippines,1931,26.61241666666667
Philippines,1932,26.20641666666667
Philippines,1933,26.361916666666662
Philippines,1934,26.044416666666667
Philippines,1935,26.30558333333333
Philippines,1936,26.35325
Philippines,1937,26.511000000000006
Philippines,1938,26.302833333333336
Philippines,1939,26.37116666666667
Philippines,1940,26.419416666666663
Philippines,1941,26.787583333333334
Philippines,1942,26.596166666666665
Philippines,1943,26.26958333333333
Philippines,1944,26.425583333333336
Philippines,1945,26.331333333333333
Philippines,1946,26.755666666666666
Philippines,1947,26.88775
Philippines,1948,26.60575
Philippines,1949,26.553166666666666
Philippines,1950,26.53216666666667
Philippines,1951,26.737
Philippines,1952,26.770333333333337
Philippines,1953,26.849083333333336
Philippines,1954,26.79991666666666
Philippines,1955,26.561166666666665
Philippines,1956,26.537333333333333
Philippines,1957,26.844000000000005
Philippines,1958,26.914333333333335
Philippines,1959,26.82808333333334
Philippines,1960,26.8445
Philippines,1961,26.695499999999996
Philippines,1962,26.626166666666666
Philippines,1963,26.485333333333333
Philippines,1964,26.71908333333333
Philippines,1965,26.560666666666666
Philippines,1966,26.963583333333332
Philippines,1967,26.57375
Philippines,1968,26.71375
Philippines,1969,27.01808333333334
Philippines,1970,27.001333333333335
Philippines,1971,26.39975
Philippines,1972,26.77208333333333
Philippines,1973,26.988583333333334
Philippines,1974,26.631833333333333
Philippines,1975,26.726
Philippines,1976,26.570999999999998
Philippines,1977,26.8245
Philippines,1978,26.664333333333335
Philippines,1979,26.832250000000002
Philippines,1980,26.770999999999997
Philippines,1981,26.83008333333333
Philippines,1982,26.751583333333333
Philippines,1983,27.103416666666675
Philippines,1984,26.669083333333333
Philippines,1985,26.902833333333334
Philippines,1986,26.79125
Philippines,1987,27.301916666666667
Philippines,1988,27.190083333333334
Philippines,1989,26.732166666666668
Philippines,1990,26.932333333333336
Philippines,1991,26.79341666666667
Philippines,1992,26.901499999999995
Philippines,1993,26.846333333333337
Philippines,1994,26.831333333333333
Philippines,1995,26.826416666666663
Philippines,1996,26.88791666666667
Philippines,1997,26.976333333333333
Philippines,1998,27.779416666666666
Philippines,1999,26.925749999999997
Philippines,2000,27.00975
Philippines,2001,27.104250000000004
Philippines,2002,27.083166666666667
Philippines,2003,27.014833333333332
Philippines,2004,27.08983333333333
Philippines,2005,27.144333333333332
Philippines,2006,27.178083333333333
Philippines,2007,27.162000000000003
Philippines,2008,26.875749999999996
Philippines,2009,27.008750000000003
Philippines,2010,27.3565
Philippines,2011,26.785916666666665
Philippines,2012,27.14891666666667
Philippines,2013,27.41675
Russia,1812,-7.046833333333335
Russia,1813,-7.084818181818184
Russia,1814,-6.43590909090909
Russia,1815,-21.342
Russia,1816,-1.6283333333333334
Russia,1817,-6.959916666666667
Russia,1818,-5.90925
Russia,1819,-6.7655
Russia,1820,-6.4285
Russia,1821,-5.717666666666669
Russia,1822,-5.482333333333334
Russia,1823,-6.203500000000001
Russia,1824,-5.300083333333334
Russia,1825,-5.431500000000001
Russia,1826,-5.317166666666668
Russia,1827,-5.038250000000002
Russia,1828,-6.109750000000001
Russia,1829,-6.1812499999999995
Russia,1830,-5.660416666666667
Russia,1831,-6.67325
Russia,1832,-6.681166666666667
Russia,1833,-6.1645
Russia,1834,-5.7781666666666665
Russia,1835,-6.7855
Russia,1836,-6.088916666666666
Russia,1837,-6.761666666666666
Russia,1838,-6.418249999999998
Russia,1839,-6.4375833333333325
Russia,1840,-6.437416666666667
Russia,1841,-6.433916666666666
Russia,1842,-5.994416666666666
Russia,1843,-5.097583333333334
Russia,1844,-6.219999999999999
Russia,1845,-6.27475
Russia,1846,-5.433916666666666
Russia,1847,-5.9303333333333335
Russia,1848,-5.708333333333332
Russia,1849,-5.5605
Russia,1850,-6.4265
Russia,1851,-5.669583333333333
Russia,1852,-6.039666666666668
Russia,1853,-6.276
Russia,1854,-5.49025
Russia,1855,-5.556916666666667
Russia,1856,-6.088750000000001
Russia,1857,-6.487166666666668
Russia,1858,-5.592833333333335
Russia,1859,-5.2284999999999995
Russia,1860,-6.619000000000002
Russia,1861,-6.295333333333336
Russia,1862,-6.931416666666666
Russia,1863,-5.2991666666666655
Russia,1864,-6.007583333333332
Russia,1865,-5.917083333333333
Russia,1866,-5.31975
Russia,1867,-5.542999999999999
Russia,1868,-5.757916666666667
Russia,1869,-5.3319166666666655
Russia,1870,-6.422833333333333
Russia,1871,-6.263333333333333
Russia,1872,-6.421416666666668
Russia,1873,-5.687916666666665
Russia,1874,-4.888916666666666
Russia,1875,-6.0854166666666645
Russia,1876,-6.001583333333333
Russia,1877,-5.603000000000001
Russia,1878,-5.238083333333332
Russia,1879,-5.844750000000002
Russia,1880,-5.737166666666668
Russia,1881,-6.035250000000001
Russia,1882,-5.762249999999999
Russia,1883,-5.847083333333331
Russia,1884,-6.181666666666666
Russia,1885,-6.683916666666668
Russia,1886,-6.129250000000002
Russia,1887,-5.886916666666667
Russia,1888,-6.412666666666666
Russia,1889,-6.103166666666667
Russia,1890,-6.25675
Russia,1891,-6.183666666666666
Russia,1892,-6.362416666666668
Russia,1893,-5.554833333333334
Russia,1894,-5.366166666666667
Russia,1895,-6.280666666666668
Russia,1896,-5.686833333333332
Russia,1897,-5.554916666666666
Russia,1898,-5.950666666666668
Russia,1899,-5.375749999999999
Russia,1900,-5.874333333333335
Russia,1901,-5.460083333333333
Russia,1902,-7.002750000000002
Russia,1903,-5.352583333333333
Russia,1904,-5.418500000000001
Russia,1905,-5.687083333333334
Russia,1906,-5.10175
Russia,1907,-6.0414166666666675
Russia,1908,-6.122583333333336
Russia,1909,-5.865083333333334
Russia,1910,-5.776583333333334
Russia,1911,-5.830333333333333
Russia,1912,-6.864416666666667
Russia,1913,-5.726416666666666
Russia,1914,-5.3741666666666665
Russia,1915,-6.3629999999999995
Russia,1916,-6.19
Russia,1917,-5.528416666666666
Russia,1918,-5.747916666666666
Russia,1919,-6.185999999999999
Russia,1920,-5.155000000000001
Russia,1921,-4.90425
Russia,1922,-5.697833333333335
Russia,1923,-5.5211666666666686
Russia,1924,-5.275416666666666
Russia,1925,-5.128916666666667
Russia,1926,-5.3745
Russia,1927,-5.656916666666667
Russia,1928,-5.7722500000000005
Russia,1929,-6.400083333333334
Russia,1930,-5.530750000000001
Russia,1931,-5.76275
Russia,1932,-4.75825
Russia,1933,-6.2521666666666675
Russia,1934,-4.643000000000002
Russia,1935,-5.214333333333333
Russia,1936,-5.030083333333333
Russia,1937,-5.1489166666666675
Russia,1938,-4.552666666666666
Russia,1939,-4.716833333333332
Russia,1940,-5.628416666666666
Russia,1941,-6.4766666666666675
Russia,1942,-5.604666666666666
Russia,1943,-4.1145000000000005
Russia,1944,-4.434000000000001
Russia,1945,-5.394416666666665
Russia,1946,-5.855
Russia,1947,-5.368083333333335
Russia,1948,-4.337583333333334
Russia,1949,-4.92775
Russia,1950,-5.608916666666666
Russia,1951,-5.0559166666666675
Russia,1952,-6.175250000000001
Russia,1953,-4.779416666666667
Russia,1954,-5.317333333333334
Russia,1955,-5.626666666666666
Russia,1956,-5.81375
Russia,1957,-5.358250000000001
Russia,1958,-6.154083333333333
Russia,1959,-4.838916666666667
Russia,1960,-5.936
Russia,1961,-4.960333333333334
Russia,1962,-4.4162500000000025
Russia,1963,-5.008166666666665
Russia,1964,-5.785833333333334
Russia,1965,-5.907416666666667
Russia,1966,-6.309583333333335
Russia,1967,-4.36325
Russia,1968,-5.5895833333333345
Russia,1969,-6.766083333333334
Russia,1970,-5.522583333333333
Russia,1971,-4.971166666666666
Russia,1972,-5.702000000000002
Russia,1973,-4.833583333333333
Russia,1974,-5.67175
Russia,1975,-4.141083333333334
Russia,1976,-5.926999999999999
Russia,1977,-5.513000000000001
Russia,1978,-5.255916666666667
Russia,1979,-5.904333333333334
Russia,1980,-5.420749999999999
Russia,1981,-4.166166666666666
Russia,1982,-5.097583333333332
Russia,1983,-3.9518333333333335
Russia,1984,-5.294249999999999
Russia,1985,-5.521166666666667
Russia,1986,-4.89225
Russia,1987,-6.274
Russia,1988,-4.3304166666666655
Russia,1989,-4.07325
Russia,1990,-4.022916666666666
Russia,1991,-4.237
Russia,1992,-4.90325
Russia,1993,-4.62175
Russia,1994,-4.8984166666666695
Russia,1995,-3.1301666666666663
Russia,1996,-4.810333333333333
Russia,1997,-4.296500000000001
Russia,1998,-5.281083333333334
Russia,1999,-4.829750000000001
Russia,2000,-4.5456666666666665
Russia,2001,-4.490666666666667
Russia,2002,-4.122916666666666
Russia,2003,-3.832833333333335
Russia,2004,-4.4935833333333335
Russia,2005,-3.498083333333333
Russia,2006,-4.763000000000001
Russia,2007,-2.975083333333334
Russia,2008,-3.3054166666666664
Russia,2009,-4.6085
Russia,2010,-4.520583333333331
Russia,2011,-3.4015833333333347
Russia,2012,-3.9017499999999985
Russia,2013,-2.2631249999999996
Saudi Arabia,1843,25.039272727272728
Saudi Arabia,1844,16.799
Saudi Arabia,1845,21.562800000000003
Saudi Arabia,1848,24.86491666666667
Saudi Arabia,1849,25.056749999999997
Saudi Arabia,1850,24.644916666666663
Saudi Arabia,1851,25.289500000000004
Saudi Arabia,1852,25.10116666666667
Saudi Arabia,1853,25.229166666666668
Saudi Arabia,1855,25.185416666666672
Saudi Arabia,1856,15.915
Saudi Arabia,1857,24.54916666666666
Saudi Arabia,1858,25.24775
Saudi Arabia,1859,25.22441666666667
Saudi Arabia,1860,25.244
Saudi Arabia,1861,24.076
Saudi Arabia,1862,24.105
Saudi Arabia,1863,23.543714285714287
Saudi Arabia,1864,25.270750000000003
Saudi Arabia,1865,25.4735
Saudi Arabia,1866,25.253583333333335
Saudi Arabia,1867,25.485416666666666
Saudi Arabia,1868,25.242499999999996
Saudi Arabia,1869,25.567666666666664
Saudi Arabia,1870,25.284583333333334
Saudi Arabia,1871,24.947916666666668
Saudi Arabia,1872,25.157916666666665
Saudi Arabia,1873,25.496000000000006
Saudi Arabia,1874,25.233583333333332
Saudi Arabia,1875,24.586083333333338
Saudi Arabia,1876,25.15166666666667
Saudi Arabia,1877,25.71708333333333
Saudi Arabia,1878,25.782083333333333
Saudi Arabia,1879,25.473166666666675
Saudi Arabia,1880,25.141000000000002
Saudi Arabia,1881,25.833583333333337
Saudi Arabia,1882,24.98391666666667
Saudi Arabia,1883,25.322249999999997
Saudi Arabia,1884,25.010333333333335
Saudi Arabia,1885,25.269333333333332
Saudi Arabia,1886,25.18091666666666
Saudi Arabia,1887,25.081000000000007
Saudi Arabia,1888,25.29375
Saudi Arabia,1889,25.704333333333334
Saudi Arabia,1890,25.38333333333333
Saudi Arabia,1891,25.629666666666665
Saudi Arabia,1892,25.429333333333332
Saudi Arabia,1893,25.34691666666667
Saudi Arabia,1894,24.947
Saudi Arabia,1895,24.93133333333333
Saudi Arabia,1896,25.137916666666666
Saudi Arabia,1897,25.105166666666673
Saudi Arabia,1898,25.20341666666667
Saudi Arabia,1899,25.40083333333334
Saudi Arabia,1900,25.48891666666667
Saudi Arabia,1901,25.75975
Saudi Arabia,1902,25.536833333333337
Saudi Arabia,1903,24.934416666666667
Saudi Arabia,1904,25.286083333333337
Saudi Arabia,1905,25.143083333333333
Saudi Arabia,1906,25.22458333333333
Saudi Arabia,1907,24.82025
Saudi Arabia,1908,25.168750000000006
Saudi Arabia,1909,25.78683333333333
Saudi Arabia,1910,25.044416666666674
Saudi Arabia,1911,24.690250000000006
Saudi Arabia,1912,25.190750000000005
Saudi Arabia,1913,24.893333333333334
Saudi Arabia,1914,25.23125
Saudi Arabia,1915,25.71908333333333
Saudi Arabia,1916,25.201000000000004
Saudi Arabia,1917,25.251083333333327
Saudi Arabia,1918,25.012333333333334
Saudi Arabia,1919,25.611
Saudi Arabia,1920,25.15975
Saudi Arabia,1921,25.069000000000003
Saudi Arabia,1922,25.59633333333333
Saudi Arabia,1923,25.394750000000002
Saudi Arabia,1924,25.886416666666666
Saudi Arabia,1925,25.328999999999997
Saudi Arabia,1926,25.499749999999995
Saudi Arabia,1927,25.587999999999994
Saudi Arabia,1928,25.723499999999998
Saudi Arabia,1929,25.707916666666666
Saudi Arabia,1930,25.670916666666667
Saudi Arabia,1931,25.678916666666666
Saudi Arabia,1932,25.31716666666667
Saudi Arabia,1933,25.054916666666667
Saudi Arabia,1934,25.345833333333335
Saudi Arabia,1935,25.821583333333336
Saudi Arabia,1936,25.55933333333334
Saudi Arabia,1937,25.443249999999995
Saudi Arabia,1938,25.293166666666668
Saudi Arabia,1939,25.459000000000003
Saudi Arabia,1940,25.7995
Saudi Arabia,1941,25.76875
Saudi Arabia,1942,25.836166666666667
Saudi Arabia,1943,25.29591666666667
Saudi Arabia,1944,25.801
Saudi Arabia,1945,25.503000000000004
Saudi Arabia,1946,25.650166666666667
Saudi Arabia,1947,26.121250000000003
Saudi Arabia,1948,25.198000000000004
Saudi Arabia,1949,25.095500000000005
Saudi Arabia,1950,25.359166666666667
Saudi Arabia,1951,26.035916666666665
Saudi Arabia,1952,25.926583333333337
Saudi Arabia,1953,25.739416666666667
Saudi Arabia,1954,26.0115
Saudi Arabia,1955,25.647000000000002
Saudi Arabia,1956,25.408083333333327
Saudi Arabia,1957,25.29641666666667
Saudi Arabia,1958,25.962833333333336
Saudi Arabia,1959,24.953
Saudi Arabia,1960,26.074083333333334
Saudi Arabia,1961,25.533416666666668
Saudi Arabia,1962,26.231916666666667
Saudi Arabia,1963,25.9515
Saudi Arabia,1964,25.2745
Saudi Arabia,1965,25.762583333333335
Saudi Arabia,1966,26.198999999999998
Saudi Arabia,1967,25.172916666666666
Saudi Arabia,1968,25.426333333333336
Saudi Arabia,1969,26.199250000000003
Saudi Arabia,1970,25.97791666666667
Saudi Arabia,1971,25.225583333333333
Saudi Arabia,1972,25.26991666666667
Saudi Arabia,1973,25.778166666666674
Saudi Arabia,1974,25.537333333333336
Saudi Arabia,1975,25.274999999999995
Saudi Arabia,1976,25.334333333333337
Saudi Arabia,1977,26.094583333333336
Saudi Arabia,1978,26.043416666666662
Saudi Arabia,1979,26.414583333333336
Saudi Arabia,1980,26.11733333333333
Saudi Arabia,1981,26.070333333333338
Saudi Arabia,1982,25.007166666666674
Saudi Arabia,1983,25.14933333333333
Saudi Arabia,1984,25.159583333333334
Saudi Arabia,1985,25.445333333333334
Saudi Arabia,1986,25.64775
Saudi Arabia,1987,26.31616666666667
Saudi Arabia,1988,26.141833333333334
Saudi Arabia,1989,25.479
Saudi Arabia,1990,26.018749999999997
Saudi Arabia,1991,25.77625
Saudi Arabia,1992,24.771250000000006
Saudi Arabia,1993,25.741
Saudi Arabia,1994,26.297583333333332
Saudi Arabia,1995,25.989166666666666
Saudi Arabia,1996,26.432999999999996
Saudi Arabia,1997,25.867666666666665
Saudi Arabia,1998,26.85375
Saudi Arabia,1999,26.940583333333333
Saudi Arabia,2000,26.64291666666666
Saudi Arabia,2001,26.76966666666667
Saudi Arabia,2002,26.62733333333334
Saudi Arabia,2003,26.816666666666666
Saudi Arabia,2004,26.519000000000002
Saudi Arabia,2005,26.495499999999996
Saudi Arabia,2006,26.558583333333335
Saudi Arabia,2007,26.68258333333333
Saudi Arabia,2008,26.47775
Saudi Arabia,2009,26.827749999999998
Saudi Arabia,2010,27.530083333333334
Saudi Arabia,2011,26.635250000000003
Saudi Arabia,2012,26.988916666666668
Saudi Arabia,2013,27.74075
Senegal,1849,27.4255
Senegal,1850,27.451333333333334
Senegal,1851,27.605166666666666
Senegal,1856,27.392083333333332
Senegal,1857,27.206363636363633
Senegal,1858,27.18575
Senegal,1859,27.95658333333333
Senegal,1860,27.41475
Senegal,1861,27.47583333333333
Senegal,1862,27.118
Senegal,1863,27.127583333333334
Senegal,1864,27.58116666666667
Senegal,1865,27.68433333333333
Senegal,1866,27.4224
Senegal,1868,27.10554545454545
Senegal,1869,27.5231
Senegal,1870,27.758454545454548
Senegal,1873,26.930000000000003
Senegal,1874,27.209
Senegal,1875,27.027666666666665
Senegal,1876,27.532416666666666
Senegal,1877,27.575333333333333
Senegal,1878,27.82433333333334
Senegal,1879,27.385333333333335
Senegal,1880,27.548750000000002
Senegal,1881,28.029909090909097
Senegal,1882,27.75733333333333
Senegal,1883,28.316272727272725
Senegal,1884,27.622333333333334
Senegal,1885,27.11425
Senegal,1886,27.211749999999995
Senegal,1887,27.363666666666674
Senegal,1888,27.42941666666667
Senegal,1889,26.81391666666667
Senegal,1890,27.135333333333335
Senegal,1891,27.55983333333334
Senegal,1892,28.031333333333333
Senegal,1893,28.03833333333333
Senegal,1894,27.278000000000002
Senegal,1895,27.452750000000005
Senegal,1896,28.04466666666666
Senegal,1897,28.336666666666673
Senegal,1898,27.811083333333332
Senegal,1899,28.230249999999998
Senegal,1900,27.855833333333337
Senegal,1901,27.97091666666667
Senegal,1902,28.022000000000002
Senegal,1903,27.728583333333333
Senegal,1904,27.175916666666666
Senegal,1905,27.605249999999998
Senegal,1906,27.752416666666665
Senegal,1907,26.802333333333337
Senegal,1908,27.523916666666665
Senegal,1909,27.402083333333334
Senegal,1910,27.907083333333333
Senegal,1911,27.60083333333333
Senegal,1912,27.781500000000005
Senegal,1913,28.137249999999998
Senegal,1914,27.896250000000006
Senegal,1915,28.091916666666663
Senegal,1916,27.738166666666668
Senegal,1917,27.374
Senegal,1918,27.580916666666667
Senegal,1919,27.96891666666666
Senegal,1920,27.732333333333333
Senegal,1921,27.900750000000002
Senegal,1922,27.84266666666667
Senegal,1923,28.156333333333336
Senegal,1924,27.889750000000003
Senegal,1925,27.99291666666667
Senegal,1926,28.448000000000004
Senegal,1927,28.010583333333333
Senegal,1928,27.72108333333333
Senegal,1929,27.773666666666667
Senegal,1930,27.641833333333334
Senegal,1931,28.22191666666667
Senegal,1932,27.849749999999997
Senegal,1933,27.84441666666667
Senegal,1934,27.657416666666666
Senegal,1935,27.757166666666667
Senegal,1936,27.96633333333334
Senegal,1937,28.226750000000006
Senegal,1938,28.10141666666667
Senegal,1939,27.901416666666666
Senegal,1940,28.044833333333333
Senegal,1941,28.248333333333324
Senegal,1942,27.95691666666666
Senegal,1943,27.77291666666667
Senegal,1944,28.249583333333334
Senegal,1945,28.476416666666665
Senegal,1946,27.958583333333333
Senegal,1947,28.11525
Senegal,1948,27.689750000000004
Senegal,1949,28.074250000000003
Senegal,1950,27.817083333333333
Senegal,1951,27.828833333333332
Senegal,1952,27.630833333333328
Senegal,1953,27.86175
Senegal,1954,27.754666666666665
Senegal,1955,27.985
Senegal,1956,27.69566666666667
Senegal,1957,27.790833333333335
Senegal,1958,28.27683333333333
Senegal,1959,27.935
Senegal,1960,28.014166666666668
Senegal,1961,28.028666666666666
Senegal,1962,28.163
Senegal,1963,28.248499999999996
Senegal,1964,28.043333333333333
Senegal,1965,27.591166666666666
Senegal,1966,28.185083333333328
Senegal,1967,27.585583333333336
Senegal,1968,27.802750000000003
Senegal,1969,28.70933333333333
Senegal,1970,28.572166666666664
Senegal,1971,27.83241666666667
Senegal,1972,28.205583333333333
Senegal,1973,28.4645
Senegal,1974,27.563500000000005
Senegal,1975,27.711833333333335
Senegal,1976,27.662833333333335
Senegal,1977,28.543666666666667
Senegal,1978,28.15433333333333
Senegal,1979,28.636416666666666
Senegal,1980,28.546666666666667
Senegal,1981,28.49791666666667
Senegal,1982,27.96641666666667
Senegal,1983,29.054500000000004
Senegal,1984,28.330250000000003
Senegal,1985,28.273083333333336
Senegal,1986,28.020666666666667
Senegal,1987,28.8755
Senegal,1988,28.376583333333333
Senegal,1989,28.27583333333334
Senegal,1990,28.507999999999996
Senegal,1991,28.490333333333336
Senegal,1992,28.459833333333336
Senegal,1993,28.6465
Senegal,1994,28.241083333333336
Senegal,1995,28.556916666666666
Senegal,1996,28.775666666666663
Senegal,1997,28.82133333333334
Senegal,1998,29.25425
Senegal,1999,28.127333333333336
Senegal,2000,28.526083333333332
Senegal,2001,28.936333333333327
Senegal,2002,28.978166666666667
Senegal,2003,28.70416666666667
Senegal,2004,28.852083333333336
Senegal,2005,28.955083333333334
Senegal,2006,28.630750000000003
Senegal,2007,28.816833333333335
Senegal,2008,28.79608333333334
Senegal,2009,28.473750000000006
Senegal,2010,29.302333333333337
Senegal,2011,28.77491666666667
Senegal,2012,28.635583333333333
Senegal,2013,29.3015
Singapore,1825,26.425333333333327
Singapore,1839,25.79288888888889
Singapore,1840,25.89125
Singapore,1841,25.979
Singapore,1842,26.141916666666663
Singapore,1843,26.222916666666674
Singapore,1844,25.728916666666667
Singapore,1845,25.62309090909091
Singapore,1846,26.454666666666665
Singapore,1847,25.881500000000003
Singapore,1850,26.014833333333332
Singapore,1851,26.08841666666667
Singapore,1852,25.97491666666666
Singapore,1853,26.183000000000003
Singapore,1854,25.954090909090908
Singapore,1855,26.076583333333332
Singapore,1856,26.172333333333327
Singapore,1858,26.147999999999996
Singapore,1859,26.23541666666667
Singapore,1860,25.93133333333334
Singapore,1861,25.89358333333333
Singapore,1863,26.088666666666665
Singapore,1864,25.919083333333333
Singapore,1865,26.15458333333333
Singapore,1866,26.123666666666665
Singapore,1867,26.041749999999997
Singapore,1868,26.145
Singapore,1869,25.97875
Singapore,1870,25.572333333333336
Singapore,1871,25.58066666666667
Singapore,1872,26.168666666666667
Singapore,1873,26.39625
Singapore,1874,26.085333333333338
Singapore,1875,25.469916666666666
Singapore,1876,25.719166666666666
Singapore,1877,26.252916666666668
Singapore,1878,26.568166666666666
Singapore,1879,25.75225
Singapore,1880,26.1225
Singapore,1881,26.549333333333333
Singapore,1882,26.102166666666665
Singapore,1883,25.99875
Singapore,1884,25.862416666666665
Singapore,1885,26.22333333333334
Singapore,1886,26.40308333333333
Singapore,1887,25.600583333333333
Singapore,1888,26.256250000000005
Singapore,1889,26.458
Singapore,1890,25.8395
Singapore,1891,26.140499999999992
Singapore,1892,26.036333333333335
Singapore,1893,25.80475
Singapore,1894,25.99366666666667
Singapore,1895,26.090500000000006
Singapore,1896,26.4635
Singapore,1897,26.576583333333332
Singapore,1898,26.300500000000003
Singapore,1899,26.219166666666666
Singapore,1900,26.531583333333334
Singapore,1901,26.05683333333333
Singapore,1902,25.98483333333333
Singapore,1903,26.146333333333335
Singapore,1904,25.848249999999997
Singapore,1905,26.612250000000003
Singapore,1906,26.326666666666657
Singapore,1907,26.299583333333334
Singapore,1908,26.224833333333333
Singapore,1909,26.29283333333333
Singapore,1910,26.112416666666665
Singapore,1911,26.353250000000003
Singapore,1912,26.524416666666667
Singapore,1913,26.255416666666672
Singapore,1914,26.64891666666667
Singapore,1915,26.677333333333337
Singapore,1916,26.287333333333333
Singapore,1917,25.919333333333338
Singapore,1918,25.899166666666673
Singapore,1919,26.552333333333337
Singapore,1920,26.436999999999998
Singapore,1921,26.233916666666662
Singapore,1922,26.284833333333335
Singapore,1923,26.262583333333325
Singapore,1924,26.377916666666664
Singapore,1925,26.215249999999997
Singapore,1926,26.603416666666664
Singapore,1927,26.44875
Singapore,1928,26.58141666666667
Singapore,1929,26.455916666666667
Singapore,1930,26.72308333333333
Singapore,1931,26.87766666666667
Singapore,1932,26.525750000000002
Singapore,1933,26.36766666666667
Singapore,1934,26.245583333333332
Singapore,1935,26.54766666666667
Singapore,1936,26.602583333333342
Singapore,1937,26.727
Singapore,1938,26.64283333333333
Singapore,1939,26.577416666666668
Singapore,1940,26.86266666666667
Singapore,1941,27.278750000000002
Singapore,1942,26.916583333333335
Singapore,1943,26.492
Singapore,1944,26.663083333333333
Singapore,1945,26.636000000000006
Singapore,1946,26.832666666666665
Singapore,1947,26.93275
Singapore,1948,26.796000000000003
Singapore,1949,26.73958333333334
Singapore,1950,26.560166666666664
Singapore,1951,26.84
Singapore,1952,26.88716666666667
Singapore,1953,26.927749999999993
Singapore,1954,26.647916666666664
Singapore,1955,26.637999999999995
Singapore,1956,26.472750000000005
Singapore,1957,26.787166666666668
Singapore,1958,27.079833333333337
Singapore,1959,26.882416666666668
Singapore,1960,26.929416666666665
Singapore,1961,26.726999999999993
Singapore,1962,26.56083333333334
Singapore,1963,26.77116666666667
Singapore,1964,26.664666666666665
Singapore,1965,26.632916666666663
Singapore,1966,26.887833333333333
Singapore,1967,26.681749999999997
Singapore,1968,26.74566666666667
Singapore,1969,27.062416666666675
Singapore,1970,26.854583333333334
Singapore,1971,26.605500000000003
Singapore,1972,26.942000000000004
Singapore,1973,26.959749999999996
Singapore,1974,26.672583333333336
Singapore,1975,26.638
Singapore,1976,26.558750000000003
Singapore,1977,26.822
Singapore,1978,26.90458333333333
Singapore,1979,26.959750000000003
Singapore,1980,26.956416666666673
Singapore,1981,26.981000000000005
Singapore,1982,26.836500000000004
Singapore,1983,27.30491666666667
Singapore,1984,26.483499999999996
Singapore,1985,26.820083333333333
Singapore,1986,26.847833333333337
Singapore,1987,27.181583333333332
Singapore,1988,27.06725
Singapore,1989,26.792333333333332
Singapore,1990,27.130000000000006
Singapore,1991,26.994083333333336
Singapore,1992,26.997416666666666
Singapore,1993,26.928833333333333
Singapore,1994,27.087749999999996
Singapore,1995,27.0725
Singapore,1996,27.043333333333333
Singapore,1997,27.388916666666663
Singapore,1998,27.77591666666667
Singapore,1999,27.016750000000002
Singapore,2000,27.096500000000002
Singapore,2001,27.189333333333334
Singapore,2002,27.40608333333334
Singapore,2003,27.31183333333333
Singapore,2004,27.328666666666667
Singapore,2005,27.49358333333333
Singapore,2006,27.32841666666667
Singapore,2007,27.130000000000006
Singapore,2008,27.067666666666668
Singapore,2009,27.47333333333333
Singapore,2010,27.6035
Singapore,2011,27.282166666666665
Singapore,2012,27.303583333333332
Singapore,2013,27.602875
Somalia,1850,26.281909090909092
Somalia,1859,26.2272
Somalia,1864,26.236416666666674
Somalia,1875,26.339624999999998
Somalia,1876,26.21416666666667
Somalia,1877,26.771416666666667
Somalia,1878,26.937166666666666
Somalia,1880,26.667090909090906
Somalia,1881,26.710727272727272
Somalia,1882,26.454416666666663
Somalia,1883,26.32983333333333
Somalia,1884,26.207000000000004
Somalia,1885,26.434583333333332
Somalia,1886,26.542333333333335
Somalia,1887,26.15908333333333
Somalia,1888,26.42975
Somalia,1889,26.571083333333334
Somalia,1890,26.322833333333335
Somalia,1891,26.406166666666675
Somalia,1892,26.385416666666668
Somalia,1893,26.558083333333332
Somalia,1894,26.580583333333333
Somalia,1895,26.61808333333333
Somalia,1896,26.679083333333335
Somalia,1897,26.875333333333334
Somalia,1898,26.822000000000006
Somalia,1899,26.604166666666668
Somalia,1900,26.7085
Somalia,1901,26.485166666666668
Somalia,1902,26.590500000000002
Somalia,1903,26.461166666666667
Somalia,1904,26.532
Somalia,1905,26.642583333333334
Somalia,1906,26.415750000000003
Somalia,1907,26.23425
Somalia,1908,26.26416666666667
Somalia,1909,26.46083333333333
Somalia,1910,27.079000000000004
Somalia,1911,26.652749999999997
Somalia,1912,26.318750000000005
Somalia,1913,26.457916666666666
Somalia,1914,26.78125
Somalia,1915,27.023166666666665
Somalia,1916,26.53441666666667
Somalia,1917,26.61366666666667
Somalia,1918,26.446166666666667
Somalia,1919,26.88683333333334
Somalia,1920,26.650666666666666
Somalia,1921,26.536
Somalia,1922,26.43733333333333
Somalia,1923,26.31158333333333
Somalia,1924,26.662916666666664
Somalia,1925,26.494083333333332
Somalia,1926,26.95016666666666
Somalia,1927,26.430750000000003
Somalia,1928,26.637583333333335
Somalia,1929,27.018916666666666
Somalia,1930,26.910916666666665
Somalia,1931,27.110916666666668
Somalia,1932,26.671499999999998
Somalia,1933,26.883999999999997
Somalia,1934,26.630166666666664
Somalia,1935,26.733166666666666
Somalia,1936,26.806250000000002
Somalia,1937,26.4785
Somalia,1938,26.445333333333334
Somalia,1939,26.741083333333336
Somalia,1940,27.141250000000003
Somalia,1941,27.264166666666668
Somalia,1942,27.053250000000002
Somalia,1943,26.92958333333333
Somalia,1944,27.01025
Somalia,1945,27.086916666666667
Somalia,1946,26.867250000000002
Somalia,1947,26.89783333333334
Somalia,1948,26.897833333333338
Somalia,1949,26.982583333333334
Somalia,1950,26.569916666666668
Somalia,1951,26.92658333333333
Somalia,1952,27.043833333333335
Somalia,1953,27.110500000000005
Somalia,1954,26.843583333333328
Somalia,1955,26.680999999999997
Somalia,1956,26.567999999999998
Somalia,1957,26.72458333333333
Somalia,1958,27.229916666666668
Somalia,1959,27.109250000000003
Somalia,1960,26.79625
Somalia,1961,27.04641666666667
Somalia,1962,26.828999999999997
Somalia,1963,26.535416666666666
Somalia,1964,26.780916666666666
Somalia,1965,26.499666666666666
Somalia,1966,26.80616666666667
Somalia,1967,26.94116666666667
Somalia,1968,26.607666666666663
Somalia,1969,27.125
Somalia,1970,26.956333333333333
Somalia,1971,26.85558333333334
Somalia,1972,27.343833333333336
Somalia,1973,27.23425
Somalia,1974,26.769583333333333
Somalia,1975,26.332916666666666
Somalia,1976,26.621416666666672
Somalia,1977,27.1915
Somalia,1978,27.325333333333333
Somalia,1979,27.205666666666662
Somalia,1980,27.4335
Somalia,1981,27.057916666666667
Somalia,1982,27.103083333333334
Somalia,1983,27.427999999999994
Somalia,1984,26.815166666666666
Somalia,1985,26.800250000000002
Somalia,1986,27.034999999999997
Somalia,1987,27.4325
Somalia,1988,27.483000000000004
Somalia,1989,26.858
Somalia,1990,27.142666666666667
Somalia,1991,27.256083333333333
Somalia,1992,27.25825
Somalia,1993,26.90975
Somalia,1994,27.264999999999997
Somalia,1995,27.16325
Somalia,1996,27.126
Somalia,1997,27.222333333333335
Somalia,1998,27.549916666666665
Somalia,1999,27.499499999999998
Somalia,2000,27.71024999999999
Somalia,2001,27.477833333333333
Somalia,2002,27.516000000000005
Somalia,2003,27.787166666666668
Somalia,2004,27.68366666666667
Somalia,2005,27.832416666666663
Somalia,2006,27.653166666666667
Somalia,2007,27.872749999999996
Somalia,2008,27.451333333333327
Somalia,2009,27.945083333333333
Somalia,2010,27.821
Somalia,2011,27.92441666666667
Somalia,2012,27.9385
Somalia,2013,27.975625
South Africa,1857,16.448666666666668
South Africa,1858,16.730666666666664
South Africa,1859,16.767
South Africa,1860,17.192399999999996
South Africa,1861,16.832333333333334
South Africa,1862,16.410749999999997
South Africa,1863,16.74233333333333
South Africa,1864,16.818833333333334
South Africa,1865,17.198583333333335
South Africa,1866,17.065916666666666
South Africa,1867,17.117000000000004
South Africa,1868,16.743833333333328
South Africa,1869,17.13483333333333
South Africa,1870,16.785166666666672
South Africa,1871,16.945916666666665
South Africa,1872,16.91683333333334
South Africa,1873,16.466749999999998
South Africa,1874,16.86325
South Africa,1875,16.665833333333335
South Africa,1876,16.62966666666666
South Africa,1877,17.098000000000003
South Africa,1878,16.8895
South Africa,1879,16.476000000000003
South Africa,1880,17.114272727272724
South Africa,1881,16.87758333333333
South Africa,1882,16.78258333333334
South Africa,1883,16.908833333333334
South Africa,1884,16.623833333333334
South Africa,1885,17.060583333333334
South Africa,1886,17.10208333333333
South Africa,1887,16.706916666666668
South Africa,1888,16.884749999999997
South Africa,1889,17.24208333333333
South Africa,1890,16.718333333333323
South Africa,1891,16.948916666666666
South Africa,1892,16.71125000000001
South Africa,1893,16.752250000000004
South Africa,1894,16.830583333333337
South Africa,1895,16.833250000000003
South Africa,1896,17.407500000000002
South Africa,1897,17.000500000000002
South Africa,1898,16.47541666666667
South Africa,1899,16.904833333333332
South Africa,1900,17.385999999999996
South Africa,1901,16.909166666666664
South Africa,1902,16.71383333333333
South Africa,1903,16.638499999999997
South Africa,1904,16.596166666666665
South Africa,1905,16.77833333333333
South Africa,1906,16.520333333333337
South Africa,1907,16.482833333333335
South Africa,1908,16.766583333333333
South Africa,1909,16.95883333333333
South Africa,1910,16.625333333333334
South Africa,1911,16.81266666666666
South Africa,1912,17.110999999999994
South Africa,1913,17.30616666666666
South Africa,1914,17.385500000000004
South Africa,1915,17.031916666666667
South Africa,1916,17.049083333333336
South Africa,1917,16.556416666666667
South Africa,1918,16.89383333333333
South Africa,1919,17.332166666666662
South Africa,1920,17.304166666666667
South Africa,1921,16.77658333333334
South Africa,1922,17.37425
South Africa,1923,17.41475
South Africa,1924,16.698666666666668
South Africa,1925,17.023333333333333
South Africa,1926,17.329333333333334
South Africa,1927,17.693750000000005
South Africa,1928,17.26666666666667
South Africa,1929,17.389250000000008
South Africa,1930,17.040583333333327
South Africa,1931,17.389666666666663
South Africa,1932,17.61766666666667
South Africa,1933,17.527083333333326
South Africa,1934,17.51983333333333
South Africa,1935,16.760166666666663
South Africa,1936,17.07466666666667
South Africa,1937,17.445083333333336
South Africa,1938,17.385
South Africa,1939,17.03258333333333
South Africa,1940,17.598583333333337
South Africa,1941,17.731749999999995
South Africa,1942,17.530749999999998
South Africa,1943,16.8795
South Africa,1944,17.45941666666667
South Africa,1945,17.59758333333333
South Africa,1946,17.510333333333335
South Africa,1947,17.577583333333337
South Africa,1948,17.273500000000006
South Africa,1949,17.667
South Africa,1950,17.45116666666667
South Africa,1951,17.00233333333333
South Africa,1952,17.517500000000002
South Africa,1953,17.312416666666664
South Africa,1954,17.066583333333334
South Africa,1955,16.601833333333335
South Africa,1956,17.09325
South Africa,1957,17.426333333333332
South Africa,1958,17.422833333333337
South Africa,1959,17.332166666666673
South Africa,1960,17.571583333333333
South Africa,1961,17.54516666666667
South Africa,1962,17.738666666666667
South Africa,1963,17.50583333333333
South Africa,1964,17.262000000000004
South Africa,1965,17.39991666666667
South Africa,1966,17.80666666666667
South Africa,1967,17.30783333333333
South Africa,1968,17.043583333333327
South Africa,1969,17.77233333333334
South Africa,1970,17.720250000000004
South Africa,1971,17.285749999999997
South Africa,1972,17.621166666666664
South Africa,1973,17.584416666666662
South Africa,1974,17.175416666666663
South Africa,1975,17.1505
South Africa,1976,16.963833333333334
South Africa,1977,17.660000000000004
South Africa,1978,17.409750000000003
South Africa,1979,17.789833333333334
South Africa,1980,17.60983333333333
South Africa,1981,17.115750000000006
South Africa,1982,17.75208333333333
South Africa,1983,18.20358333333333
South Africa,1984,17.968166666666658
South Africa,1985,18.05608333333333
South Africa,1986,17.955000000000002
South Africa,1987,18.103583333333333
South Africa,1988,17.628833333333336
South Africa,1989,17.406166666666667
South Africa,1990,17.72833333333333
South Africa,1991,17.752000000000002
South Africa,1992,18.25616666666666
South Africa,1993,18.20275
South Africa,1994,17.614749999999997
South Africa,1995,17.870750000000005
South Africa,1996,17.25866666666667
South Africa,1997,17.615250000000003
South Africa,1998,18.095333333333333
South Africa,1999,18.545500000000008
South Africa,2000,17.585583333333332
South Africa,2001,17.867916666666666
South Africa,2002,17.949416666666668
South Africa,2003,18.261666666666663
South Africa,2004,18.082833333333337
South Africa,2005,18.217916666666667
South Africa,2006,17.597500000000007
South Africa,2007,17.986250000000002
South Africa,2008,17.95608333333334
South Africa,2009,17.886000000000003
South Africa,2010,18.302666666666664
South Africa,2011,17.55241666666667
South Africa,2012,17.846916666666665
South Africa,2013,17.325375
South Korea,1841,10.696999999999997
South Korea,1842,11.305083333333334
South Korea,1843,11.477416666666668
South Korea,1844,11.248583333333336
South Korea,1845,11.392166666666668
South Korea,1846,11.65325
South Korea,1847,11.749833333333333
South Korea,1848,11.491333333333332
South Korea,1849,11.521416666666667
South Korea,1850,10.948749999999999
South Korea,1851,10.621416666666667
South Korea,1852,10.771999999999998
South Korea,1853,11.123
South Korea,1854,11.693166666666668
South Korea,1855,11.951583333333337
South Korea,1856,11.455416666666666
South Korea,1857,11.457500000000001
South Korea,1858,11.564083333333334
South Korea,1859,11.514249999999999
South Korea,1860,10.7445
South Korea,1861,10.99875
South Korea,1862,10.833083333333333
South Korea,1863,11.603916666666668
South Korea,1864,11.12775
South Korea,1865,11.438833333333333
South Korea,1866,11.19491666666667
South Korea,1867,11.72075
South Korea,1868,11.649833333333333
South Korea,1869,11.804
South Korea,1870,11.570666666666668
South Korea,1871,11.6925
South Korea,1872,11.451999999999998
South Korea,1873,10.971916666666665
South Korea,1874,11.654083333333332
South Korea,1875,11.496249999999998
South Korea,1876,11.76525
South Korea,1877,11.67416666666667
South Korea,1878,11.46175
South Korea,1879,11.834833333333334
South Korea,1880,11.476666666666667
South Korea,1881,11.412916666666668
South Korea,1882,11.515416666666667
South Korea,1883,11.438666666666665
South Korea,1884,10.526250000000001
South Korea,1885,11.03225
South Korea,1886,11.424416666666666
South Korea,1887,11.577333333333334
South Korea,1888,11.607833333333332
South Korea,1889,10.9835
South Korea,1890,12.571
South Korea,1891,11.531999999999998
South Korea,1892,11.034916666666666
South Korea,1893,10.955083333333334
South Korea,1894,12.697166666666668
South Korea,1895,11.285166666666667
South Korea,1896,11.510833333333332
South Korea,1897,11.522
South Korea,1898,12.554333333333332
South Korea,1899,12.072583333333332
South Korea,1900,11.592666666666666
South Korea,1901,11.295999999999998
South Korea,1902,11.80966666666667
South Korea,1903,11.741249999999996
South Korea,1904,11.475249999999997
South Korea,1905,11.739833333333332
South Korea,1906,11.218916666666667
South Korea,1907,11.6145
South Korea,1908,11.293333333333331
South Korea,1909,11.429500000000003
South Korea,1910,11.058083333333334
South Korea,1911,11.501916666666666
South Korea,1912,11.238
South Korea,1913,10.952916666666665
South Korea,1914,12.571916666666665
South Korea,1915,11.759583333333332
South Korea,1916,11.903750000000002
South Korea,1917,10.802833333333334
South Korea,1918,11.240916666666665
South Korea,1919,11.763833333333332
South Korea,1920,12.074
South Korea,1921,11.533583333333333
South Korea,1922,11.926
South Korea,1923,11.432916666666669
South Korea,1924,11.572333333333333
South Korea,1925,11.442833333333333
South Korea,1926,11.322416666666667
South Korea,1927,11.697916666666664
South Korea,1928,11.735916666666666
South Korea,1929,11.942083333333334
South Korea,1930,12.2815
South Korea,1931,11.492333333333333
South Korea,1932,11.942499999999997
South Korea,1933,11.69325
South Korea,1934,11.388083333333334
South Korea,1935,12.254166666666668
South Korea,1936,11.016916666666669
South Korea,1937,12.300166666666668
South Korea,1938,11.908333333333331
South Korea,1939,12.37191666666667
South Korea,1940,11.779499999999999
South Korea,1941,11.903500000000001
South Korea,1942,11.965499999999999
South Korea,1943,12.094083333333332
South Korea,1944,11.788833333333335
South Korea,1945,11.247083333333334
South Korea,1946,12.189583333333331
South Korea,1947,10.6495
South Korea,1948,12.395166666666668
South Korea,1949,12.057833333333335
South Korea,1950,12.339666666666666
South Korea,1951,12.228416666666666
South Korea,1952,11.979333333333331
South Korea,1953,12.156583333333336
South Korea,1954,12.255249999999998
South Korea,1955,12.391583333333331
South Korea,1956,11.127833333333333
South Korea,1957,11.399166666666666
South Korea,1958,12.258750000000001
South Korea,1959,12.840333333333335
South Korea,1960,12.739499999999998
South Korea,1961,12.879
South Korea,1962,12.083833333333336
South Korea,1963,11.488999999999999
South Korea,1964,12.588166666666668
South Korea,1965,11.752833333333333
South Korea,1966,12.024250000000002
South Korea,1967,12.04625
South Korea,1968,11.956416666666668
South Korea,1969,11.448083333333331
South Korea,1970,11.711250000000001
South Korea,1971,11.920416666666668
South Korea,1972,12.13383333333333
South Korea,1973,12.432416666666667
South Korea,1974,11.388333333333334
South Korea,1975,12.615000000000002
South Korea,1976,11.720166666666666
South Korea,1977,12.361333333333334
South Korea,1978,12.807833333333333
South Korea,1979,12.67575
South Korea,1980,11.263583333333331
South Korea,1981,11.47425
South Korea,1982,12.469833333333336
South Korea,1983,12.363999999999999
South Korea,1984,11.802583333333333
South Korea,1985,12.177166666666665
South Korea,1986,11.601916666666666
South Korea,1987,12.359249999999998
South Korea,1988,12.226250000000002
South Korea,1989,12.951833333333333
South Korea,1990,13.2295
South Korea,1991,12.407916666666665
South Korea,1992,12.60375
South Korea,1993,11.971916666666667
South Korea,1994,13.480416666666668
South Korea,1995,12.32725
South Korea,1996,12.165000000000001
South Korea,1997,12.818833333333332
South Korea,1998,13.64925
South Korea,1999,13.033416666666666
South Korea,2000,12.575333333333333
South Korea,2001,12.842583333333332
South Korea,2002,12.817166666666667
South Korea,2003,12.646583333333334
South Korea,2004,13.365083333333331
South Korea,2005,12.356666666666664
South Korea,2006,12.90333333333333
South Korea,2007,13.292916666666665
South Korea,2008,13.027916666666668
South Korea,2009,12.949333333333334
South Korea,2010,12.63975
South Korea,2011,12.3635
South Korea,2012,12.391666666666664
South Korea,2013,13.760499999999999
Spain,1743,9.346
Spain,1744,14.537374999999999
Spain,1745,7.931749999999999
Spain,1750,14.120636363636363
Spain,1751,14.710374999999999
Spain,1752,9.621166666666667
Spain,1753,13.628083333333334
Spain,1754,13.655083333333332
Spain,1755,13.344666666666669
Spain,1756,13.675666666666666
Spain,1757,13.511750000000001
Spain,1758,12.388916666666667
Spain,1759,13.504
Spain,1760,13.071166666666668
Spain,1761,13.698916666666664
Spain,1762,13.608833333333331
Spain,1763,12.961583333333332
Spain,1764,13.63833333333333
Spain,1765,13.655083333333332
Spain,1766,13.537499999999996
Spain,1767,13.603250000000001
Spain,1768,12.905083333333332
Spain,1769,13.398750000000001
Spain,1770,13.248750000000001
Spain,1771,13.740416666666667
Spain,1772,14.37075
Spain,1773,13.335916666666668
Spain,1774,13.955916666666667
Spain,1775,14.103750000000003
Spain,1776,13.598416666666663
Spain,1777,13.4195
Spain,1778,13.780000000000001
Spain,1779,13.956166666666668
Spain,1780,14.375666666666666
Spain,1781,13.989166666666668
Spain,1782,13.021749999999999
Spain,1783,13.544916666666666
Spain,1784,13.327416666666666
Spain,1785,13.116750000000001
Spain,1786,13.533333333333333
Spain,1787,13.673333333333334
Spain,1788,14.136500000000003
Spain,1789,12.906083333333333
Spain,1790,13.731500000000002
Spain,1791,13.7665
Spain,1792,13.725999999999999
Spain,1793,13.708666666666664
Spain,1794,13.612333333333334
Spain,1795,13.721000000000002
Spain,1796,13.531333333333334
Spain,1797,13.376666666666665
Spain,1798,13.703916666666666
Spain,1799,13.216833333333334
Spain,1800,14.116749999999998
Spain,1801,13.91075
Spain,1802,14.08025
Spain,1803,13.770999999999995
Spain,1804,14.22025
Spain,1805,13.25875
Spain,1806,13.868916666666665
Spain,1807,13.322499999999998
Spain,1808,12.615333333333334
Spain,1809,12.79425
Spain,1810,12.560249999999998
Spain,1811,12.997916666666667
Spain,1812,12.575333333333331
Spain,1813,12.829250000000002
Spain,1814,12.437333333333335
Spain,1815,13.008083333333333
Spain,1816,12.367750000000001
Spain,1817,13.513750000000003
Spain,1818,13.8125
Spain,1819,13.189583333333331
Spain,1820,13.018
Spain,1821,13.801333333333332
Spain,1822,13.821583333333331
Spain,1823,13.24783333333333
Spain,1824,13.591666666666667
Spain,1825,13.756166666666665
Spain,1826,13.493500000000003
Spain,1827,13.380416666666667
Spain,1828,13.817416666666666
Spain,1829,12.941583333333332
Spain,1830,13.480333333333332
Spain,1831,13.78525
Spain,1832,13.30516666666667
Spain,1833,13.2425
Spain,1834,14.203833333333336
Spain,1835,13.102666666666664
Spain,1836,13.24258333333333
Spain,1837,13.222333333333331
Spain,1838,13.389833333333334
Spain,1839,13.30975
Spain,1840,13.18475
Spain,1841,13.38133333333333
Spain,1842,13.370666666666667
Spain,1843,13.551249999999998
Spain,1844,13.373999999999997
Spain,1845,13.010916666666667
Spain,1846,14.005333333333335
Spain,1847,13.444916666666666
Spain,1848,13.120416666666669
Spain,1849,13.462833333333334
Spain,1850,13.527833333333332
Spain,1851,13.25308333333333
Spain,1852,13.955916666666667
Spain,1853,12.695083333333335
Spain,1854,13.27975
Spain,1855,12.812583333333334
Spain,1856,13.816166666666668
Spain,1857,13.3915
Spain,1858,13.830166666666665
Spain,1859,13.451250000000002
Spain,1860,12.835500000000001
Spain,1861,13.491083333333334
Spain,1862,13.561583333333333
Spain,1863,13.345583333333336
Spain,1864,13.68275
Spain,1865,13.630999999999998
Spain,1866,13.70825
Spain,1867,13.896250000000002
Spain,1868,13.895083333333332
Spain,1869,13.529416666666668
Spain,1870,13.746916666666666
Spain,1871,13.203000000000001
Spain,1872,13.393416666666667
Spain,1873,13.338916666666668
Spain,1874,13.589583333333332
Spain,1875,13.645249999999999
Spain,1876,13.786000000000001
Spain,1877,13.755749999999999
Spain,1878,13.677083333333336
Spain,1879,12.985583333333333
Spain,1880,13.388583333333335
Spain,1881,14.026499999999999
Spain,1882,13.359083333333333
Spain,1883,12.812083333333334
Spain,1884,13.036000000000001
Spain,1885,12.880916666666666
Spain,1886,13.109000000000002
Spain,1887,12.852500000000001
Spain,1888,12.762666666666668
Spain,1889,12.551583333333332
Spain,1890,12.681083333333332
Spain,1891,12.924833333333334
Spain,1892,13.374499999999998
Spain,1893,13.971916666666667
Spain,1894,13.139166666666668
Spain,1895,13.970416666666665
Spain,1896,12.837166666666667
Spain,1897,14.122833333333332
Spain,1898,13.681083333333333
Spain,1899,14.607999999999999
Spain,1900,13.62941666666667
Spain,1901,13.087416666666668
Spain,1902,13.32475
Spain,1903,13.282083333333333
Spain,1904,13.843833333333334
Spain,1905,13.14925
Spain,1906,13.380499999999998
Spain,1907,13.30475
Spain,1908,13.62641666666667
Spain,1909,13.04875
Spain,1910,13.073500000000001
Spain,1911,13.409999999999998
Spain,1912,13.221333333333334
Spain,1913,13.556583333333336
Spain,1914,13.344916666666668
Spain,1915,13.489166666666668
Spain,1916,13.346416666666665
Spain,1917,12.801416666666668
Spain,1918,13.215666666666666
Spain,1919,13.167249999999997
Spain,1920,13.887916666666667
Spain,1921,13.846666666666666
Spain,1922,13.367083333333335
Spain,1923,13.449416666666666
Spain,1924,13.712916666666665
Spain,1925,12.930416666666668
Spain,1926,14.246416666666669
Spain,1927,13.788333333333334
Spain,1928,13.977666666666666
Spain,1929,13.929416666666667
Spain,1930,13.900666666666666
Spain,1931,13.678666666666663
Spain,1932,13.168750000000001
Spain,1933,13.650666666666666
Spain,1934,13.513416666666664
Spain,1935,13.45525
Spain,1936,13.412666666666667
Spain,1937,14.124166666666666
Spain,1938,13.854583333333332
Spain,1939,13.409666666666668
Spain,1940,13.665416666666667
Spain,1941,13.257916666666667
Spain,1942,13.767083333333334
Spain,1943,14.208083333333333
Spain,1944,13.504083333333332
Spain,1945,14.528416666666667
Spain,1946,13.406833333333331
Spain,1947,14.417083333333332
Spain,1948,14.487250000000001
Spain,1949,14.510083333333336
Spain,1950,14.239249999999998
Spain,1951,13.347083333333332
Spain,1952,13.794666666666666
Spain,1953,13.89325
Spain,1954,13.429666666666668
Spain,1955,14.537500000000001
Spain,1956,12.670499999999999
Spain,1957,13.536666666666664
Spain,1958,14.019083333333333
Spain,1959,13.981499999999999
Spain,1960,13.781500000000001
Spain,1961,14.636083333333332
Spain,1962,13.81258333333333
Spain,1963,13.395249999999999
Spain,1964,14.064749999999998
Spain,1965,13.654916666666665
Spain,1966,13.969916666666668
Spain,1967,13.697916666666666
Spain,1968,13.938833333333335
Spain,1969,13.211333333333334
Spain,1970,13.719999999999999
Spain,1971,13.091583333333332
Spain,1972,12.810666666666668
Spain,1973,13.420166666666665
Spain,1974,13.324166666666663
Spain,1975,13.374250000000002
Spain,1976,13.434999999999997
Spain,1977,13.548499999999999
Spain,1978,13.716666666666663
Spain,1979,13.831666666666665
Spain,1980,13.60425
Spain,1981,14.273249999999999
Spain,1982,14.205
Spain,1983,14.194499999999998
Spain,1984,13.36575
Spain,1985,14.131833333333335
Spain,1986,13.876249999999999
Spain,1987,14.46091666666667
Spain,1988,14.161333333333332
Spain,1989,15.045916666666669
Spain,1990,14.762083333333335
Spain,1991,14.007166666666665
Spain,1992,13.955249999999998
Spain,1993,13.500666666666666
Spain,1994,14.650999999999998
Spain,1995,15.072166666666666
Spain,1996,14.151249999999997
Spain,1997,15.105916666666666
Spain,1998,14.552
Spain,1999,14.366500000000002
Spain,2000,14.46875
Spain,2001,14.616083333333334
Spain,2002,14.647916666666667
Spain,2003,14.996916666666666
Spain,2004,14.396416666666665
Spain,2005,14.303583333333334
Spain,2006,15.105916666666667
Spain,2007,14.241333333333335
Spain,2008,14.229500000000002
Spain,2009,14.96808333333333
Spain,2010,14.246
Spain,2011,15.321083333333334
Spain,2012,14.58
Spain,2013,14.858875000000001
Sudan,1859,26.225000000000005
Sudan,1861,25.515777777777778
Sudan,1862,24.315250000000002
Sudan,1864,26.648666666666667
Sudan,1873,27.823875
Sudan,1874,26.508636363636366
Sudan,1875,26.1695
Sudan,1876,26.43716666666667
Sudan,1877,26.996916666666664
Sudan,1878,27.244500000000006
Sudan,1879,26.676833333333335
Sudan,1880,26.843916666666672
Sudan,1881,27.119416666666666
Sudan,1882,26.55741666666667
Sudan,1883,26.456083333333336
Sudan,1884,26.248833333333334
Sudan,1885,26.5095
Sudan,1886,26.342166666666667
Sudan,1887,26.41291666666667
Sudan,1888,26.39825
Sudan,1889,26.98125
Sudan,1890,26.996333333333336
Sudan,1891,26.875749999999993
Sudan,1892,26.663583333333335
Sudan,1893,26.458249999999996
Sudan,1894,26.549000000000003
Sudan,1895,26.5635
Sudan,1896,26.734083333333334
Sudan,1897,26.849166666666665
Sudan,1898,27.20125
Sudan,1899,26.991083333333336
Sudan,1900,26.888083333333338
Sudan,1901,27.63383333333333
Sudan,1902,26.864833333333333
Sudan,1903,26.684416666666667
Sudan,1904,26.509916666666665
Sudan,1905,26.775499999999997
Sudan,1906,26.61633333333333
Sudan,1907,26.741416666666666
Sudan,1908,26.681583333333332
Sudan,1909,26.86366666666667
Sudan,1910,26.475666666666672
Sudan,1911,26.61725
Sudan,1912,26.551999999999996
Sudan,1913,26.43133333333334
Sudan,1914,27.477083333333336
Sudan,1915,27.36491666666667
Sudan,1916,26.62908333333333
Sudan,1917,26.265166666666662
Sudan,1918,26.744999999999994
Sudan,1919,27.487833333333327
Sudan,1920,26.299999999999997
Sudan,1921,26.82516666666667
Sudan,1922,26.596249999999998
Sudan,1923,26.70516666666667
Sudan,1924,27.25091666666667
Sudan,1925,27.028000000000002
Sudan,1926,27.010833333333327
Sudan,1927,27.356250000000003
Sudan,1928,27.59425
Sudan,1929,26.929666666666666
Sudan,1930,26.959500000000002
Sudan,1931,27.50975
Sudan,1932,27.070333333333334
Sudan,1933,27.466333333333328
Sudan,1934,27.046166666666668
Sudan,1935,27.13591666666667
Sudan,1936,27.385666666666662
Sudan,1937,27.177999999999997
Sudan,1938,27.093499999999995
Sudan,1939,27.340666666666667
Sudan,1940,27.42083333333333
Sudan,1941,27.64033333333333
Sudan,1942,27.612333333333336
Sudan,1943,26.879
Sudan,1944,27.240666666666666
Sudan,1945,26.883166666666668
Sudan,1946,26.989749999999997
Sudan,1947,27.261416666666673
Sudan,1948,26.758083333333335
Sudan,1949,26.758416666666665
Sudan,1950,26.820166666666665
Sudan,1951,26.874416666666665
Sudan,1952,27.485333333333333
Sudan,1953,27.034666666666666
Sudan,1954,27.113583333333334
Sudan,1955,27.086
Sudan,1956,26.945916666666665
Sudan,1957,27.14333333333333
Sudan,1958,27.570083333333333
Sudan,1959,26.884000000000004
Sudan,1960,27.481583333333333
Sudan,1961,26.545749999999998
Sudan,1962,27.2805
Sudan,1963,27.510666666666665
Sudan,1964,26.671333333333326
Sudan,1965,27.055333333333337
Sudan,1966,27.382499999999997
Sudan,1967,26.62716666666667
Sudan,1968,26.8685
Sudan,1969,27.700333333333333
Sudan,1970,27.077833333333334
Sudan,1971,26.762166666666662
Sudan,1972,27.300750000000004
Sudan,1973,27.60308333333333
Sudan,1974,26.838333333333335
Sudan,1975,27.023
Sudan,1976,27.44633333333333
Sudan,1977,26.862583333333333
Sudan,1978,27.15891666666667
Sudan,1979,27.69
Sudan,1980,27.676333333333336
Sudan,1981,27.31375
Sudan,1982,27.114
Sudan,1983,27.03658333333333
Sudan,1984,27.56683333333333
Sudan,1985,27.414083333333334
Sudan,1986,27.243250000000003
Sudan,1987,27.706666666666674
Sudan,1988,27.392083333333332
Sudan,1989,26.73183333333333
Sudan,1990,27.644083333333338
Sudan,1991,27.515249999999998
Sudan,1992,26.87966666666667
Sudan,1993,27.680249999999997
Sudan,1994,27.257333333333335
Sudan,1995,27.498833333333334
Sudan,1996,27.750666666666664
Sudan,1997,27.694000000000003
Sudan,1998,27.802999999999997
Sudan,1999,27.719500000000007
Sudan,2000,27.456583333333327
Sudan,2001,27.72583333333333
Sudan,2002,27.905416666666664
Sudan,2003,27.853750000000005
Sudan,2004,27.893333333333334
Sudan,2005,28.032833333333333
Sudan,2006,27.72941666666667
Sudan,2007,27.647500000000004
Sudan,2008,27.8415
Sudan,2009,28.347916666666674
Sudan,2010,28.64766666666667
Sudan,2011,27.807583333333337
Sudan,2012,27.868500000000008
Sudan,2013,28.572000000000003
Syria,1808,12.096000000000002
Syria,1809,16.541666666666664
Syria,1810,16.591333333333335
Syria,1811,16.61375
Syria,1812,16.610083333333332
Syria,1813,17.1675
Syria,1814,17.308500000000002
Syria,1815,16.935666666666666
Syria,1816,16.523916666666665
Syria,1817,16.71441666666667
Syria,1818,17.58491666666667
Syria,1819,17.076083333333333
Syria,1820,17.17725
Syria,1821,17.3325
Syria,1822,17.09358333333333
Syria,1823,17.55875
Syria,1824,18.41175
Syria,1825,17.603083333333334
Syria,1826,17.52458333333333
Syria,1827,18.49566666666667
Syria,1828,17.571833333333334
Syria,1829,17.592083333333335
Syria,1830,17.896666666666672
Syria,1831,17.208583333333337
Syria,1832,16.4845
Syria,1833,17.464333333333332
Syria,1834,17.3095
Syria,1835,16.907833333333333
Syria,1836,17.345166666666668
Syria,1837,17.044
Syria,1838,16.783666666666665
Syria,1839,17.062583333333336
Syria,1840,17.050083333333333
Syria,1841,17.520083333333336
Syria,1842,17.58275
Syria,1843,17.52416666666667
Syria,1844,17.317666666666664
Syria,1845,17.548083333333334
Syria,1846,18.14316666666667
Syria,1847,17.74475
Syria,1848,17.705333333333332
Syria,1849,17.723000000000003
Syria,1850,17.133333333333333
Syria,1851,18.12675
Syria,1852,17.75625
Syria,1853,18.307666666666666
Syria,1854,17.30758333333333
Syria,1855,17.866666666666667
Syria,1856,17.3365
Syria,1857,16.916916666666665
Syria,1858,17.575166666666664
Syria,1859,17.796083333333332
Syria,1860,18.145416666666666
Syria,1861,16.674583333333334
Syria,1862,16.628833333333333
Syria,1863,17.121
Syria,1864,17.687166666666666
Syria,1865,18.028666666666666
Syria,1866,17.845916666666668
Syria,1867,17.820750000000004
Syria,1868,17.566833333333335
Syria,1869,18.1075
Syria,1870,17.90558333333333
Syria,1871,17.4285
Syria,1872,18.159666666666666
Syria,1873,18.357583333333334
Syria,1874,17.588500000000003
Syria,1875,16.952166666666667
Syria,1876,18.056
Syria,1877,18.381000000000004
Syria,1878,18.345000000000002
Syria,1879,18.568416666666664
Syria,1880,17.027083333333334
Syria,1881,17.776416666666666
Syria,1882,17.24
Syria,1883,17.831999999999997
Syria,1884,17.285749999999997
Syria,1885,18.013333333333332
Syria,1886,17.504666666666665
Syria,1887,17.981416666666668
Syria,1888,17.983333333333338
Syria,1889,18.125333333333334
Syria,1890,17.769833333333334
Syria,1891,17.817500000000003
Syria,1892,18.10641666666667
Syria,1893,17.546333333333333
Syria,1894,17.067833333333336
Syria,1895,17.535666666666668
Syria,1896,17.354250000000004
Syria,1897,17.14975
Syria,1898,17.487
Syria,1899,17.963166666666666
Syria,1900,18.093083333333333
Syria,1901,18.875916666666665
Syria,1902,18.194166666666664
Syria,1903,17.590166666666665
Syria,1904,17.496083333333335
Syria,1905,17.432
Syria,1906,17.578333333333333
Syria,1907,17.063916666666668
Syria,1908,17.332416666666667
Syria,1909,18.30666666666666
Syria,1910,17.494833333333336
Syria,1911,16.677
Syria,1912,17.870083333333334
Syria,1913,17.1845
Syria,1914,17.375333333333334
Syria,1915,18.091999999999995
Syria,1916,18.392083333333332
Syria,1917,18.27675
Syria,1918,17.776666666666667
Syria,1919,18.191166666666664
Syria,1920,16.9045
Syria,1921,17.283
Syria,1922,18.30166666666667
Syria,1923,18.28733333333333
Syria,1924,18.133416666666665
Syria,1925,17.930583333333335
Syria,1926,18.13383333333333
Syria,1927,18.30216666666667
Syria,1928,18.211000000000002
Syria,1929,18.128916666666665
Syria,1930,18.720583333333334
Syria,1931,18.139833333333332
Syria,1932,17.986583333333332
Syria,1933,17.36325
Syria,1934,18.00525
Syria,1935,18.696249999999996
Syria,1936,18.277833333333334
Syria,1937,18.737
Syria,1938,17.94525
Syria,1939,18.28533333333333
Syria,1940,18.37525
Syria,1941,18.38725
Syria,1942,18.17175
Syria,1943,17.805833333333336
Syria,1944,18.16208333333333
Syria,1945,17.638333333333332
Syria,1946,18.152666666666665
Syria,1947,19.113666666666667
Syria,1948,17.587166666666665
Syria,1949,17.2775
Syria,1950,17.769583333333333
Syria,1951,18.395333333333337
Syria,1952,18.633
Syria,1953,17.50133333333333
Syria,1954,18.543499999999998
Syria,1955,19.172416666666663
Syria,1956,17.75616666666667
Syria,1957,18.092333333333332
Syria,1958,18.452833333333334
Syria,1959,17.537166666666668
Syria,1960,19.075083333333332
Syria,1961,18.138333333333335
Syria,1962,19.397583333333333
Syria,1963,18.660750000000004
Syria,1964,17.6235
Syria,1965,18.188666666666666
Syria,1966,19.226000000000003
Syria,1967,17.196
Syria,1968,18.28375
Syria,1969,18.5045
Syria,1970,18.789083333333334
Syria,1971,18.084416666666666
Syria,1972,17.369833333333332
Syria,1973,18.066333333333336
Syria,1974,18.10058333333333
Syria,1975,18.04075
Syria,1976,17.668166666666664
Syria,1977,18.398083333333332
Syria,1978,18.679916666666667
Syria,1979,19.139833333333332
Syria,1980,18.285
Syria,1981,18.566583333333337
Syria,1982,17.483083333333337
Syria,1983,17.707333333333334
Syria,1984,18.150499999999997
Syria,1985,18.543166666666668
Syria,1986,18.606583333333337
Syria,1987,18.294666666666668
Syria,1988,18.082
Syria,1989,18.601250000000004
Syria,1990,18.543166666666668
Syria,1991,18.4795
Syria,1992,17.028583333333334
Syria,1993,18.045666666666666
Syria,1994,19.05183333333333
Syria,1995,18.48225
Syria,1996,18.90341666666667
Syria,1997,17.933666666666667
Syria,1998,19.415333333333333
Syria,1999,19.281000000000002
Syria,2000,18.773333333333333
Syria,2001,19.396250000000002
Syria,2002,18.85658333333333
Syria,2003,18.839333333333332
Syria,2004,18.77325
Syria,2005,18.74191666666667
Syria,2006,18.744
Syria,2007,19.041499999999996
Syria,2008,19.161166666666663
Syria,2009,19.070083333333333
Syria,2010,20.70933333333333
Syria,2011,18.607000000000003
Syria,2012,19.357583333333334
Syria,2013,20.021124999999998
Taiwan,1841,21.125083333333333
Taiwan,1842,21.4675
Taiwan,1843,21.56083333333333
Taiwan,1844,21.191
Taiwan,1845,21.26825
Taiwan,1846,21.837166666666665
Taiwan,1847,21.54358333333333
Taiwan,1848,21.081833333333332
Taiwan,1849,21.40533333333333
Taiwan,1850,21.588749999999994
Taiwan,1851,21.611666666666668
Taiwan,1852,21.63325
Taiwan,1853,21.97666666666667
Taiwan,1854,21.95125
Taiwan,1855,21.5775
Taiwan,1856,21.191499999999998
Taiwan,1857,21.61708333333333
Taiwan,1858,21.391166666666663
Taiwan,1859,21.597833333333327
Taiwan,1860,21.470916666666668
Taiwan,1861,21.377416666666665
Taiwan,1862,20.614500000000003
Taiwan,1863,21.17866666666667
Taiwan,1864,20.99958333333333
Taiwan,1865,21.452363636363636
Taiwan,1866,21.59166666666667
Taiwan,1867,21.469999999999995
Taiwan,1868,21.942166666666665
Taiwan,1869,21.948333333333327
Taiwan,1870,22.033500000000004
Taiwan,1871,22.016833333333334
Taiwan,1872,22.011499999999998
Taiwan,1873,21.642
Taiwan,1874,21.807833333333335
Taiwan,1875,21.520833333333332
Taiwan,1876,21.28875
Taiwan,1877,21.754333333333335
Taiwan,1878,21.817083333333333
Taiwan,1879,21.894833333333334
Taiwan,1880,21.25225
Taiwan,1881,21.528999999999996
Taiwan,1882,21.392916666666665
Taiwan,1883,21.31016666666667
Taiwan,1884,20.8725
Taiwan,1885,21.035166666666665
Taiwan,1886,20.886333333333337
Taiwan,1887,21.46241666666667
Taiwan,1888,21.928250000000002
Taiwan,1889,21.630666666666666
Taiwan,1890,21.846500000000002
Taiwan,1891,21.577750000000005
Taiwan,1892,21.45091666666667
Taiwan,1893,21.158583333333336
Taiwan,1894,21.678
Taiwan,1895,21.386999999999997
Taiwan,1896,21.76375
Taiwan,1897,22.029416666666666
Taiwan,1898,21.860833333333336
Taiwan,1899,21.393416666666667
Taiwan,1900,21.742583333333332
Taiwan,1901,21.363500000000002
Taiwan,1902,21.959333333333333
Taiwan,1903,21.39616666666667
Taiwan,1904,21.245416666666664
Taiwan,1905,21.61583333333333
Taiwan,1906,21.85466666666667
Taiwan,1907,21.642333333333337
Taiwan,1908,21.71975
Taiwan,1909,22.037833333333328
Taiwan,1910,21.64366666666667
Taiwan,1911,21.646
Taiwan,1912,21.727833333333333
Taiwan,1913,21.6915
Taiwan,1914,22.00616666666666
Taiwan,1915,22.328500000000002
Taiwan,1916,21.83491666666667
Taiwan,1917,20.961250000000003
Taiwan,1918,21.28533333333333
Taiwan,1919,21.7565
Taiwan,1920,21.726250000000004
Taiwan,1921,21.659833333333335
Taiwan,1922,21.892666666666667
Taiwan,1923,21.64225
Taiwan,1924,21.703249999999997
Taiwan,1925,21.326083333333333
Taiwan,1926,21.60041666666667
Taiwan,1927,21.452916666666667
Taiwan,1928,21.880499999999998
Taiwan,1929,21.775666666666666
Taiwan,1930,22.11641666666667
Taiwan,1931,22.150583333333334
Taiwan,1932,21.615499999999997
Taiwan,1933,21.968749999999996
Taiwan,1934,21.571166666666667
Taiwan,1935,22.034000000000002
Taiwan,1936,21.76133333333333
Taiwan,1937,22.360750000000007
Taiwan,1938,22.24416666666666
Taiwan,1939,21.679666666666666
Taiwan,1940,21.81925
Taiwan,1941,22.566416666666665
Taiwan,1942,22.375833333333333
Taiwan,1943,21.91475
Taiwan,1944,22.038333333333338
Taiwan,1945,21.68766666666667
Taiwan,1946,22.594833333333337
Taiwan,1947,21.78333333333333
Taiwan,1948,22.329583333333332
Taiwan,1949,22.36491666666667
Taiwan,1950,22.037750000000003
Taiwan,1951,22.156666666666666
Taiwan,1952,22.579916666666662
Taiwan,1953,22.439916666666665
Taiwan,1954,22.614583333333332
Taiwan,1955,22.017833333333332
Taiwan,1956,22.158833333333334
Taiwan,1957,22.0955
Taiwan,1958,22.22875
Taiwan,1959,22.544999999999998
Taiwan,1960,22.497666666666664
Taiwan,1961,22.4695
Taiwan,1962,22.000833333333333
Taiwan,1963,22.03333333333333
Taiwan,1964,22.39866666666667
Taiwan,1965,22.247416666666666
Taiwan,1966,22.718500000000002
Taiwan,1967,21.998166666666663
Taiwan,1968,21.724999999999998
Taiwan,1969,22.091166666666666
Taiwan,1970,22.159833333333335
Taiwan,1971,21.94758333333333
Taiwan,1972,22.0895
Taiwan,1973,22.485083333333336
Taiwan,1974,22.21808333333333
Taiwan,1975,22.371
Taiwan,1976,21.930583333333335
Taiwan,1977,22.528000000000002
Taiwan,1978,22.261416666666666
Taiwan,1979,22.357499999999998
Taiwan,1980,22.484333333333336
Taiwan,1981,22.197666666666663
Taiwan,1982,22.19225
Taiwan,1983,22.477166666666665
Taiwan,1984,21.960583333333332
Taiwan,1985,22.100666666666665
Taiwan,1986,21.910583333333335
Taiwan,1987,22.505666666666666
Taiwan,1988,22.32133333333334
Taiwan,1989,22.184250000000002
Taiwan,1990,22.47275
Taiwan,1991,22.612916666666667
Taiwan,1992,22.12483333333333
Taiwan,1993,22.48933333333333
Taiwan,1994,22.82508333333333
Taiwan,1995,22.17025
Taiwan,1996,22.347916666666666
Taiwan,1997,22.488666666666663
Taiwan,1998,23.44558333333333
Taiwan,1999,22.692500000000006
Taiwan,2000,22.704500000000007
Taiwan,2001,22.796166666666668
Taiwan,2002,23.136
Taiwan,2003,22.885666666666665
Taiwan,2004,22.638
Taiwan,2005,22.529083333333332
Taiwan,2006,23.120916666666663
Taiwan,2007,23.054166666666664
Taiwan,2008,22.714416666666665
Taiwan,2009,22.885166666666667
Taiwan,2010,22.745333333333335
Taiwan,2011,22.271749999999997
Taiwan,2012,22.558333333333334
Taiwan,2013,23.015
Tanzania,1850,21.495727272727272
Tanzania,1859,22.1003
Tanzania,1864,21.66291666666667
Tanzania,1875,21.588125000000005
Tanzania,1876,21.614166666666673
Tanzania,1877,22.22316666666667
Tanzania,1878,22.317999999999998
Tanzania,1880,21.775454545454547
Tanzania,1881,22.25
Tanzania,1889,22.10275
Tanzania,1890,21.69272727272727
Tanzania,1891,21.62566666666667
Tanzania,1892,22.064083333333333
Tanzania,1893,21.62075
Tanzania,1894,22.115
Tanzania,1895,22.105166666666666
Tanzania,1896,22.161833333333334
Tanzania,1897,22.26975
Tanzania,1898,22.41858333333333
Tanzania,1899,21.971333333333334
Tanzania,1900,22.399416666666664
Tanzania,1901,22.31383333333333
Tanzania,1902,22.45675
Tanzania,1903,22.347250000000003
Tanzania,1904,21.569333333333333
Tanzania,1905,22.099833333333336
Tanzania,1906,21.820083333333333
Tanzania,1907,21.733666666666664
Tanzania,1908,22.096083333333336
Tanzania,1909,21.845083333333335
Tanzania,1910,21.698083333333333
Tanzania,1911,21.94525
Tanzania,1912,22.339333333333332
Tanzania,1913,22.1165
Tanzania,1914,22.39991666666667
Tanzania,1915,22.388583333333333
Tanzania,1916,21.96558333333334
Tanzania,1917,21.825333333333337
Tanzania,1918,21.89616666666667
Tanzania,1919,22.211916666666667
Tanzania,1920,22.007583333333333
Tanzania,1921,22.09533333333334
Tanzania,1922,22.06833333333334
Tanzania,1923,21.99116666666667
Tanzania,1924,22.28075
Tanzania,1925,22.086583333333333
Tanzania,1926,22.33833333333334
Tanzania,1927,22.077833333333334
Tanzania,1928,22.257833333333327
Tanzania,1929,22.20575
Tanzania,1930,21.97375
Tanzania,1931,22.6035
Tanzania,1932,22.233583333333332
Tanzania,1933,22.250083333333336
Tanzania,1934,22.264666666666667
Tanzania,1935,22.232083333333335
Tanzania,1936,22.11616666666667
Tanzania,1937,22.07258333333333
Tanzania,1938,22.290249999999997
Tanzania,1939,22.288250000000005
Tanzania,1940,22.391083333333338
Tanzania,1941,22.742916666666662
Tanzania,1942,22.238333333333333
Tanzania,1943,22.22808333333334
Tanzania,1944,22.314750000000004
Tanzania,1945,22.1805
Tanzania,1946,22.38966666666667
Tanzania,1947,22.102416666666667
Tanzania,1948,22.34675
Tanzania,1949,22.723833333333335
Tanzania,1950,22.073666666666668
Tanzania,1951,22.22866666666667
Tanzania,1952,22.427666666666667
Tanzania,1953,22.52058333333333
Tanzania,1954,22.386833333333332
Tanzania,1955,22.25525
Tanzania,1956,21.946916666666667
Tanzania,1957,22.281833333333335
Tanzania,1958,22.644166666666667
Tanzania,1959,22.544749999999997
Tanzania,1960,22.317666666666668
Tanzania,1961,22.521333333333335
Tanzania,1962,22.216583333333336
Tanzania,1963,22.031833333333335
Tanzania,1964,22.07558333333333
Tanzania,1965,22.116500000000002
Tanzania,1966,22.468749999999996
Tanzania,1967,22.352500000000003
Tanzania,1968,21.966333333333335
Tanzania,1969,22.684583333333336
Tanzania,1970,22.371083333333335
Tanzania,1971,21.967416666666665
Tanzania,1972,22.404083333333332
Tanzania,1973,22.443416666666664
Tanzania,1974,22.136750000000003
Tanzania,1975,22.27825
Tanzania,1976,22.43191666666667
Tanzania,1977,22.587333333333333
Tanzania,1978,22.360916666666668
Tanzania,1979,22.401916666666665
Tanzania,1980,22.652916666666666
Tanzania,1981,22.478250000000003
Tanzania,1982,22.563583333333337
Tanzania,1983,23.116333333333333
Tanzania,1984,22.410666666666668
Tanzania,1985,22.369500000000002
Tanzania,1986,22.577749999999998
Tanzania,1987,23.093999999999998
Tanzania,1988,22.922083333333333
Tanzania,1989,22.307999999999996
Tanzania,1990,22.714333333333332
Tanzania,1991,22.69116666666667
Tanzania,1992,22.802999999999997
Tanzania,1993,22.689999999999998
Tanzania,1994,22.862416666666665
Tanzania,1995,23.00641666666667
Tanzania,1996,22.75666666666667
Tanzania,1997,22.94875
Tanzania,1998,23.05816666666667
Tanzania,1999,22.648166666666665
Tanzania,2000,22.79158333333333
Tanzania,2001,22.747500000000002
Tanzania,2002,23.00175
Tanzania,2003,23.28108333333333
Tanzania,2004,23.04625
Tanzania,2005,23.723416666666665
Tanzania,2006,23.045416666666668
Tanzania,2007,22.9255
Tanzania,2008,22.706416666666666
Tanzania,2009,23.149999999999995
Tanzania,2010,23.267666666666667
Tanzania,2011,23.069416666666665
Tanzania,2012,23.06866666666667
Tanzania,2013,22.772750000000002
Thailand,1816,24.933299999999996
Thailand,1817,24.647833333333338
Thailand,1818,25.31458333333333
Thailand,1819,24.70616666666667
Thailand,1820,25.313909090909092
Thailand,1821,25.632000000000005
Thailand,1822,25.7585
Thailand,1823,25.63763636363636
Thailand,1825,25.9375
Thailand,1833,25.65433333333333
Thailand,1834,25.637
Thailand,1835,24.69541666666667
Thailand,1836,25.158999999999995
Thailand,1837,24.815
Thailand,1838,26.19585714285714
Thailand,1839,25.61366666666667
Thailand,1840,25.606666666666666
Thailand,1841,26.19541666666667
Thailand,1842,25.68133333333333
Thailand,1843,25.724999999999998
Thailand,1844,25.216166666666666
Thailand,1845,25.024083333333333
Thailand,1846,25.49275
Thailand,1847,25.084750000000003
Thailand,1848,25.306583333333332
Thailand,1849,25.426000000000002
Thailand,1850,25.54791666666667
Thailand,1851,25.6775
Thailand,1852,25.504416666666668
Thailand,1853,25.789833333333338
Thailand,1854,25.785083333333336
Thailand,1855,25.644999999999996
Thailand,1856,25.351416666666665
Thailand,1857,25.626000000000005
Thailand,1858,25.722333333333335
Thailand,1859,25.706000000000003
Thailand,1860,25.4975
Thailand,1861,25.415166666666664
Thailand,1862,23.519333333333332
Thailand,1863,25.447916666666668
Thailand,1864,25.319333333333333
Thailand,1865,25.772916666666664
Thailand,1866,25.82325
Thailand,1867,25.718833333333333
Thailand,1868,25.761083333333332
Thailand,1869,25.28516666666667
Thailand,1870,25.345
Thailand,1871,25.595749999999995
Thailand,1872,25.75133333333333
Thailand,1873,25.80525
Thailand,1874,25.76758333333333
Thailand,1875,25.373416666666667
Thailand,1876,25.318583333333336
Thailand,1877,25.871
Thailand,1878,26.37216666666666
Thailand,1879,25.813083333333335
Thailand,1880,25.61616666666667
Thailand,1881,25.81425
Thailand,1882,25.68525
Thailand,1883,25.491416666666666
Thailand,1884,25.269250000000003
Thailand,1885,25.711749999999995
Thailand,1886,25.654833333333332
Thailand,1887,25.43825
Thailand,1888,25.927750000000003
Thailand,1889,26.034833333333335
Thailand,1890,25.676333333333332
Thailand,1891,25.934083333333334
Thailand,1892,25.37625
Thailand,1893,25.19033333333334
Thailand,1894,25.557083333333335
Thailand,1895,25.85108333333334
Thailand,1896,25.942333333333334
Thailand,1897,26.104916666666668
Thailand,1898,25.74058333333333
Thailand,1899,25.609166666666663
Thailand,1900,26.100250000000006
Thailand,1901,26.055666666666667
Thailand,1902,26.118
Thailand,1903,25.88191666666667
Thailand,1904,25.416333333333338
Thailand,1905,25.981583333333333
Thailand,1906,26.14566666666667
Thailand,1907,25.568416666666664
Thailand,1908,25.698000000000004
Thailand,1909,25.878
Thailand,1910,25.797833333333333
Thailand,1911,26.006250000000005
Thailand,1912,25.91725
Thailand,1913,25.71741666666667
Thailand,1914,26.128583333333335
Thailand,1915,26.149750000000008
Thailand,1916,25.608749999999997
Thailand,1917,25.512749999999997
Thailand,1918,25.60675
Thailand,1919,26.303249999999995
Thailand,1920,26.052999999999997
Thailand,1921,25.783499999999993
Thailand,1922,26.02725
Thailand,1923,25.930916666666665
Thailand,1924,26.020416666666666
Thailand,1925,25.7015
Thailand,1926,26.237916666666667
Thailand,1927,25.936749999999993
Thailand,1928,25.978833333333338
Thailand,1929,25.84675
Thailand,1930,25.94141666666667
Thailand,1931,26.50866666666667
Thailand,1932,25.931916666666666
Thailand,1933,26.034833333333335
Thailand,1934,25.713916666666666
Thailand,1935,26.48691666666667
Thailand,1936,25.986333333333338
Thailand,1937,26.410833333333333
Thailand,1938,25.993416666666672
Thailand,1939,25.975583333333336
Thailand,1940,26.263666666666666
Thailand,1941,26.8995
Thailand,1942,26.383583333333334
Thailand,1943,25.924666666666667
Thailand,1944,26.443249999999995
Thailand,1945,26.183250000000005
Thailand,1946,26.43558333333333
Thailand,1947,26.5245
Thailand,1948,26.11741666666667
Thailand,1949,26.24958333333333
Thailand,1950,26.086916666666667
Thailand,1951,26.257500000000004
Thailand,1952,26.31725
Thailand,1953,26.40641666666666
Thailand,1954,26.38525
Thailand,1955,25.868166666666667
Thailand,1956,25.93466666666667
Thailand,1957,26.510749999999998
Thailand,1958,26.4875
Thailand,1959,26.60308333333333
Thailand,1960,26.591083333333334
Thailand,1961,26.292333333333332
Thailand,1962,26.136083333333332
Thailand,1963,26.129000000000005
Thailand,1964,26.24358333333333
Thailand,1965,26.33808333333333
Thailand,1966,26.81625
Thailand,1967,26.09775
Thailand,1968,26.356083333333334
Thailand,1969,26.57375
Thailand,1970,26.40233333333333
Thailand,1971,25.670083333333327
Thailand,1972,26.395666666666667
Thailand,1973,26.43958333333333
Thailand,1974,26.008416666666665
Thailand,1975,26.156499999999998
Thailand,1976,25.955916666666667
Thailand,1977,26.369
Thailand,1978,26.49866666666667
Thailand,1979,26.82883333333334
Thailand,1980,26.805666666666667
Thailand,1981,26.212499999999995
Thailand,1982,26.187
Thailand,1983,26.464999999999993
Thailand,1984,26.130333333333336
Thailand,1985,26.2655
Thailand,1986,26.148666666666667
Thailand,1987,26.651166666666665
Thailand,1988,26.39975
Thailand,1989,26.320916666666662
Thailand,1990,26.590666666666667
Thailand,1991,26.653333333333336
Thailand,1992,26.29116666666667
Thailand,1993,26.29708333333333
Thailand,1994,26.477
Thailand,1995,26.52991666666667
Thailand,1996,26.185499999999994
Thailand,1997,26.635166666666667
Thailand,1998,27.379666666666665
Thailand,1999,26.22225
Thailand,2000,26.30216666666667
Thailand,2001,26.679833333333335
Thailand,2002,26.786083333333337
Thailand,2003,26.649
Thailand,2004,26.499999999999996
Thailand,2005,26.833166666666667
Thailand,2006,26.744833333333332
Thailand,2007,26.636916666666668
Thailand,2008,26.221999999999998
Thailand,2009,26.648083333333336
Thailand,2010,27.38966666666666
Thailand,2011,26.251666666666665
Thailand,2012,27.289
Thailand,2013,27.864874999999998
Turkey,1777,12.6885
Turkey,1778,11.931249999999999
Turkey,1779,12.031333333333333
Turkey,1780,12.248333333333333
Turkey,1781,11.669083333333333
Turkey,1782,11.18741666666667
Turkey,1783,11.21591666666667
Turkey,1784,11.52575
Turkey,1785,10.7665
Turkey,1786,11.354833333333334
Turkey,1787,11.660416666666666
Turkey,1788,11.733
Turkey,1789,11.809333333333333
Turkey,1790,11.578833333333336
Turkey,1791,12.045916666666665
Turkey,1792,11.484166666666667
Turkey,1793,11.390666666666666
Turkey,1794,11.848749999999999
Turkey,1795,11.807083333333335
Turkey,1796,11.667583333333333
Turkey,1797,12.124083333333337
Turkey,1798,12.022916666666667
Turkey,1799,11.618333333333332
Turkey,1800,11.800500000000001
Turkey,1801,12.339833333333335
Turkey,1802,12.46016666666667
Turkey,1803,11.6135
Turkey,1804,11.904583333333331
Turkey,1805,11.524416666666664
Turkey,1806,11.902583333333332
Turkey,1807,11.911916666666668
Turkey,1808,10.954916666666666
Turkey,1809,10.308750000000002
Turkey,1810,10.496
Turkey,1811,10.592083333333333
Turkey,1812,10.340916666666667
Turkey,1813,10.756583333333333
Turkey,1814,10.974166666666667
Turkey,1815,10.584583333333335
Turkey,1816,10.297916666666667
Turkey,1817,10.593083333333333
Turkey,1818,11.31366666666667
Turkey,1819,10.980500000000001
Turkey,1820,10.979166666666668
Turkey,1821,11.014416666666667
Turkey,1822,10.873
Turkey,1823,11.389750000000001
Turkey,1824,12.291333333333332
Turkey,1825,11.172083333333335
Turkey,1826,11.10875
Turkey,1827,12.235
Turkey,1828,11.169750000000002
Turkey,1829,11.058083333333334
Turkey,1830,11.46475
Turkey,1831,10.917666666666669
Turkey,1832,9.8705
Turkey,1833,11.123666666666665
Turkey,1834,11.044083333333333
Turkey,1835,10.630583333333332
Turkey,1836,11.175666666666665
Turkey,1837,10.658083333333332
Turkey,1838,10.436500000000002
Turkey,1839,10.782083333333333
Turkey,1840,10.526666666666667
Turkey,1841,11.475333333333333
Turkey,1842,11.137000000000004
Turkey,1843,11.27375
Turkey,1844,10.983249999999998
Turkey,1845,11.411999999999999
Turkey,1846,11.852916666666667
Turkey,1847,11.449499999999997
Turkey,1848,11.617083333333332
Turkey,1849,11.372583333333335
Turkey,1850,10.858250000000002
Turkey,1851,11.921166666666668
Turkey,1852,11.415916666666668
Turkey,1853,12.227583333333335
Turkey,1854,11.021666666666667
Turkey,1855,11.636083333333332
Turkey,1856,11.082583333333334
Turkey,1857,10.533833333333332
Turkey,1858,11.023500000000002
Turkey,1859,11.542333333333334
Turkey,1860,11.914166666666667
Turkey,1861,10.574999999999998
Turkey,1862,10.685916666666666
Turkey,1863,11.147083333333333
Turkey,1864,11.217416666666667
Turkey,1865,11.502916666666666
Turkey,1866,11.41216666666667
Turkey,1867,11.230083333333333
Turkey,1868,11.246333333333334
Turkey,1869,11.7235
Turkey,1870,11.488166666666666
Turkey,1871,11.311833333333333
Turkey,1872,12.223333333333336
Turkey,1873,12.0895
Turkey,1874,11.383333333333335
Turkey,1875,10.717166666666666
Turkey,1876,11.701416666666667
Turkey,1877,11.834166666666667
Turkey,1878,12.03725
Turkey,1879,12.239749999999997
Turkey,1880,10.473333333333333
Turkey,1881,11.09666666666667
Turkey,1882,11.015333333333334
Turkey,1883,11.428083333333335
Turkey,1884,10.873999999999999
Turkey,1885,11.691333333333334
Turkey,1886,11.388916666666667
Turkey,1887,11.67275
Turkey,1888,11.325916666666668
Turkey,1889,11.578833333333336
Turkey,1890,11.443249999999999
Turkey,1891,11.284333333333333
Turkey,1892,11.873416666666664
Turkey,1893,10.896583333333334
Turkey,1894,10.799166666666666
Turkey,1895,11.517083333333334
Turkey,1896,11.086166666666665
Turkey,1897,11.163583333333333
Turkey,1898,11.318083333333337
Turkey,1899,11.796833333333332
Turkey,1900,11.913750000000002
Turkey,1901,12.39241666666667
Turkey,1902,11.625
Turkey,1903,11.360833333333334
Turkey,1904,11.201499999999998
Turkey,1905,11.309000000000001
Turkey,1906,11.35425
Turkey,1907,10.749916666666666
Turkey,1908,10.832833333333333
Turkey,1909,11.909666666666668
Turkey,1910,11.492166666666662
Turkey,1911,10.515750000000002
Turkey,1912,11.606083333333332
Turkey,1913,10.943999999999999
Turkey,1914,11.191916666666666
Turkey,1915,11.993250000000002
Turkey,1916,12.391749999999995
Turkey,1917,12.06475
Turkey,1918,11.832666666666668
Turkey,1919,11.990499999999999
Turkey,1920,10.626500000000004
Turkey,1921,10.896333333333335
Turkey,1922,12.081500000000002
Turkey,1923,12.261416666666669
Turkey,1924,11.834333333333333
Turkey,1925,11.8525
Turkey,1926,12.049583333333336
Turkey,1927,12.203916666666665
Turkey,1928,11.535333333333332
Turkey,1929,11.490166666666669
Turkey,1930,12.419500000000003
Turkey,1931,11.724499999999999
Turkey,1932,11.576083333333335
Turkey,1933,10.838583333333334
Turkey,1934,11.776083333333332
Turkey,1935,12.25575
Turkey,1936,12.04475
Turkey,1937,12.730833333333333
Turkey,1938,11.851583333333332
Turkey,1939,12.208833333333335
Turkey,1940,12.007916666666667
Turkey,1941,11.730833333333331
Turkey,1942,11.554083333333331
Turkey,1943,11.493333333333336
Turkey,1944,11.965166666666667
Turkey,1945,11.282916666666665
Turkey,1946,12.034666666666668
Turkey,1947,12.679916666666664
Turkey,1948,11.300333333333334
Turkey,1949,10.961
Turkey,1950,11.466666666666665
Turkey,1951,12.062916666666666
Turkey,1952,12.527416666666667
Turkey,1953,11.088000000000001
Turkey,1954,12.036333333333333
Turkey,1955,12.968333333333335
Turkey,1956,11.135583333333335
Turkey,1957,12.157166666666667
Turkey,1958,12.268166666666666
Turkey,1959,11.184333333333335
Turkey,1960,12.580916666666665
Turkey,1961,12.083833333333335
Turkey,1962,13.118166666666667
Turkey,1963,12.284333333333333
Turkey,1964,11.27
Turkey,1965,11.671416666666666
Turkey,1966,13.413083333333331
Turkey,1967,11.024666666666668
Turkey,1968,11.930166666666667
Turkey,1969,11.968916666666665
Turkey,1970,12.554583333333333
Turkey,1971,11.94525
Turkey,1972,11.201666666666666
Turkey,1973,11.519416666666665
Turkey,1974,11.621500000000001
Turkey,1975,11.70225
Turkey,1976,11.058916666666669
Turkey,1977,11.951916666666667
Turkey,1978,12.14025
Turkey,1979,12.871083333333335
Turkey,1980,11.984916666666669
Turkey,1981,12.575500000000002
Turkey,1982,11.498583333333336
Turkey,1983,11.640750000000004
Turkey,1984,12.058000000000002
Turkey,1985,12.08625
Turkey,1986,12.260916666666667
Turkey,1987,11.613833333333336
Turkey,1988,11.621916666666667
Turkey,1989,12.175500000000001
Turkey,1990,12.032499999999999
Turkey,1991,11.751083333333334
Turkey,1992,10.516666666666666
Turkey,1993,11.277416666666669
Turkey,1994,12.744833333333336
Turkey,1995,12.188833333333333
Turkey,1996,12.405916666666664
Turkey,1997,11.568
Turkey,1998,12.883166666666666
Turkey,1999,13.087250000000001
Turkey,2000,12.201916666666667
Turkey,2001,13.283249999999997
Turkey,2002,12.339
Turkey,2003,12.331333333333335
Turkey,2004,12.310166666666667
Turkey,2005,12.43291666666667
Turkey,2006,12.450083333333335
Turkey,2007,12.815333333333333
Turkey,2008,12.65783333333333
Turkey,2009,12.814833333333333
Turkey,2010,14.281666666666666
Turkey,2011,11.9145
Turkey,2012,12.854416666666667
Turkey,2013,14.026624999999997
Ukraine,1743,1.898
Ukraine,1744,9.997125
Ukraine,1745,-1.6200000000000008
Ukraine,1750,8.390818181818183
Ukraine,1751,8.709624999999999
Ukraine,1752,1.9848333333333328
Ukraine,1753,7.525083333333334
Ukraine,1754,7.635249999999999
Ukraine,1755,7.478250000000002
Ukraine,1756,8.2355
Ukraine,1757,8.129
Ukraine,1758,6.181
Ukraine,1759,7.280833333333334
Ukraine,1760,6.618166666666666
Ukraine,1761,7.9070833333333335
Ukraine,1762,7.734166666666667
Ukraine,1763,6.782
Ukraine,1764,7.97675
Ukraine,1765,7.884999999999999
Ukraine,1766,7.755249999999999
Ukraine,1767,7.442499999999998
Ukraine,1768,6.28275
Ukraine,1769,7.416999999999999
Ukraine,1770,7.502916666666667
Ukraine,1771,6.922916666666668
Ukraine,1772,8.05925
Ukraine,1773,8.220166666666666
Ukraine,1774,8.09175
Ukraine,1775,8.761833333333334
Ukraine,1776,7.461583333333333
Ukraine,1777,7.3006666666666655
Ukraine,1778,8.186500000000002
Ukraine,1779,8.578916666666666
Ukraine,1780,7.69075
Ukraine,1781,7.945416666666667
Ukraine,1782,7.1169166666666674
Ukraine,1783,7.715916666666668
Ukraine,1784,7.517333333333332
Ukraine,1785,6.320916666666665
Ukraine,1786,6.9567499999999995
Ukraine,1787,7.813833333333334
Ukraine,1788,7.2505
Ukraine,1789,8.202583333333335
Ukraine,1790,7.7000833333333345
Ukraine,1791,8.518916666666666
Ukraine,1792,7.525666666666666
Ukraine,1793,7.72075
Ukraine,1794,8.396500000000001
Ukraine,1795,7.733916666666666
Ukraine,1796,7.699833333333334
Ukraine,1797,8.946916666666668
Ukraine,1798,8.202916666666665
Ukraine,1799,6.72125
Ukraine,1800,7.62325
Ukraine,1801,8.660916666666667
Ukraine,1802,8.606916666666667
Ukraine,1803,7.0575833333333335
Ukraine,1804,7.522916666666666
Ukraine,1805,6.962833333333333
Ukraine,1806,8.160749999999998
Ukraine,1807,8.243833333333333
Ukraine,1808,6.902
Ukraine,1809,6.388166666666666
Ukraine,1810,6.661583333333334
Ukraine,1811,7.444916666666667
Ukraine,1812,6.241416666666666
Ukraine,1813,6.882833333333333
Ukraine,1814,6.7919166666666655
Ukraine,1815,6.484916666666666
Ukraine,1816,6.745916666666667
Ukraine,1817,7.207250000000002
Ukraine,1818,7.633166666666664
Ukraine,1819,7.534583333333333
Ukraine,1820,6.833499999999998
Ukraine,1821,7.445333333333334
Ukraine,1822,7.934333333333332
Ukraine,1823,7.858750000000001
Ukraine,1824,8.956000000000001
Ukraine,1825,7.366583333333332
Ukraine,1826,7.684916666666667
Ukraine,1827,8.310833333333333
Ukraine,1828,6.7171666666666665
Ukraine,1829,5.98725
Ukraine,1830,7.227916666666666
Ukraine,1831,6.869583333333334
Ukraine,1832,5.471166666666666
Ukraine,1833,7.379750000000001
Ukraine,1834,7.880916666666668
Ukraine,1835,6.86
Ukraine,1836,7.642999999999998
Ukraine,1837,6.656333333333333
Ukraine,1838,6.276083333333333
Ukraine,1839,7.045833333333332
Ukraine,1840,6.050250000000001
Ukraine,1841,7.960166666666666
Ukraine,1842,6.823166666666666
Ukraine,1843,7.942499999999999
Ukraine,1844,6.653750000000001
Ukraine,1845,7.108999999999999
Ukraine,1846,7.995916666666665
Ukraine,1847,6.931833333333334
Ukraine,1848,8.268416666666665
Ukraine,1849,7.21525
Ukraine,1850,7.418416666666668
Ukraine,1851,8.423166666666669
Ukraine,1852,7.262833333333334
Ukraine,1853,7.899500000000001
Ukraine,1854,7.407750000000001
Ukraine,1855,7.286666666666666
Ukraine,1856,7.355416666666666
Ukraine,1857,7.428166666666669
Ukraine,1858,6.610916666666665
Ukraine,1859,8.453416666666667
Ukraine,1860,7.730083333333334
Ukraine,1861,6.645166666666668
Ukraine,1862,6.389666666666667
Ukraine,1863,8.380166666666666
Ukraine,1864,6.512416666666667
Ukraine,1865,7.179250000000001
Ukraine,1866,7.90675
Ukraine,1867,7.037916666666667
Ukraine,1868,7.7160833333333345
Ukraine,1869,8.332083333333333
Ukraine,1870,6.6255000000000015
Ukraine,1871,6.214333333333333
Ukraine,1872,8.661666666666665
Ukraine,1873,8.141
Ukraine,1874,7.678916666666666
Ukraine,1875,5.892916666666667
Ukraine,1876,7.087083333333332
Ukraine,1877,7.123666666666666
Ukraine,1878,8.329083333333333
Ukraine,1879,7.338583333333335
Ukraine,1880,6.742999999999999
Ukraine,1881,6.289583333333333
Ukraine,1882,8.219583333333334
Ukraine,1883,7.1407500000000015
Ukraine,1884,7.21425
Ukraine,1885,7.8105
Ukraine,1886,7.707416666666664
Ukraine,1887,7.741083333333333
Ukraine,1888,6.502
Ukraine,1889,7.150333333333333
Ukraine,1890,7.640000000000001
Ukraine,1891,7.331250000000002
Ukraine,1892,7.767666666666666
Ukraine,1893,6.353416666666667
Ukraine,1894,6.97325
Ukraine,1895,7.5315
Ukraine,1896,6.997
Ukraine,1897,7.946833333333333
Ukraine,1898,7.4985833333333325
Ukraine,1899,7.698333333333333
Ukraine,1900,7.819333333333334
Ukraine,1901,8.187416666666666
Ukraine,1902,6.589916666666666
Ukraine,1903,8.446333333333333
Ukraine,1904,7.159916666666665
Ukraine,1905,7.978583333333333
Ukraine,1906,8.423916666666669
Ukraine,1907,6.5838333333333345
Ukraine,1908,6.631083333333334
Ukraine,1909,7.520416666666666
Ukraine,1910,8.429
Ukraine,1911,6.8808333333333325
Ukraine,1912,6.618333333333332
Ukraine,1913,8.043666666666667
Ukraine,1914,7.764666666666666
Ukraine,1915,7.742
Ukraine,1916,7.904166666666668
Ukraine,1917,7.1306666666666665
Ukraine,1918,8.214916666666667
Ukraine,1919,7.222333333333332
Ukraine,1920,7.377916666666667
Ukraine,1921,7.655333333333334
Ukraine,1922,7.351166666666667
Ukraine,1923,8.393916666666664
Ukraine,1924,7.1155
Ukraine,1925,8.492666666666667
Ukraine,1926,7.820833333333333
Ukraine,1927,7.5882499999999995
Ukraine,1928,6.796916666666667
Ukraine,1929,6.463333333333332
Ukraine,1930,8.333499999999999
Ukraine,1931,6.921500000000001
Ukraine,1932,7.762499999999998
Ukraine,1933,5.990166666666667
Ukraine,1934,8.601916666666668
Ukraine,1935,7.717
Ukraine,1936,8.78
Ukraine,1937,8.6335
Ukraine,1938,8.854916666666666
Ukraine,1939,8.66875
Ukraine,1940,6.458749999999999
Ukraine,1941,6.318083333333334
Ukraine,1942,5.811166666666668
Ukraine,1943,7.788916666666668
Ukraine,1944,8.24
Ukraine,1945,6.816583333333334
Ukraine,1946,8.191833333333333
Ukraine,1947,7.657916666666669
Ukraine,1948,8.025
Ukraine,1949,8.239083333333332
Ukraine,1950,8.020666666666667
Ukraine,1951,8.413583333333333
Ukraine,1952,8.089916666666666
Ukraine,1953,7.519666666666666
Ukraine,1954,7.252583333333334
Ukraine,1955,8.108666666666668
Ukraine,1956,6.301916666666667
Ukraine,1957,8.656
Ukraine,1958,8.081416666666666
Ukraine,1959,7.740416666666667
Ukraine,1960,8.558
Ukraine,1961,8.61725
Ukraine,1962,8.348250000000002
Ukraine,1963,7.409583333333335
Ukraine,1964,7.464749999999999
Ukraine,1965,7.10325
Ukraine,1966,9.345666666666666
Ukraine,1967,8.327916666666665
Ukraine,1968,8.091416666666664
Ukraine,1969,6.782333333333334
Ukraine,1970,8.154166666666667
Ukraine,1971,8.22125
Ukraine,1972,8.386833333333334
Ukraine,1973,7.728333333333334
Ukraine,1974,8.300416666666667
Ukraine,1975,9.365166666666667
Ukraine,1976,6.668416666666666
Ukraine,1977,7.978749999999999
Ukraine,1978,7.242166666666666
Ukraine,1979,8.242166666666666
Ukraine,1980,6.900083333333334
Ukraine,1981,8.764666666666665
Ukraine,1982,8.1415
Ukraine,1983,8.964666666666666
Ukraine,1984,7.973666666666666
Ukraine,1985,6.5635
Ukraine,1986,8.010666666666669
Ukraine,1987,6.1825
Ukraine,1988,7.781333333333333
Ukraine,1989,9.52375
Ukraine,1990,9.400833333333333
Ukraine,1991,8.300166666666668
Ukraine,1992,8.37975
Ukraine,1993,7.458416666666666
Ukraine,1994,8.80725
Ukraine,1995,8.709083333333334
Ukraine,1996,7.552583333333334
Ukraine,1997,7.604583333333333
Ukraine,1998,8.455583333333331
Ukraine,1999,9.50725
Ukraine,2000,9.316333333333333
Ukraine,2001,8.938666666666668
Ukraine,2002,9.377166666666666
Ukraine,2003,8.219666666666667
Ukraine,2004,8.850499999999998
Ukraine,2005,8.917333333333332
Ukraine,2006,8.454666666666666
Ukraine,2007,10.055416666666666
Ukraine,2008,9.55975
Ukraine,2009,9.428500000000001
Ukraine,2010,9.453000000000001
Ukraine,2011,8.790833333333333
Ukraine,2012,9.290666666666668
Ukraine,2013,10.9135
United Kingdom,1743,7.086
United Kingdom,1744,9.08825
United Kingdom,1745,4.0504999999999995
United Kingdom,1750,9.144181818181819
United Kingdom,1751,8.831875
United Kingdom,1752,6.255166666666667
United Kingdom,1753,8.426083333333333
United Kingdom,1754,8.338833333333334
United Kingdom,1755,8.054833333333335
United Kingdom,1756,8.536083333333332
United Kingdom,1757,8.501583333333334
United Kingdom,1758,7.698166666666668
United Kingdom,1759,8.682083333333335
United Kingdom,1760,8.033166666666666
United Kingdom,1761,8.763833333333332
United Kingdom,1762,8.091500000000002
United Kingdom,1763,7.779666666666667
United Kingdom,1764,8.13225
United Kingdom,1765,7.916250000000002
United Kingdom,1766,8.144083333333333
United Kingdom,1767,8.103
United Kingdom,1768,8.035333333333332
United Kingdom,1769,8.124166666666666
United Kingdom,1770,7.950000000000002
United Kingdom,1771,7.885083333333333
United Kingdom,1772,8.156166666666666
United Kingdom,1773,8.248083333333334
United Kingdom,1774,8.053583333333334
United Kingdom,1775,8.988999999999999
United Kingdom,1776,8.159083333333333
United Kingdom,1777,8.259500000000001
United Kingdom,1778,8.729583333333332
United Kingdom,1779,9.651333333333334
United Kingdom,1780,8.763833333333334
United Kingdom,1781,9.337916666666667
United Kingdom,1782,7.32875
United Kingdom,1783,8.619166666666667
United Kingdom,1784,7.400916666666666
United Kingdom,1785,7.775333333333333
United Kingdom,1786,7.592416666666668
United Kingdom,1787,8.610666666666669
United Kingdom,1788,8.543833333333334
United Kingdom,1789,8.460666666666667
United Kingdom,1790,8.750166666666667
United Kingdom,1791,8.678916666666668
United Kingdom,1792,8.61775
United Kingdom,1793,8.585666666666667
United Kingdom,1794,9.02425
United Kingdom,1795,8.226916666666668
United Kingdom,1796,8.525750000000002
United Kingdom,1797,8.588750000000001
United Kingdom,1798,8.930833333333332
United Kingdom,1799,7.215083333333333
United Kingdom,1800,8.25725
United Kingdom,1801,8.673666666666666
United Kingdom,1802,8.386083333333334
United Kingdom,1803,8.08225
United Kingdom,1804,8.456583333333333
United Kingdom,1805,7.987583333333333
United Kingdom,1806,8.63725
United Kingdom,1807,7.893083333333333
United Kingdom,1808,7.964083333333334
United Kingdom,1809,7.868666666666667
United Kingdom,1810,7.77375
United Kingdom,1811,8.688416666666667
United Kingdom,1812,7.4835
United Kingdom,1813,8.172416666666667
United Kingdom,1814,7.195
United Kingdom,1815,7.962583333333334
United Kingdom,1816,7.04025
United Kingdom,1817,7.881166666666668
United Kingdom,1818,8.744166666666667
United Kingdom,1819,8.356333333333332
United Kingdom,1820,7.830416666666665
United Kingdom,1821,8.693916666666665
United Kingdom,1822,9.129666666666665
United Kingdom,1823,7.795083333333333
United Kingdom,1824,8.59825
United Kingdom,1825,8.947666666666667
United Kingdom,1826,9.1255
United Kingdom,1827,8.490249999999998
United Kingdom,1828,9.11125
United Kingdom,1829,7.378916666666668
United Kingdom,1830,7.996083333333334
United Kingdom,1831,8.896666666666667
United Kingdom,1832,8.444999999999999
United Kingdom,1833,8.36875
United Kingdom,1834,9.373999999999999
United Kingdom,1835,8.380416666666667
United Kingdom,1836,7.857999999999998
United Kingdom,1837,7.8643333333333345
United Kingdom,1838,7.173333333333335
United Kingdom,1839,7.863666666666667
United Kingdom,1840,7.8670833333333325
United Kingdom,1841,8.022333333333334
United Kingdom,1842,8.571916666666668
United Kingdom,1843,8.382666666666667
United Kingdom,1844,7.971999999999999
United Kingdom,1845,7.725749999999999
United Kingdom,1846,9.431916666666668
United Kingdom,1847,8.386999999999999
United Kingdom,1848,8.373833333333335
United Kingdom,1849,8.341416666666667
United Kingdom,1850,8.224916666666667
United Kingdom,1851,8.333666666666668
United Kingdom,1852,8.975
United Kingdom,1853,7.800249999999999
United Kingdom,1854,8.5115
United Kingdom,1855,7.412416666666666
United Kingdom,1856,8.189916666666667
United Kingdom,1857,9.205666666666666
United Kingdom,1858,8.3685
United Kingdom,1859,8.660583333333333
United Kingdom,1860,7.277583333333333
United Kingdom,1861,8.47875
United Kingdom,1862,8.301499999999999
United Kingdom,1863,8.709333333333332
United Kingdom,1864,7.936833333333335
United Kingdom,1865,8.742833333333333
United Kingdom,1866,8.514750000000001
United Kingdom,1867,8.157333333333334
United Kingdom,1868,9.236166666666666
United Kingdom,1869,8.518416666666667
United Kingdom,1870,8.153
United Kingdom,1871,8.230833333333333
United Kingdom,1872,8.767916666666666
United Kingdom,1873,8.2995
United Kingdom,1874,8.485666666666667
United Kingdom,1875,8.512083333333335
United Kingdom,1876,8.550083333333333
United Kingdom,1877,8.24775
United Kingdom,1878,8.512416666666667
United Kingdom,1879,6.9390833333333335
United Kingdom,1880,8.387
United Kingdom,1881,7.692916666666666
United Kingdom,1882,8.496666666666668
United Kingdom,1883,8.188166666666666
United Kingdom,1884,8.736916666666666
United Kingdom,1885,7.698583333333333
United Kingdom,1886,7.766666666666667
United Kingdom,1887,7.736583333333333
United Kingdom,1888,7.547583333333333
United Kingdom,1889,8.241416666666668
United Kingdom,1890,8.224916666666667
United Kingdom,1891,7.902833333333334
United Kingdom,1892,7.437666666666668
United Kingdom,1893,8.990083333333335
United Kingdom,1894,8.459583333333333
United Kingdom,1895,7.908833333333333
United Kingdom,1896,8.5765
United Kingdom,1897,8.502833333333333
United Kingdom,1898,9.031416666666667
United Kingdom,1899,8.786583333333335
United Kingdom,1900,8.550416666666667
United Kingdom,1901,8.379166666666666
United Kingdom,1902,8.001499999999998
United Kingdom,1903,8.329333333333336
United Kingdom,1904,8.263833333333334
United Kingdom,1905,8.390416666666665
United Kingdom,1906,8.510833333333332
United Kingdom,1907,8.09325
United Kingdom,1908,8.576416666666667
United Kingdom,1909,7.895250000000002
United Kingdom,1910,8.398749999999998
United Kingdom,1911,9.068916666666665
United Kingdom,1912,8.441249999999998
United Kingdom,1913,8.82525
United Kingdom,1914,8.97575
United Kingdom,1915,8.100499999999998
United Kingdom,1916,8.391833333333333
United Kingdom,1917,7.90825
United Kingdom,1918,8.631333333333332
United Kingdom,1919,7.762166666666666
United Kingdom,1920,8.739499999999998
United Kingdom,1921,9.44375
United Kingdom,1922,7.975416666666667
United Kingdom,1923,8.193166666666666
United Kingdom,1924,8.439750000000002
United Kingdom,1925,8.337583333333333
United Kingdom,1926,8.839916666666666
United Kingdom,1927,8.303333333333333
United Kingdom,1928,8.596416666666666
United Kingdom,1929,8.284166666666666
United Kingdom,1930,8.5615
United Kingdom,1931,8.2885
United Kingdom,1932,8.6895
United Kingdom,1933,9.115583333333333
United Kingdom,1934,9.165
United Kingdom,1935,8.77925
United Kingdom,1936,8.60025
United Kingdom,1937,8.670583333333333
United Kingdom,1938,9.184583333333332
United Kingdom,1939,8.848333333333334
United Kingdom,1940,8.386249999999999
United Kingdom,1941,8.276583333333335
United Kingdom,1942,8.3165
United Kingdom,1943,9.219083333333332
United Kingdom,1944,8.762416666666667
United Kingdom,1945,9.439
United Kingdom,1946,8.686166666666665
United Kingdom,1947,8.69175
United Kingdom,1948,9.08
United Kingdom,1949,9.581916666666666
United Kingdom,1950,8.619166666666667
United Kingdom,1951,8.439
United Kingdom,1952,8.371249999999998
United Kingdom,1953,9.206083333333334
United Kingdom,1954,8.456583333333333
United Kingdom,1955,8.569583333333334
United Kingdom,1956,8.266083333333333
United Kingdom,1957,9.177833333333334
United Kingdom,1958,8.606416666666666
United Kingdom,1959,9.511833333333334
United Kingdom,1960,8.91975
United Kingdom,1961,9.001666666666667
United Kingdom,1962,7.994000000000001
United Kingdom,1963,7.79075
United Kingdom,1964,8.679166666666667
United Kingdom,1965,8.154499999999999
United Kingdom,1966,8.559916666666668
United Kingdom,1967,8.833166666666665
United Kingdom,1968,8.565916666666668
United Kingdom,1969,8.467916666666667
United Kingdom,1970,8.669749999999999
United Kingdom,1971,9.0505
United Kingdom,1972,8.4925
United Kingdom,1973,8.7935
United Kingdom,1974,8.760166666666665
United Kingdom,1975,9.077916666666667
United Kingdom,1976,9.090333333333332
United Kingdom,1977,8.6495
United Kingdom,1978,8.548416666666666
United Kingdom,1979,8.052750000000001
United Kingdom,1980,8.643166666666666
United Kingdom,1981,8.487083333333333
United Kingdom,1982,9.014583333333333
United Kingdom,1983,9.091666666666669
United Kingdom,1984,8.90725
United Kingdom,1985,8.17325
United Kingdom,1986,8.00275
United Kingdom,1987,8.330250000000001
United Kingdom,1988,8.973083333333335
United Kingdom,1989,9.587499999999999
United Kingdom,1990,9.674583333333333
United Kingdom,1991,8.828333333333331
United Kingdom,1992,9.025
United Kingdom,1993,8.66975
United Kingdom,1994,9.15075
United Kingdom,1995,9.419583333333334
United Kingdom,1996,8.551166666666665
United Kingdom,1997,9.64425
United Kingdom,1998,9.462750000000002
United Kingdom,1999,9.663333333333332
United Kingdom,2000,9.379666666666667
United Kingdom,2001,9.140083333333333
United Kingdom,2002,9.679666666666668
United Kingdom,2003,9.742083333333333
United Kingdom,2004,9.737333333333334
United Kingdom,2005,9.65525
United Kingdom,2006,9.943416666666666
United Kingdom,2007,9.797500000000001
United Kingdom,2008,9.34825
United Kingdom,2009,9.453333333333335
United Kingdom,2010,8.394333333333334
United Kingdom,2011,9.907916666666667
United Kingdom,2012,9.037416666666667
United Kingdom,2013,8.997500000000002
United States,1768,5.57275
United States,1769,10.446500000000002
United States,1774,1.6029999999999998
United States,1775,9.499166666666666
United States,1776,8.11
United States,1777,8.304750000000002
United States,1778,5.361999999999999
United States,1779,-0.7136666666666663
United States,1781,6.2532499999999995
United States,1782,7.606428571428572
United States,1796,12.231
United States,1797,6.356833333333332
United States,1811,8.0434
United States,1812,7.012666666666667
United States,1813,9.918888888888887
United States,1814,3.784333333333334
United States,1815,7.501333333333334
United States,1816,4.396625
United States,1817,7.229916666666667
United States,1818,6.2747
United States,1819,-2.774666666666667
United States,1820,7.563833333333331
United States,1821,8.004083333333334
United States,1822,8.386833333333334
United States,1823,7.9110000000000005
United States,1824,8.502249999999998
United States,1825,8.966500000000002
United States,1826,8.578999999999999
United States,1827,9.102000000000002
United States,1828,8.8485
United States,1829,8.389249999999999
United States,1830,9.215083333333332
United States,1831,7.720749999999999
United States,1832,8.247416666666668
United States,1833,8.811916666666667
United States,1834,8.829583333333334
United States,1835,7.539249999999999
United States,1836,7.5639166666666675
United States,1837,7.984416666666668
United States,1838,7.548666666666667
United States,1839,8.522166666666667
United States,1840,8.2515
United States,1841,8.14925
United States,1842,8.358333333333333
United States,1843,7.783666666666666
United States,1844,8.082833333333333
United States,1845,8.408916666666665
United States,1846,9.136333333333333
United States,1847,7.9070833333333335
United States,1848,8.016833333333333
United States,1849,8.129166666666668
United States,1850,8.248333333333333
United States,1851,8.657500000000002
United States,1852,8.183083333333332
United States,1853,8.459916666666667
United States,1854,8.82125
United States,1855,8.459416666666666
United States,1856,7.94325
United States,1857,8.140333333333334
United States,1858,8.412833333333333
United States,1859,8.016833333333334
United States,1860,8.580916666666669
United States,1861,8.6505
United States,1862,8.214000000000002
United States,1863,8.44625
United States,1864,8.381083333333335
United States,1865,8.495666666666667
United States,1866,8.334333333333333
United States,1867,8.509
United States,1868,8.207416666666665
United States,1869,8.311250000000001
United States,1870,8.8295
United States,1871,8.70675
United States,1872,8.000750000000002
United States,1873,8.063083333333331
United States,1874,8.767999999999999
United States,1875,7.849666666666668
United States,1876,8.099000000000002
United States,1877,8.696583333333333
United States,1878,9.017166666666665
United States,1879,8.68325
United States,1880,8.110333333333333
United States,1881,8.6435
United States,1882,8.369916666666665
United States,1883,7.94225
United States,1884,7.958000000000002
United States,1885,8.158416666666668
United States,1886,8.181833333333335
United States,1887,8.143583333333332
United States,1888,8.172833333333333
United States,1889,8.798083333333333
United States,1890,8.559166666666666
United States,1891,8.31675
United States,1892,8.178
United States,1893,8.171
United States,1894,8.46675
United States,1895,7.847333333333334
United States,1896,8.483583333333335
United States,1897,8.473166666666666
United States,1898,8.427916666666667
United States,1899,8.166833333333335
United States,1900,9.021583333333332
United States,1901,8.494916666666667
United States,1902,8.454
United States,1903,7.97725
United States,1904,8.200666666666667
United States,1905,8.402333333333335
United States,1906,8.560083333333331
United States,1907,8.394
United States,1908,8.755583333333334
United States,1909,8.221833333333333
United States,1910,8.757916666666667
United States,1911,8.737916666666665
United States,1912,8.140916666666666
United States,1913,8.552166666666665
United States,1914,8.8765
United States,1915,8.648249999999997
United States,1916,8.180083333333332
United States,1917,7.669500000000001
United States,1918,8.50125
United States,1919,8.537999999999998
United States,1920,8.1845
United States,1921,9.595666666666668
United States,1922,8.768166666666666
United States,1923,8.760333333333332
United States,1924,8.052333333333333
United States,1925,9.016416666666666
United States,1926,9.14025
United States,1927,8.719333333333331
United States,1928,8.875999999999998
United States,1929,8.4395
United States,1930,8.737666666666668
United States,1931,9.56075
United States,1932,8.5395
United States,1933,9.030583333333334
United States,1934,9.826583333333335
United States,1935,8.7425
United States,1936,8.92225
United States,1937,8.73075
United States,1938,9.471833333333333
United States,1939,9.307499999999997
United States,1940,9.097166666666666
United States,1941,9.266083333333334
United States,1942,8.919333333333334
United States,1943,9.003499999999999
United States,1944,8.898166666666665
United States,1945,8.671249999999999
United States,1946,9.179583333333333
United States,1947,8.836083333333335
United States,1948,8.481666666666667
United States,1949,8.888083333333332
United States,1950,8.656416666666665
United States,1951,8.416583333333332
United States,1952,8.979416666666665
United States,1953,9.530416666666667
United States,1954,9.410583333333333
United States,1955,8.517166666666668
United States,1956,8.699916666666669
United States,1957,9.126333333333333
United States,1958,8.970166666666668
United States,1959,8.825333333333333
United States,1960,8.69225
United States,1961,8.642
United States,1962,8.956499999999998
United States,1963,9.08
United States,1964,8.491666666666667
United States,1965,8.647666666666666
United States,1966,8.483
United States,1967,8.902
United States,1968,8.553249999999998
United States,1969,8.770833333333334
United States,1970,8.673
United States,1971,8.4425
United States,1972,8.428083333333333
United States,1973,8.934666666666669
United States,1974,8.815916666666665
United States,1975,8.431
United States,1976,8.65125
United States,1977,9.269833333333334
United States,1978,8.75141666666667
United States,1979,8.571583333333333
United States,1980,9.1355
United States,1981,9.721499999999999
United States,1982,8.5395
United States,1983,8.912333333333335
United States,1984,8.811166666666667
United States,1985,8.587000000000002
United States,1986,9.559500000000002
United States,1987,9.628166666666665
United States,1988,9.275333333333334
United States,1989,8.873083333333334
United States,1990,9.521583333333332
United States,1991,9.493666666666668
United States,1992,9.056333333333335
United States,1993,8.86725
United States,1994,9.270333333333333
United States,1995,9.331000000000001
United States,1996,8.754333333333332
United States,1997,9.172916666666667
United States,1998,10.141166666666669
United States,1999,9.567
United States,2000,9.64975
United States,2001,9.785583333333332
United States,2002,9.816166666666668
United States,2003,9.755083333333332
United States,2004,9.6675
United States,2005,9.892666666666669
United States,2006,9.974499999999999
United States,2007,9.8375
United States,2008,8.951416666666667
United States,2009,9.137083333333335
United States,2010,9.505583333333334
United States,2011,9.549916666666668
United States,2012,10.261083333333334
United States,2013,11.297111111111112
Vietnam,1825,23.61075
Vietnam,1839,23.948888888888888
Vietnam,1840,23.14316666666667
Vietnam,1841,23.528499999999998
Vietnam,1842,23.334500000000002
Vietnam,1843,23.416083333333333
Vietnam,1844,22.9045
Vietnam,1845,22.649545454545457
Vietnam,1846,23.37716666666667
Vietnam,1847,22.90391666666667
Vietnam,1850,23.19841666666667
Vietnam,1851,23.35258333333333
Vietnam,1852,23.219333333333335
Vietnam,1853,23.504250000000003
Vietnam,1854,23.497250000000005
Vietnam,1855,23.250833333333333
Vietnam,1856,22.919
Vietnam,1857,23.444
Vietnam,1858,23.288750000000004
Vietnam,1859,23.371166666666667
Vietnam,1860,23.21858333333334
Vietnam,1861,23.079750000000004
Vietnam,1862,18.915666666666667
Vietnam,1863,23.095166666666668
Vietnam,1864,22.961333333333332
Vietnam,1865,23.46375
Vietnam,1866,23.368416666666672
Vietnam,1867,23.45075
Vietnam,1868,23.60941666666667
Vietnam,1869,23.2025
Vietnam,1870,23.237666666666666
Vietnam,1871,23.25375
Vietnam,1872,23.484416666666664
Vietnam,1873,23.43991666666666
Vietnam,1874,23.533416666666668
Vietnam,1875,23.125
Vietnam,1876,22.953166666666664
Vietnam,1877,23.57041666666667
Vietnam,1878,23.9055
Vietnam,1879,23.501166666666666
Vietnam,1880,23.193833333333334
Vietnam,1881,23.39408333333333
Vietnam,1882,23.33175
Vietnam,1883,23.058666666666667
Vietnam,1884,22.796499999999998
Vietnam,1885,23.191833333333335
Vietnam,1886,23.126416666666668
Vietnam,1887,23.017583333333334
Vietnam,1888,23.546000000000003
Vietnam,1889,23.61583333333333
Vietnam,1890,23.433166666666665
Vietnam,1891,23.495333333333335
Vietnam,1892,22.870500000000003
Vietnam,1893,22.840500000000002
Vietnam,1894,23.171999999999997
Vietnam,1895,23.440249999999995
Vietnam,1896,23.445249999999998
Vietnam,1897,23.77333333333333
Vietnam,1898,23.465666666666667
Vietnam,1899,23.221333333333334
Vietnam,1900,23.517666666666667
Vietnam,1901,23.436916666666672
Vietnam,1902,23.84841666666667
Vietnam,1903,23.35891666666667
Vietnam,1904,23.316249999999997
Vietnam,1905,23.575666666666667
Vietnam,1906,23.75066666666667
Vietnam,1907,23.380666666666666
Vietnam,1908,23.292999999999996
Vietnam,1909,23.622500000000002
Vietnam,1910,23.490916666666667
Vietnam,1911,23.796166666666664
Vietnam,1912,23.667500000000004
Vietnam,1913,23.289666666666673
Vietnam,1914,23.98925
Vietnam,1915,23.931666666666672
Vietnam,1916,23.15533333333333
Vietnam,1917,22.96591666666667
Vietnam,1918,23.253916666666665
Vietnam,1919,23.909666666666666
Vietnam,1920,23.685500000000005
Vietnam,1921,23.501833333333334
Vietnam,1922,23.732999999999993
Vietnam,1923,23.809916666666666
Vietnam,1924,23.754499999999997
Vietnam,1925,23.300166666666666
Vietnam,1926,23.72841666666667
Vietnam,1927,23.622416666666666
Vietnam,1928,23.555750000000003
Vietnam,1929,23.541083333333333
Vietnam,1930,23.5725
Vietnam,1931,24.102083333333336
Vietnam,1932,23.37008333333333
Vietnam,1933,23.645583333333335
Vietnam,1934,23.283833333333334
Vietnam,1935,24.122249999999998
Vietnam,1936,23.6755
Vietnam,1937,24.144166666666667
Vietnam,1938,23.862916666666667
Vietnam,1939,23.78975
Vietnam,1940,23.910249999999994
Vietnam,1941,24.466583333333332
Vietnam,1942,24.077333333333332
Vietnam,1943,23.635166666666667
Vietnam,1944,23.937250000000002
Vietnam,1945,23.669583333333332
Vietnam,1946,24.63625
Vietnam,1947,24.050166666666666
Vietnam,1948,23.96366666666667
Vietnam,1949,24.04433333333333
Vietnam,1950,23.944833333333335
Vietnam,1951,23.863666666666663
Vietnam,1952,24.186833333333336
Vietnam,1953,24.2045
Vietnam,1954,24.029
Vietnam,1955,23.679583333333337
Vietnam,1956,23.66433333333333
Vietnam,1957,24.04891666666667
Vietnam,1958,24.075666666666663
Vietnam,1959,24.132250000000003
Vietnam,1960,24.14408333333333
Vietnam,1961,24.092666666666663
Vietnam,1962,23.70233333333333
Vietnam,1963,23.757583333333333
Vietnam,1964,23.953666666666663
Vietnam,1965,24.09916666666666
Vietnam,1966,24.521333333333335
Vietnam,1967,23.638833333333334
Vietnam,1968,23.90341666666667
Vietnam,1969,24.200666666666667
Vietnam,1970,23.91725
Vietnam,1971,23.406000000000002
Vietnam,1972,24.025833333333335
Vietnam,1973,24.341250000000002
Vietnam,1974,23.76325
Vietnam,1975,23.987666666666666
Vietnam,1976,23.625833333333333
Vietnam,1977,23.814833333333336
Vietnam,1978,23.901750000000003
Vietnam,1979,24.170749999999998
Vietnam,1980,24.17216666666667
Vietnam,1981,24.178833333333333
Vietnam,1982,24.000666666666664
Vietnam,1983,23.94508333333333
Vietnam,1984,23.755666666666666
Vietnam,1985,23.887250000000005
Vietnam,1986,23.92883333333333
Vietnam,1987,24.600916666666667
Vietnam,1988,24.127499999999998
Vietnam,1989,23.886916666666664
Vietnam,1990,24.274083333333333
Vietnam,1991,24.276500000000002
Vietnam,1992,23.851250000000007
Vietnam,1993,23.935666666666666
Vietnam,1994,24.15941666666667
Vietnam,1995,23.919
Vietnam,1996,23.749666666666666
Vietnam,1997,24.22266666666667
Vietnam,1998,24.89983333333333
Vietnam,1999,24.06641666666667
Vietnam,2000,23.981916666666667
Vietnam,2001,24.184916666666666
Vietnam,2002,24.39375
Vietnam,2003,24.497750000000007
Vietnam,2004,24.056916666666666
Vietnam,2005,24.298
Vietnam,2006,24.523083333333332
Vietnam,2007,24.302166666666665
Vietnam,2008,23.784000000000006
Vietnam,2009,24.46558333333334
Vietnam,2010,24.83333333333334
Vietnam,2011,23.69258333333333
Vietnam,2012,24.704333333333334
Vietnam,2013,25.232125000000003
Zimbabwe,1850,20.154363636363637
Zimbabwe,1859,21.397399999999998
Zimbabwe,1864,20.544083333333333
Zimbabwe,1875,19.725749999999998
Zimbabwe,1876,20.475666666666665
Zimbabwe,1877,20.99233333333333
Zimbabwe,1878,21.057666666666666
Zimbabwe,1879,20.367555555555555
Zimbabwe,1880,20.412666666666663
Zimbabwe,1881,20.58325
Zimbabwe,1882,20.494249999999997
Zimbabwe,1883,20.577583333333333
Zimbabwe,1884,20.3105
Zimbabwe,1885,20.643749999999997
Zimbabwe,1886,20.73841666666667
Zimbabwe,1887,20.437666666666665
Zimbabwe,1888,20.658
Zimbabwe,1889,21.165833333333335
Zimbabwe,1890,20.464916666666664
Zimbabwe,1891,20.59333333333333
Zimbabwe,1892,20.811000000000003
Zimbabwe,1893,20.533416666666668
Zimbabwe,1894,20.684166666666666
Zimbabwe,1895,20.87666666666667
Zimbabwe,1896,21.147833333333338
Zimbabwe,1897,20.98925
Zimbabwe,1898,20.487083333333334
Zimbabwe,1899,20.74408333333333
Zimbabwe,1900,21.275833333333335
Zimbabwe,1901,20.675250000000002
Zimbabwe,1902,20.902166666666666
Zimbabwe,1903,20.994000000000003
Zimbabwe,1904,20.004333333333335
Zimbabwe,1905,20.880666666666666
Zimbabwe,1906,20.565500000000004
Zimbabwe,1907,20.206
Zimbabwe,1908,21.038416666666667
Zimbabwe,1909,20.9195
Zimbabwe,1910,20.33591666666667
Zimbabwe,1911,20.545666666666666
Zimbabwe,1912,21.38591666666667
Zimbabwe,1913,21.415916666666664
Zimbabwe,1914,21.477166666666665
Zimbabwe,1915,21.129750000000005
Zimbabwe,1916,21.10025
Zimbabwe,1917,20.854333333333333
Zimbabwe,1918,20.412999999999997
Zimbabwe,1919,20.665499999999998
Zimbabwe,1920,21.135083333333334
Zimbabwe,1921,20.767916666666668
Zimbabwe,1922,21.63233333333333
Zimbabwe,1923,21.250833333333333
Zimbabwe,1924,20.943916666666667
Zimbabwe,1925,20.732833333333335
Zimbabwe,1926,21.074499999999997
Zimbabwe,1927,20.811250000000005
Zimbabwe,1928,21.339083333333335
Zimbabwe,1929,21.18791666666667
Zimbabwe,1930,20.71075
Zimbabwe,1931,21.403750000000002
Zimbabwe,1932,20.9255
Zimbabwe,1933,20.818833333333334
Zimbabwe,1934,21.218083333333336
Zimbabwe,1935,20.580333333333332
Zimbabwe,1936,20.695999999999998
Zimbabwe,1937,20.887166666666666
Zimbabwe,1938,21.241166666666665
Zimbabwe,1939,20.415833333333335
Zimbabwe,1940,21.168
Zimbabwe,1941,21.60808333333333
Zimbabwe,1942,21.608749999999997
Zimbabwe,1943,21.104333333333333
Zimbabwe,1944,21.324416666666664
Zimbabwe,1945,20.699666666666666
Zimbabwe,1946,21.236583333333336
Zimbabwe,1947,21.581999999999997
Zimbabwe,1948,21.110500000000002
Zimbabwe,1949,21.535083333333333
Zimbabwe,1950,21.258416666666665
Zimbabwe,1951,21.10233333333333
Zimbabwe,1952,21.3255
Zimbabwe,1953,20.757416666666668
Zimbabwe,1954,21.175583333333336
Zimbabwe,1955,20.913500000000003
Zimbabwe,1956,20.894250000000003
Zimbabwe,1957,21.821250000000003
Zimbabwe,1958,21.2745
Zimbabwe,1959,21.47
Zimbabwe,1960,21.178583333333332
Zimbabwe,1961,21.408500000000004
Zimbabwe,1962,21.432583333333337
Zimbabwe,1963,20.7565
Zimbabwe,1964,21.080583333333333
Zimbabwe,1965,20.992333333333335
Zimbabwe,1966,21.4145
Zimbabwe,1967,21.145333333333333
Zimbabwe,1968,21.363166666666668
Zimbabwe,1969,21.345333333333333
Zimbabwe,1970,21.79875
Zimbabwe,1971,21.16025
Zimbabwe,1972,21.031583333333334
Zimbabwe,1973,21.46041666666667
Zimbabwe,1974,20.55825
Zimbabwe,1975,20.8335
Zimbabwe,1976,20.691000000000003
Zimbabwe,1977,21.405
Zimbabwe,1978,20.924666666666667
Zimbabwe,1979,21.25566666666667
Zimbabwe,1980,21.128833333333333
Zimbabwe,1981,20.804166666666667
Zimbabwe,1982,21.574916666666667
Zimbabwe,1983,22.367166666666666
Zimbabwe,1984,21.714583333333337
Zimbabwe,1985,21.198083333333333
Zimbabwe,1986,21.200499999999998
Zimbabwe,1987,22.3235
Zimbabwe,1988,21.483000000000004
Zimbabwe,1989,21.43225
Zimbabwe,1990,22.13025
Zimbabwe,1991,21.789666666666665
Zimbabwe,1992,22.840333333333334
Zimbabwe,1993,21.852249999999998
Zimbabwe,1994,21.608749999999997
Zimbabwe,1995,22.496333333333336
Zimbabwe,1996,21.55316666666667
Zimbabwe,1997,21.566666666666666
Zimbabwe,1998,22.142166666666668
Zimbabwe,1999,21.486333333333334
Zimbabwe,2000,21.149
Zimbabwe,2001,21.69366666666667
Zimbabwe,2002,22.08108333333334
Zimbabwe,2003,21.89125
Zimbabwe,2004,21.330916666666663
Zimbabwe,2005,22.509916666666665
Zimbabwe,2006,21.618750000000002
Zimbabwe,2007,21.604249999999997
Zimbabwe,2008,21.54558333333333
Zimbabwe,2009,21.377250000000004
Zimbabwe,2010,21.98625
Zimbabwe,2011,21.602416666666667
Zimbabwe,2012,21.52133333333333
Zimbabwe,2013,20.710749999999997
