City,Date,AverageTemperature_country,AverageTemperatureUncertainty_country,Country,AverageTemperature_city,AverageTemperatureUncertainty_city,Latitude,Longitude,Season,Period,Year,city_mean,city_std,z_score,is_anomaly
Surabaya,2006-11-01,26.846,0.211,Indonesia,29.608,0.483,7.23S,112.70E,Autumn,2000+,2006,26.809904204363992,0.7222059652253093,3.8743736972084912,1
Cali,1998-01-01,26.910999999999998,0.316,Colombia,24.475,0.312,4.02N,76.34W,Winter,1950-1999,1998,21.797027204030183,0.7145867350297902,3.7475825742247753,1
Cali,1998-02-01,27.205,0.309,Colombia,24.471999999999998,0.27,4.02N,76.34W,Winter,1950-1999,1998,21.797027204030183,0.7145867350297902,3.743384343481129,1
Surabaya,1994-11-01,26.676,0.244,Indonesia,29.509,0.255,7.23S,112.70E,Autumn,1950-1999,1994,26.809904204363992,0.7222059652253093,3.7372936885033363,1
Surabaya,1951-11-01,26.9,0.552,Indonesia,29.395,1.426,7.23S,112.70E,Autumn,1950-1999,1951,26.809904204363992,0.7222059652253093,3.5794439815095207,1
Jakarta,1998-05-01,27.478,0.121,Indonesia,28.756,0.173,5.63S,106.55E,Spring,1950-1999,1998,26.50820968600322,0.6476391669901195,3.470744866224364,1
Cali,2010-03-01,26.804,0.253,Colombia,24.273000000000003,0.462,4.02N,76.34W,Spring,2000+,2010,21.797027204030183,0.7145867350297902,3.464901704152961,1
Bogotá,2010-02-01,27.045,0.35200000000000004,Colombia,22.508000000000006,0.236,4.02N,74.73W,Winter,2000+,2010,20.002264618434126,0.725749869395096,3.452615683767717,1
Bogotá,1998-01-01,26.910999999999998,0.316,Colombia,22.451999999999998,0.502,4.02N,74.73W,Winter,1950-1999,1998,20.002264618434126,0.725749869395096,3.375454112871833,1
Surabaya,1997-11-01,26.691,0.126,Indonesia,29.237,0.234,7.23S,112.70E,Autumn,1950-1999,1997,26.809904204363992,0.7222059652253093,3.3606698262023023,1
Cali,1998-03-01,26.895,0.35,Colombia,24.186,0.317,4.02N,76.34W,Spring,1950-1999,1998,21.797027204030183,0.7145867350297902,3.3431530125873716,1
Surabaya,2002-11-01,26.772,0.142,Indonesia,29.221999999999998,0.318,7.23S,112.70E,Autumn,2000+,2002,26.809904204363992,0.7222059652253093,3.339900127913642,1
Cali,2010-02-01,27.045,0.35200000000000004,Colombia,24.138,0.139,4.02N,76.34W,Winter,2000+,2010,21.797027204030183,0.7145867350297902,3.2759813206891204,1
Brasília,2005-10-01,26.794,0.139,Brazil,25.933000000000003,0.493,15.27S,47.50W,Autumn,2000+,2005,21.727594942748073,1.29338785325707,3.2514647842576236,1
Jakarta,2010-04-01,26.969,0.121,Indonesia,28.607,0.106,5.63S,106.55E,Spring,2000+,2010,26.50820968600322,0.6476391669901195,3.240678484210328,1
Nairobi,1987-03-01,27.098000000000006,0.419,Kenya,19.446,0.984,0.80S,36.16E,Spring,1950-1999,1987,16.08139511323004,1.051538853334252,3.1996962129372273,1
Bogotá,1998-02-01,27.205,0.309,Colombia,22.318,0.35,4.02N,74.73W,Winter,1950-1999,1998,20.002264618434126,0.725749869395096,3.1908174967995713,1
Nairobi,2005-02-01,26.939,0.447,Kenya,19.430999999999997,0.51,0.80S,36.16E,Winter,2000+,2005,16.08139511323004,1.051538853334252,3.185431404792058,1
Singapore,1998-05-01,28.880000000000006,0.159,Singapore,28.880000000000006,0.159,0.80N,103.66E,Spring,1950-1999,1998,26.523102826510698,0.7423962997429765,3.174715679893993,1
Surabaya,1993-11-01,26.488000000000003,0.146,Indonesia,29.079,0.35,7.23S,112.70E,Autumn,1950-1999,1993,26.809904204363992,0.7222059652253093,3.141895670895089,1
Brasília,1963-10-01,26.89,0.277,Brazil,25.785,0.32299999999999995,15.27S,47.50W,Autumn,1950-1999,1963,21.727594942748073,1.29338785325707,3.137036618238202,1
Cali,1997-08-01,25.735,0.192,Colombia,24.021,0.207,4.02N,76.34W,Summer,1950-1999,1997,21.797027204030183,0.7145867350297902,3.1122503216871262,1
Singapore,2010-05-01,28.822000000000006,0.285,Singapore,28.822000000000006,0.285,0.80N,103.66E,Spring,2000+,2010,26.523102826510698,0.7423962997429765,3.0965902905028013,1
Surabaya,1990-11-01,26.506999999999998,0.329,Indonesia,29.026,1.103,7.23S,112.70E,Autumn,1950-1999,1990,26.809904204363992,0.7222059652253093,3.0685094036084903,1
Jakarta,2010-05-01,27.218000000000004,0.17,Indonesia,28.49,0.263,5.63S,106.55E,Spring,2000+,2010,26.50820968600322,0.6476391669901195,3.0600223318905813,1
Surabaya,2009-11-01,26.691999999999997,0.218,Indonesia,29.019000000000002,0.243,7.23S,112.70E,Autumn,2000+,2009,26.809904204363992,0.7222059652253093,3.0588168777404516,1
Cali,1983-02-01,26.581,0.172,Colombia,23.98,0.4370000000000001,4.02N,76.34W,Winter,1950-1999,1983,21.797027204030183,0.7145867350297902,3.054874501524034,1
Brasília,2002-10-01,26.956,0.155,Brazil,25.672,0.45,15.27S,47.50W,Autumn,2000+,2002,21.727594942748073,1.29338785325707,3.0496691671558085,1
Bogotá,2010-03-01,26.804,0.253,Colombia,22.206999999999997,0.478,4.02N,74.73W,Spring,2000+,2010,20.002264618434126,0.725749869395096,3.037872240202389,1
Addis Abeba,2011-04-01,26.195,0.92,Ethiopia,21.223000000000003,0.695,8.84N,38.11E,Spring,2000+,2011,17.525072662298964,1.2233385447027414,3.022816009283511,1
Mogadishu,2005-03-01,29.166999999999998,0.402,Somalia,30.256,0.557,2.41N,45.80E,Spring,2000+,2005,27.151963668850545,1.0348068808055226,2.9996286154699576,1
Nairobi,1997-03-01,26.935,0.392,Kenya,19.235,0.334,0.80S,36.16E,Spring,1950-1999,1997,16.08139511323004,1.051538853334252,2.999037911695236,1
Addis Abeba,2013-03-01,25.74,0.679,Ethiopia,21.18,0.74,8.84N,38.11E,Spring,2000+,2013,17.525072662298964,1.2233385447027414,2.9876662952601936,1
Bogotá,2009-08-01,25.938000000000002,0.237,Colombia,22.168000000000003,0.377,4.02N,74.73W,Summer,2000+,2009,20.002264618434126,0.725749869395096,2.9841347176142,1
Mogadishu,2011-04-01,29.311999999999998,0.754,Somalia,30.238000000000003,0.815,2.41N,45.80E,Spring,2000+,2011,27.151963668850545,1.0348068808055226,2.982234065497517,1
Bogotá,2009-09-01,26.421000000000006,0.202,Colombia,22.166,0.344,4.02N,74.73W,Autumn,2000+,2009,20.002264618434126,0.725749869395096,2.9813789472250583,1
Addis Abeba,1998-04-01,25.995,0.52,Ethiopia,21.156,0.573,8.84N,38.11E,Spring,1950-1999,1998,17.525072662298964,1.2233385447027414,2.9680478502239236,1
Singapore,1998-03-01,28.715999999999998,0.188,Singapore,28.715999999999998,0.188,0.80N,103.66E,Spring,1950-1999,1998,26.523102826510698,0.7423962997429765,2.953809406443025,1
Mogadishu,2003-03-01,28.851,0.433,Somalia,30.201,0.541,2.41N,45.80E,Spring,2000+,2003,27.151963668850545,1.0348068808055226,2.9464786016652695,1
Ho Chi Minh City,2010-05-01,28.304,0.314,Vietnam,30.702,0.292,10.45N,107.18E,Spring,2000+,2010,27.193983566940545,1.1924610325051177,2.9418289884826074,1
Nairobi,2009-03-01,27.020000000000003,0.184,Kenya,19.148,0.441,0.80S,36.16E,Spring,2000+,2009,16.08139511323004,1.051538853334252,2.916302024453279,1
Bogotá,1997-08-01,25.735,0.192,Colombia,22.118000000000002,0.345,4.02N,74.73W,Summer,1950-1999,1997,20.002264618434126,0.725749869395096,2.915240457885741,1
Cali,2009-09-01,26.421000000000006,0.202,Colombia,23.88,0.251,4.02N,76.34W,Autumn,2000+,2009,21.797027204030183,0.7145867350297902,2.914933476736004,1
Surabaya,2012-10-01,26.595,0.287,Indonesia,28.901,0.382,7.23S,112.70E,Autumn,2000+,2012,26.809904204363992,0.7222059652253093,2.895428584536325,1
Cali,1992-03-01,26.621,0.375,Colombia,23.862,0.293,4.02N,76.34W,Spring,1950-1999,1992,21.797027204030183,0.7145867350297902,2.889744092274158,1
Jakarta,2003-05-01,26.919,0.251,Indonesia,28.378,0.277,5.63S,106.55E,Spring,2000+,2003,26.50820968600322,0.6476391669901195,2.8870865279605713,1
Singapore,2013-06-01,28.662000000000006,0.431,Singapore,28.662000000000006,0.431,0.80N,103.66E,Summer,2000+,2013,26.523102826510698,0.7423962997429765,2.881071974940893,1
Nairobi,2006-02-01,26.883000000000003,0.361,Kenya,19.101,0.476,0.80S,36.16E,Winter,2000+,2006,16.08139511323004,1.051538853334252,2.871605625598428,1
Surabaya,1959-11-01,26.305999999999997,0.237,Indonesia,28.881,1.098,7.23S,112.70E,Autumn,1950-1999,1959,26.809904204363992,0.7222059652253093,2.8677356534847793,1
Surabaya,1972-11-01,26.715999999999998,0.224,Indonesia,28.878,1.07,7.23S,112.70E,Autumn,1950-1999,1972,26.809904204363992,0.7222059652253093,2.863581713827047,1
Surabaya,1982-11-01,26.338,0.308,Indonesia,28.874000000000002,0.419,7.23S,112.70E,Autumn,1950-1999,1982,26.809904204363992,0.7222059652253093,2.858043127616741,1
Singapore,1998-04-01,28.625,0.22,Singapore,28.625,0.22,0.80N,103.66E,Spring,1950-1999,1998,26.523102826510698,0.7423962997429765,2.831233364467193,1
Addis Abeba,1973-04-01,25.677,0.368,Ethiopia,20.987,0.451,8.84N,38.11E,Spring,1950-1999,1973,17.525072662298964,1.2233385447027414,2.8299012997601958,1
Manila,2010-05-01,29.03,0.098,Philippines,30.201,0.131,15.27N,120.83E,Spring,2000+,2010,26.48771164021164,1.316208504306938,2.8212007046281986,1
Surabaya,2012-11-01,26.651,0.193,Indonesia,28.846,0.619,7.23S,112.70E,Autumn,2000+,2012,26.809904204363992,0.7222059652253093,2.819273024144573,1
Cali,1878-03-01,26.918000000000006,0.789,Colombia,23.811,1.29,4.02N,76.34W,Spring,1850-1899,1878,21.797027204030183,0.7145867350297902,2.818374169632266,1
Bogotá,1998-03-01,26.895,0.35,Colombia,22.033,0.312,4.02N,74.73W,Spring,1950-1999,1998,20.002264618434126,0.725749869395096,2.798120216347362,1
Bogotá,1973-02-01,26.628,0.213,Colombia,22.03,0.126,4.02N,74.73W,Winter,1950-1999,1973,20.002264618434126,0.725749869395096,2.7939865607636545,1
Lagos,2006-04-01,30.555000000000003,0.504,Nigeria,29.032,0.846,5.63N,3.23E,Spring,2000+,2006,26.578698431144726,0.8791503828306382,2.7905368828439494,1
Rangoon,2010-04-01,27.794,0.192,Burma,31.96,0.639,16.87N,95.44E,Spring,2000+,2010,26.7657128227961,1.8628121863915033,2.7884116365299687,1
Lagos,2010-04-01,31.833,0.439,Nigeria,29.03,0.322,5.63N,3.23E,Spring,2000+,2010,26.578698431144726,0.8791503828306382,2.7882619591914573,1
Manila,1987-05-01,28.988000000000003,0.159,Philippines,30.147,0.249,15.27N,120.83E,Spring,1950-1999,1987,26.48771164021164,1.316208504306938,2.7801737702000278,1
Mogadishu,2002-03-01,28.814,0.529,Somalia,30.027,0.649,2.41N,45.80E,Spring,2000+,2002,27.151963668850545,1.0348068808055226,2.7783312852649833,1
Nairobi,1988-02-01,26.750999999999998,0.326,Kenya,18.999,0.503,0.80S,36.16E,Winter,1950-1999,1988,16.08139511323004,1.051538853334252,2.774604930211305,1
Nairobi,2005-03-01,27.178,0.258,Kenya,18.997,0.384,0.80S,36.16E,Spring,2000+,2005,16.08139511323004,1.051538853334252,2.7727029557919507,1
Surabaya,2008-10-01,26.259,0.175,Indonesia,28.807,0.192,7.23S,112.70E,Autumn,2000+,2008,26.809904204363992,0.7222059652253093,2.7652718085940555,1
Bogotá,2006-08-01,25.795,0.269,Colombia,22.008000000000003,0.396,4.02N,74.73W,Summer,2000+,2006,20.002264618434126,0.725749869395096,2.763673086483135,1
Singapore,2003-05-01,28.574,0.258,Singapore,28.574,0.258,0.80N,103.66E,Spring,2000+,2003,26.523102826510698,0.7423962997429765,2.762536901381837,1
Surabaya,1963-11-01,26.486,0.276,Indonesia,28.798000000000002,0.79,7.23S,112.70E,Autumn,1950-1999,1963,26.809904204363992,0.7222059652253093,2.752809989620864,1
Nairobi,2003-02-01,26.375999999999998,0.327,Kenya,18.976,0.28300000000000003,0.80S,36.16E,Winter,2000+,2003,16.08139511323004,1.051538853334252,2.7527322243887187,1
Mogadishu,2007-03-01,28.967,0.476,Somalia,29.997,0.595,2.41N,45.80E,Spring,2000+,2007,27.151963668850545,1.0348068808055226,2.7493403686442432,1
Jakarta,1998-04-01,27.186999999999998,0.249,Indonesia,28.287,0.259,5.63S,106.55E,Spring,1950-1999,1998,26.50820968600322,0.6476391669901195,2.746576187267434,1
Brasília,2007-10-01,26.689,0.114,Brazil,25.276,0.398,15.27S,47.50W,Autumn,2000+,2007,21.727594942748073,1.29338785325707,2.7434965067254704,1
Brasília,2012-10-01,27.12,0.314,Brazil,25.264,0.413,15.27S,47.50W,Autumn,2000+,2012,21.727594942748073,1.29338785325707,2.73421854731849,1
Rio De Janeiro,2010-02-01,26.802,0.106,Brazil,28.849000000000004,0.32,23.31S,42.82W,Winter,2000+,2010,23.788915553435086,1.8528177099687193,2.7310212004883883,1
Cali,2001-08-01,25.616999999999997,0.349,Colombia,23.748,0.174,4.02N,76.34W,Summer,2000+,2001,21.797027204030183,0.7145867350297902,2.73021132401581,1
Mogadishu,2007-04-01,29.134,0.512,Somalia,29.971,0.66,2.41N,45.80E,Spring,2000+,2007,27.151963668850545,1.0348068808055226,2.724214907572936,1
Brasília,2008-10-01,26.678,0.171,Brazil,25.249000000000002,0.403,15.27S,47.50W,Autumn,2000+,2008,21.727594942748073,1.29338785325707,2.7226210980597676,1
Mogadishu,2003-04-01,29.128,0.639,Somalia,29.963,0.954,2.41N,45.80E,Spring,2000+,2003,27.151963668850545,1.0348068808055226,2.7164839964740732,1
Cali,2009-08-01,25.938000000000002,0.237,Colombia,23.738000000000003,0.393,4.02N,76.34W,Summer,2000+,2009,21.797027204030183,0.7145867350297902,2.71621722153701,1
Salvador,1998-03-01,26.67,0.191,Brazil,28.285,0.595,13.66S,38.81W,Spring,1950-1999,1998,24.65697137404586,1.3404275594524262,2.706620436419716,1
Brasília,1998-09-01,26.188000000000002,0.179,Brazil,25.224,0.409,15.27S,47.50W,Autumn,1950-1999,1998,21.727594942748073,1.29338785325707,2.7032920159618907,1
Mogadishu,1973-04-01,29.364,1.062,Somalia,29.949,0.414,2.41N,45.80E,Spring,1950-1999,1973,27.151963668850545,1.0348068808055226,2.7029549020510624,1
Surabaya,1987-11-01,26.664,0.123,Indonesia,28.759,0.7290000000000001,7.23S,112.70E,Autumn,1950-1999,1987,26.809904204363992,0.7222059652253093,2.6988087740703466,1
Jakarta,1998-03-01,27.3,0.161,Indonesia,28.256,0.227,5.63S,106.55E,Spring,1950-1999,1998,26.50820968600322,0.6476391669901195,2.6987100272510935,1
Nairobi,2012-03-01,26.598000000000006,0.404,Kenya,18.919,0.3720000000000001,0.80S,36.16E,Spring,2000+,2012,16.08139511323004,1.051538853334252,2.6985259534370925,1
Addis Abeba,1973-03-01,25.565,0.487,Ethiopia,20.826,0.552,8.84N,38.11E,Spring,1950-1999,1973,17.525072662298964,1.2233385447027414,2.6982942309752267,1
Nairobi,1992-03-01,26.596,0.184,Kenya,18.918,0.6829999999999999,0.80S,36.16E,Spring,1950-1999,1992,16.08139511323004,1.051538853334252,2.6975749662274136,1
Surabaya,1965-11-01,26.429000000000002,0.318,Indonesia,28.756999999999998,0.47,7.23S,112.70E,Autumn,1950-1999,1965,26.809904204363992,0.7222059652253093,2.6960394809651884,1
Ibadan,2010-02-01,29.581,0.242,Nigeria,30.313000000000002,0.387,7.23N,4.05E,Winter,2000+,2010,26.37310517141197,1.4635332652808781,2.692043236770498,1
Nairobi,1983-03-01,26.878,0.28300000000000003,Kenya,18.907,0.443,0.80S,36.16E,Spring,1950-1999,1983,16.08139511323004,1.051538853334252,2.68711410692096,1
Mogadishu,1983-04-01,29.093000000000004,0.501,Somalia,29.930999999999997,0.767,2.41N,45.80E,Spring,1950-1999,1983,27.151963668850545,1.0348068808055226,2.6855603520786144,1
Mogadishu,1998-04-01,29.218000000000004,0.688,Somalia,29.930999999999997,0.908,2.41N,45.80E,Spring,1950-1999,1998,27.151963668850545,1.0348068808055226,2.6855603520786144,1
Cali,2010-01-01,26.465,0.435,Colombia,23.713,0.385,4.02N,76.34W,Winter,2000+,2010,21.797027204030183,0.7145867350297902,2.68123196534,1
Abidjan,1998-03-01,29.985,0.43,Côte D'Ivoire,29.923000000000002,0.537,5.63N,3.23W,Spring,1950-1999,1998,26.163737197523968,1.4037149934407556,2.678081248716601,1
Manila,1988-05-01,28.796999999999997,0.258,Philippines,30.011,0.46,15.27N,120.83E,Spring,1950-1999,1988,26.48771164021164,1.316208504306938,2.676846676084638,1
Lagos,2010-05-01,30.33,0.332,Nigeria,28.929000000000002,0.535,5.63N,3.23E,Spring,2000+,2010,26.578698431144726,0.8791503828306382,2.6733783147405443,1
Manila,2013-04-01,28.489,0.391,Philippines,30.005,0.35700000000000004,15.27N,120.83E,Spring,2000+,2013,26.48771164021164,1.316208504306938,2.6722881278148414,1
Manila,1973-05-01,28.569000000000003,0.243,Philippines,30.005,0.241,15.27N,120.83E,Spring,1950-1999,1973,26.48771164021164,1.316208504306938,2.6722881278148414,1
Rangoon,2001-04-01,27.998,0.193,Burma,31.735,0.417,16.87N,95.44E,Spring,2000+,2001,26.7657128227961,1.8628121863915033,2.6676265130249233,1
Bogotá,1878-03-01,26.918000000000006,0.789,Colombia,21.93,1.258,4.02N,74.73W,Spring,1850-1899,1878,20.002264618434126,0.725749869395096,2.656198041306737,1
Cali,2004-03-01,26.555999999999997,0.222,Colombia,23.694000000000003,0.239,4.02N,76.34W,Spring,2000+,2004,21.797027204030183,0.7145867350297902,2.6546431706302767,1
Salvador,2013-03-01,26.233,0.278,Brazil,28.213,0.213,13.66S,38.81W,Spring,2000+,2013,24.65697137404586,1.3404275594524262,2.6529062319539323,1
Lagos,1998-04-01,31.695,0.4,Nigeria,28.91,1.021,5.63N,3.23E,Spring,1950-1999,1998,26.578698431144726,0.8791503828306382,2.651766540041855,1
Lima,1983-02-01,22.197,0.42,Peru,24.01,1.39,12.05S,77.26W,Winter,1950-1999,1983,16.769119658119678,2.731313713965055,2.6510613939578254,1
Surabaya,1995-10-01,26.47,0.149,Indonesia,28.721,0.254,7.23S,112.70E,Autumn,1950-1999,1995,26.809904204363992,0.7222059652253093,2.646192205072408,1
Bogotá,2010-01-01,26.465,0.435,Colombia,21.916,0.595,4.02N,74.73W,Winter,2000+,2010,20.002264618434126,0.725749869395096,2.6369076485827696,1
Bogotá,2001-08-01,25.616999999999997,0.349,Colombia,21.915,0.503,4.02N,74.73W,Summer,2000+,2001,20.002264618434126,0.725749869395096,2.635529763388199,1
Mogadishu,1952-03-01,28.404,0.872,Somalia,29.878,1.533,2.41N,45.80E,Spring,1950-1999,1952,27.151963668850545,1.0348068808055226,2.6343430660486447,1
Jakarta,2004-04-01,26.795,0.228,Indonesia,28.209,0.206,5.63S,106.55E,Spring,2000+,2004,26.50820968600322,0.6476391669901195,2.626138752387605,1
Nairobi,1987-02-01,26.335,0.3670000000000001,Kenya,18.842,1.031,0.80S,36.16E,Winter,1950-1999,1987,16.08139511323004,1.051538853334252,2.62529993829191,1
Mogadishu,2009-04-01,29.085,0.439,Somalia,29.861,0.638,2.41N,45.80E,Spring,2000+,2009,27.151963668850545,1.0348068808055226,2.61791487996356,1
Ho Chi Minh City,1998-05-01,27.775,0.17600000000000002,Vietnam,30.313000000000002,0.192,10.45N,107.18E,Spring,1950-1999,1998,27.193983566940545,1.1924610325051177,2.615612877937855,1
Mogadishu,2005-04-01,29.004,0.698,Somalia,29.857,0.607,2.41N,45.80E,Spring,2000+,2005,27.151963668850545,1.0348068808055226,2.6140494244141266,1
Ibadan,1998-03-01,29.146,0.7070000000000001,Nigeria,30.19,1.57,7.23N,4.05E,Spring,1950-1999,1998,26.37310517141197,1.4635332652808781,2.6080000496985627,1
Nairobi,2013-03-01,26.793000000000006,0.36,Kenya,18.823,0.768,0.80S,36.16E,Spring,2000+,2013,16.08139511323004,1.051538853334252,2.6072311813080358,1
Jakarta,2002-05-01,26.916999999999998,0.206,Indonesia,28.195999999999998,0.259,5.63S,106.55E,Spring,2000+,2002,26.50820968600322,0.6476391669901195,2.6060658465742974,1
Mogadishu,2012-04-01,28.980999999999998,0.569,Somalia,29.840999999999998,0.653,2.41N,45.80E,Spring,2000+,2012,27.151963668850545,1.0348068808055226,2.5985876022163974,1
Bogotá,1983-02-01,26.581,0.172,Colombia,21.886999999999997,0.239,4.02N,74.73W,Winter,1950-1999,1983,20.002264618434126,0.725749869395096,2.5969489779402597,1
Rangoon,1980-04-01,27.958000000000002,0.158,Burma,31.601,0.431,16.87N,95.44E,Spring,1950-1999,1980,26.7657128227961,1.8628121863915033,2.5956922616930296,1
Jakarta,2005-05-01,26.689,0.225,Indonesia,28.189,0.231,5.63S,106.55E,Spring,2000+,2005,26.50820968600322,0.6476391669901195,2.595257358828675,1
Surabaya,2009-10-01,26.608,0.106,Indonesia,28.68,0.271,7.23S,112.70E,Autumn,2000+,2009,26.809904204363992,0.7222059652253093,2.5894216964167374,1
Singapore,2009-05-01,28.445,0.285,Singapore,28.445,0.285,0.80N,103.66E,Spring,2000+,2009,26.523102826510698,0.7423962997429765,2.5887752594600464,1
Bangalore,1998-04-01,28.3,0.21,India,29.688,0.375,12.05N,77.26E,Spring,1950-1999,1998,24.85589593301432,1.86683919647516,2.588387942630159,1
Salvador,2010-02-01,26.802,0.106,Brazil,28.126,0.506,13.66S,38.81W,Winter,2000+,2010,24.65697137404586,1.3404275594524262,2.588001568224443,1
Addis Abeba,2005-03-01,25.820999999999998,0.241,Ethiopia,20.685,0.282,8.84N,38.11E,Spring,2000+,2005,17.525072662298964,1.2233385447027414,2.583035866387145,1
Singapore,1983-04-01,28.438,0.311,Singapore,28.438,0.311,0.80N,103.66E,Spring,1950-1999,1983,26.523102826510698,0.7423962997429765,2.579346333154211,1
Lima,1998-02-01,22.715,0.32,Peru,23.809,1.232,12.05S,77.26W,Winter,1950-1999,1998,16.769119658119678,2.731313713965055,2.577470433325109,1
Rio De Janeiro,1994-02-01,25.825000000000006,0.124,Brazil,28.561,0.7929999999999999,23.31S,42.82W,Winter,1950-1999,1994,23.788915553435086,1.8528177099687193,2.57558227174193,1
Singapore,2009-06-01,28.435,0.313,Singapore,28.435,0.313,0.80N,103.66E,Summer,2000+,2009,26.523102826510698,0.7423962997429765,2.5753053647374253,1
Bogotá,2004-08-01,25.546,0.306,Colombia,21.871,0.652,4.02N,74.73W,Summer,2000+,2004,20.002264618434126,0.725749869395096,2.5749028148271553,1
Surabaya,2004-10-01,26.604000000000006,0.322,Indonesia,28.669,0.389,7.23S,112.70E,Autumn,2000+,2004,26.809904204363992,0.7222059652253093,2.574190584338388,1
Surabaya,2002-10-01,26.686999999999998,0.246,Indonesia,28.667,0.194,7.23S,112.70E,Autumn,2000+,2002,26.809904204363992,0.7222059652253093,2.571421291233235,1
Nairobi,1997-02-01,26.281,0.269,Kenya,18.78,0.339,0.80S,36.16E,Winter,1950-1999,1997,16.08139511323004,1.051538853334252,2.566338731291897,1
Ibadan,2007-03-01,30.474,0.969,Nigeria,30.12,0.659,7.23N,4.05E,Spring,2000+,2007,26.37310517141197,1.4635332652808781,2.560170593641364,1
Ibadan,2005-02-01,29.809,0.7020000000000001,Nigeria,30.116999999999997,0.421,7.23N,4.05E,Winter,2000+,2005,26.37310517141197,1.4635332652808781,2.558120759810339,1
Manila,1969-05-01,28.895,0.126,Philippines,29.853,0.211,15.27N,120.83E,Spring,1950-1999,1969,26.48771164021164,1.316208504306938,2.556804904979995,1
Jakarta,2003-06-01,26.665,0.3,Indonesia,28.162,0.362,5.63S,106.55E,Summer,2000+,2003,26.50820968600322,0.6476391669901195,2.553567477524117,1
Surabaya,1967-10-01,26.024,0.094,Indonesia,28.653000000000002,0.564,7.23S,112.70E,Autumn,1950-1999,1967,26.809904204363992,0.7222059652253093,2.5520362394971534,1
Surabaya,1967-11-01,26.158,0.177,Indonesia,28.651999999999997,0.534,7.23S,112.70E,Autumn,1950-1999,1967,26.809904204363992,0.7222059652253093,2.5506515929445692,1
Surabaya,2003-10-01,26.427000000000003,0.28800000000000003,Indonesia,28.651,0.175,7.23S,112.70E,Autumn,2000+,2003,26.809904204363992,0.7222059652253093,2.5492669463919952,1
Singapore,1941-06-01,28.414,0.273,Singapore,28.414,0.289,0.80N,103.66E,Summer,1900-1949,1941,26.523102826510698,0.7423962997429765,2.5470185858199286,1
Surabaya,1987-10-01,26.712000000000003,0.331,Indonesia,28.646,0.408,7.23S,112.70E,Autumn,1950-1999,1987,26.809904204363992,0.7222059652253093,2.5423437136291103,1
Surabaya,2004-04-01,26.795,0.228,Indonesia,28.645,0.438,7.23S,112.70E,Spring,2000+,2004,26.809904204363992,0.7222059652253093,2.540959067076531,1
Bangalore,2013-04-01,27.981,0.299,India,29.593000000000004,0.435,12.05N,77.26E,Spring,2000+,2013,24.85589593301432,1.86683919647516,2.5374997889105626,1
Ho Chi Minh City,1912-05-01,27.747,0.329,Vietnam,30.215999999999998,0.407,10.45N,107.18E,Spring,1900-1949,1912,27.193983566940545,1.1924610325051177,2.534268500758311,1
Jakarta,1996-05-01,26.805999999999997,0.102,Indonesia,28.144,0.233,5.63S,106.55E,Spring,1950-1999,1996,26.50820968600322,0.6476391669901195,2.525774223321078,1
Bogotá,2002-08-01,25.648000000000003,0.261,Colombia,21.835,0.224,4.02N,74.73W,Summer,2000+,2002,20.002264618434126,0.725749869395096,2.525298947822669,1
Mogadishu,1988-03-01,28.526,0.477,Somalia,29.763,0.657,2.41N,45.80E,Spring,1950-1999,1988,27.151963668850545,1.0348068808055226,2.52321121900248,1
Surabaya,2005-11-01,26.381999999999998,0.11,Indonesia,28.63,0.423,7.23S,112.70E,Autumn,2000+,2005,26.809904204363992,0.7222059652253093,2.5201893687878707,1
Singapore,1987-06-01,28.394,0.375,Singapore,28.394,0.375,0.80N,103.66E,Summer,1950-1999,1987,26.523102826510698,0.7423962997429765,2.5200787963746856,1
Fortaleza,2005-11-01,26.535,0.147,Brazil,29.986,0.279,4.02S,40.98W,Autumn,2000+,2005,27.008639541892673,1.1821881896846826,2.518516496854413,1
Bombay,2010-05-01,31.169,0.166,India,30.682,0.28,18.48N,72.68E,Spring,2000+,2010,26.631452153110118,1.6088910655520077,2.517602299879852,1
Lagos,2010-02-01,29.581,0.242,Nigeria,28.792,0.3670000000000001,5.63N,3.23E,Winter,2000+,2010,26.578698431144726,0.8791503828306382,2.5175460445447495,1
Bogotá,2007-02-01,26.757,0.314,Colombia,21.829,0.742,4.02N,74.73W,Winter,2000+,2007,20.002264618434126,0.725749869395096,2.5170316366552536,1
Lagos,1998-03-01,29.146,0.7070000000000001,Nigeria,28.788,1.336,5.63N,3.23E,Spring,1950-1999,1998,26.578698431144726,0.8791503828306382,2.512996197239761,1
Singapore,2002-05-01,28.388,0.35100000000000003,Singapore,28.388,0.35200000000000004,0.80N,103.66E,Spring,2000+,2002,26.523102826510698,0.7423962997429765,2.5119968595411186,1
Surabaya,1994-10-01,26.28,0.201,Indonesia,28.623,0.349,7.23S,112.70E,Autumn,1950-1999,1994,26.809904204363992,0.7222059652253093,2.510496842919832,1
Salvador,1998-02-01,26.904000000000003,0.16699999999999998,Brazil,28.022,0.308,13.66S,38.81W,Winter,1950-1999,1998,24.65697137404586,1.3404275594524262,2.5104143839960855,1
Bogotá,1997-09-01,25.923,0.392,Colombia,21.823,0.383,4.02N,74.73W,Autumn,1950-1999,1997,20.002264618434126,0.725749869395096,2.5087643254878387,1
Mogadishu,1945-04-01,28.784000000000002,0.438,Somalia,29.748,0.308,2.41N,45.80E,Spring,1900-1949,1945,27.151963668850545,1.0348068808055226,2.5087157606921098,1
Bombay,1998-05-01,31.176,0.174,India,30.659,0.321,18.48N,72.68E,Spring,1950-1999,1998,26.631452153110118,1.6088910655520077,2.503306739109796,1
Jakarta,2012-05-01,26.64,0.194,Indonesia,28.129,0.181,5.63S,106.55E,Spring,2000+,2012,26.50820968600322,0.6476391669901195,2.5026131781518846,1
Surabaya,1953-12-01,26.374,0.34600000000000003,Indonesia,28.616999999999997,1.654,7.23S,112.70E,Winter,1950-1999,1953,26.809904204363992,0.7222059652253093,2.5021889636043633,1
Nairobi,2004-03-01,26.66,0.402,Kenya,18.711,0.585,0.80S,36.16E,Spring,2000+,2004,16.08139511323004,1.051538853334252,2.500720613824135,1
Manila,1970-05-01,28.569000000000003,0.249,Philippines,29.776,0.255,15.27N,120.83E,Spring,1950-1999,1970,26.48771164021164,1.316208504306938,2.498303535517604,1
Lagos,1987-05-01,30.638,0.25,Nigeria,28.774,0.341,5.63N,3.23E,Spring,1950-1999,1987,26.578698431144726,0.8791503828306382,2.4970717316723086,1
Lagos,2010-03-01,30.680999999999997,0.579,Nigeria,28.772,0.48,5.63N,3.23E,Spring,2000+,2010,26.578698431144726,0.8791503828306382,2.4947968080198124,1
Bogotá,1992-03-01,26.621,0.375,Colombia,21.81,0.473,4.02N,74.73W,Spring,1950-1999,1992,20.002264618434126,0.725749869395096,2.490851817958437,1
Singapore,2012-06-01,28.372000000000003,0.498,Singapore,28.372000000000003,0.498,0.80N,103.66E,Summer,2000+,2012,26.523102826510698,0.7423962997429765,2.49044502798493,1
Addis Abeba,2013-04-01,25.447,0.775,Ethiopia,20.57,1.298,8.84N,38.11E,Spring,2000+,2013,17.525072662298964,1.2233385447027414,2.489030817255024,1
Jakarta,2006-11-01,26.846,0.211,Indonesia,28.12,0.28600000000000003,5.63S,106.55E,Autumn,2000+,2006,26.50820968600322,0.6476391669901195,2.488716551050365,1
Rangoon,2012-04-01,27.063000000000002,0.35,Burma,31.398000000000003,0.35,16.87N,95.44E,Spring,2000+,2012,26.7657128227961,1.8628121863915033,2.486717239152925,1
Rangoon,1957-05-01,27.881999999999998,0.32299999999999995,Burma,31.396,0.575,16.87N,95.44E,Spring,1950-1999,1957,26.7657128227961,1.8628121863915033,2.4856435936106567,1
Surabaya,2006-10-01,26.539,0.194,Indonesia,28.601999999999997,0.438,7.23S,112.70E,Autumn,2000+,2006,26.809904204363992,0.7222059652253093,2.4814192653157026,1
Surabaya,1993-10-01,26.203000000000007,0.14400000000000002,Indonesia,28.601999999999997,0.464,7.23S,112.70E,Autumn,1950-1999,1993,26.809904204363992,0.7222059652253093,2.4814192653157026,1
Mogadishu,1983-03-01,28.509,0.564,Somalia,29.718,0.499,2.41N,45.80E,Spring,1950-1999,1983,27.151963668850545,1.0348068808055226,2.4797248440713697,1
Rangoon,1995-04-01,27.757,0.29100000000000004,Burma,31.379,0.326,16.87N,95.44E,Spring,1950-1999,1995,26.7657128227961,1.8628121863915033,2.4765176065013867,1
Lagos,1987-04-01,30.095,0.41,Nigeria,28.755,0.375,5.63N,3.23E,Spring,1950-1999,1987,26.578698431144726,0.8791503828306382,2.4754599569736193,1
Jakarta,2003-04-01,26.641,0.256,Indonesia,28.109,0.341,5.63S,106.55E,Spring,2000+,2003,26.50820968600322,0.6476391669901195,2.4717317845929543,1
Cali,2006-08-01,25.795,0.269,Colombia,23.561,0.237,4.02N,76.34W,Summer,2000+,2006,21.797027204030183,0.7145867350297902,2.4685216076621956,1
Ibadan,1998-02-01,28.486,0.325,Nigeria,29.984,0.29100000000000004,7.23N,4.05E,Winter,1950-1999,1998,26.37310517141197,1.4635332652808781,2.4672447933016644,1
Cali,1998-04-01,26.261,0.344,Colombia,23.56,0.215,4.02N,76.34W,Spring,1950-1999,1998,21.797027204030183,0.7145867350297902,2.4671221974143136,1
Brasília,1961-09-01,26.283,0.21600000000000005,Brazil,24.918000000000003,0.387,15.27S,47.50W,Autumn,1950-1999,1961,21.727594942748073,1.29338785325707,2.466704051083905,1
Rio De Janeiro,2003-02-01,26.130000000000006,0.231,Brazil,28.359,0.5720000000000001,23.31S,42.82W,Winter,2000+,2003,23.788915553435086,1.8528177099687193,2.466559134218375,1
Rangoon,2010-05-01,28.369,0.115,Burma,31.351,0.335,16.87N,95.44E,Spring,2000+,2010,26.7657128227961,1.8628121863915033,2.461486568909647,1
Bogotá,2003-02-01,26.771,0.465,Colombia,21.788,0.455,4.02N,74.73W,Winter,2000+,2003,20.002264618434126,0.725749869395096,2.460538343677918,1
Surabaya,1957-11-01,26.33,0.278,Indonesia,28.584,1.307,7.23S,112.70E,Autumn,1950-1999,1957,26.809904204363992,0.7222059652253093,2.4564956273693146,1
Bogotá,1982-08-01,25.54,0.279,Colombia,21.785,0.669,4.02N,74.73W,Summer,1950-1999,1982,20.002264618434126,0.725749869395096,2.45640468809421,1
Jakarta,2001-05-01,26.836,0.191,Indonesia,28.099,0.151,5.63S,106.55E,Spring,2000+,2001,26.50820968600322,0.6476391669901195,2.4562910878134865,1
Manila,2003-04-01,28.433000000000003,0.223,Philippines,29.72,0.247,15.27N,120.83E,Spring,2000+,2003,26.48771164021164,1.316208504306938,2.4557570849995014,1
Salvador,2006-02-01,26.06,0.147,Brazil,27.946,0.234,13.66S,38.81W,Winter,2000+,2006,24.65697137404586,1.3404275594524262,2.453716057059982,1
Mogadishu,2000-04-01,29.397,0.652,Somalia,29.69,0.711,2.41N,45.80E,Spring,2000+,2000,27.151963668850545,1.0348068808055226,2.4526666552253475,1
Manila,2005-05-01,28.614,0.189,Philippines,29.715,0.278,15.27N,120.83E,Spring,2000+,2005,26.48771164021164,1.316208504306938,2.4519582947746716,1
Surabaya,2011-10-01,26.316000000000006,0.14,Indonesia,28.577,0.29100000000000004,7.23S,112.70E,Autumn,2000+,2011,26.809904204363992,0.7222059652253093,2.4468031015012763,1
Abidjan,2010-03-01,29.452,0.41,Côte D'Ivoire,29.596,0.555,5.63N,3.23W,Spring,2000+,2010,26.163737197523968,1.4037149934407556,2.445127977199235,1
Salvador,2013-02-01,26.217,0.331,Brazil,27.932,0.509,13.66S,38.81W,Winter,2000+,2013,24.65697137404586,1.3404275594524262,2.4432716284138554,1
Brasília,1994-10-01,26.493,0.16,Brazil,24.886999999999997,0.197,15.27S,47.50W,Autumn,1950-1999,1994,21.727594942748073,1.29338785325707,2.4427359892825353,1
Surabaya,2001-10-01,26.592,0.158,Indonesia,28.574,0.377,7.23S,112.70E,Autumn,2000+,2001,26.809904204363992,0.7222059652253093,2.442649161843544,1
Jakarta,1980-05-01,26.579,0.14800000000000002,Indonesia,28.09,0.308,5.63S,106.55E,Spring,1950-1999,1980,26.50820968600322,0.6476391669901195,2.442394460711967,1
Cali,1966-02-01,26.29,0.233,Colombia,23.541999999999998,0.271,4.02N,76.34W,Winter,1950-1999,1966,21.797027204030183,0.7145867350297902,2.4419328129524676,1
Addis Abeba,2006-02-01,24.840999999999998,0.244,Ethiopia,20.511999999999997,0.545,8.84N,38.11E,Winter,2000+,2006,17.525072662298964,1.2233385447027414,2.441619575084038,1
Mogadishu,2013-04-01,29.241999999999997,0.999,Somalia,29.673000000000002,1.46,2.41N,45.80E,Spring,2000+,2013,27.151963668850545,1.0348068808055226,2.4362384691402625,1
Addis Abeba,1999-04-01,25.438000000000002,0.792,Ethiopia,20.504,0.649,8.84N,38.11E,Spring,1950-1999,1999,17.525072662298964,1.2233385447027414,2.4350800934052854,1
Lagos,1983-03-01,28.521,0.423,Nigeria,28.718000000000004,0.4920000000000001,5.63N,3.23E,Spring,1950-1999,1983,26.578698431144726,0.8791503828306382,2.4333738694024976,1
Cali,1973-02-01,26.628,0.213,Colombia,23.535,0.361,4.02N,76.34W,Winter,1950-1999,1973,21.797027204030183,0.7145867350297902,2.4321369412173084,1
Ibadan,2010-03-01,30.680999999999997,0.579,Nigeria,29.925,0.536,7.23N,4.05E,Spring,2000+,2010,26.37310517141197,1.4635332652808781,2.4269313946248823,1
Salvador,2009-03-01,26.03,0.163,Brazil,27.91,0.453,13.66S,38.81W,Spring,2000+,2009,24.65697137404586,1.3404275594524262,2.4268589548270887,1
Nairobi,2003-03-01,26.888,0.32,Kenya,18.632,0.215,0.80S,36.16E,Spring,2000+,2003,16.08139511323004,1.051538853334252,2.4255926242596013,1
Addis Abeba,1984-04-01,25.38,0.263,Ethiopia,20.491,0.384,8.84N,38.11E,Spring,1950-1999,1984,17.525072662298964,1.2233385447027414,2.424453435677305,1
Cali,2007-02-01,26.757,0.314,Colombia,23.529,0.368,4.02N,76.34W,Winter,2000+,2007,21.797027204030183,0.7145867350297902,2.4237404797300264,1
Mogadishu,2011-05-01,29.56,0.61,Somalia,29.66,0.907,2.41N,45.80E,Spring,2000+,2011,27.151963668850545,1.0348068808055226,2.4236757386046075,1
Mogadishu,1998-03-01,28.39,0.753,Somalia,29.657,0.946,2.41N,45.80E,Spring,1950-1999,1998,27.151963668850545,1.0348068808055226,2.4207766469425334,1
Rangoon,1983-04-01,26.754,0.219,Burma,31.273000000000003,0.324,16.87N,95.44E,Spring,1950-1999,1983,26.7657128227961,1.8628121863915033,2.4196143927612335,1
Durban,1987-02-01,24.017,0.21,South Africa,25.111,0.416,29.74S,31.38E,Winter,1950-1999,1987,20.35129204484785,1.9672889176472226,2.419424982500547,1
Addis Abeba,2006-03-01,25.269000000000002,0.417,Ethiopia,20.482,0.526,8.84N,38.11E,Spring,2000+,2006,17.525072662298964,1.2233385447027414,2.417096518788704,1
Mogadishu,1969-04-01,28.451999999999998,0.546,Somalia,29.651999999999997,0.603,2.41N,45.80E,Spring,1950-1999,1969,27.151963668850545,1.0348068808055226,2.4159448275057414,1
Mogadishu,1910-05-01,28.953000000000003,2.803,Somalia,29.65,3.987,2.41N,45.80E,Spring,1900-1949,1910,27.151963668850545,1.0348068808055226,2.414012099731026,1
Bogotá,2005-08-01,25.595,0.182,Colombia,21.753,0.32,4.02N,74.73W,Summer,2000+,2005,20.002264618434126,0.725749869395096,2.4123123618679974,1
Mogadishu,2009-03-01,28.441,0.451,Somalia,29.646,0.584,2.41N,45.80E,Spring,2000+,2009,27.151963668850545,1.0348068808055226,2.4101466441815966,1
Ibadan,2009-03-01,30.612,0.331,Nigeria,29.898000000000003,0.331,7.23N,4.05E,Spring,2000+,2009,26.37310517141197,1.4635332652808781,2.4084828901456787,1
Surabaya,1989-10-01,26.166999999999998,0.299,Indonesia,28.549,0.655,7.23S,112.70E,Autumn,1950-1999,1989,26.809904204363992,0.7222059652253093,2.408032998029108,1
Melbourne,1908-01-01,28.217,0.507,Australia,23.013,0.826,37.78S,144.41E,Winter,1900-1949,1908,13.396641411520513,3.9971737657773896,2.405789478258835,1
Singapore,2004-06-01,28.309,0.336,Singapore,28.309,0.336,0.80N,103.66E,Summer,2000+,2004,26.523102826510698,0.7423962997429765,2.4055846912324252,1
Addis Abeba,2005-04-01,25.598000000000003,0.458,Ethiopia,20.464000000000002,0.426,8.84N,38.11E,Spring,2000+,2005,17.525072662298964,1.2233385447027414,2.4023826850115046,1
Surabaya,1996-10-01,26.090999999999998,0.134,Indonesia,28.541,0.322,7.23S,112.70E,Autumn,1950-1999,1996,26.809904204363992,0.7222059652253093,2.396955825608491,1
Addis Abeba,2003-03-01,25.608,0.247,Ethiopia,20.453000000000007,0.38,8.84N,38.11E,Spring,2000+,2003,17.525072662298964,1.2233385447027414,2.393390897703218,1
Rangoon,1998-04-01,27.101999999999997,0.237,Burma,31.221,0.35700000000000004,16.87N,95.44E,Spring,1950-1999,1998,26.7657128227961,1.8628121863915033,2.391699608662288,1
Surabaya,2003-11-01,26.728,0.151,Indonesia,28.535,0.304,7.23S,112.70E,Autumn,2000+,2003,26.809904204363992,0.7222059652253093,2.388647946293027,1
Manila,1998-04-01,28.734,0.301,Philippines,29.631,0.515,15.27N,120.83E,Spring,1950-1999,1998,26.48771164021164,1.316208504306938,2.388138618997519,1
Jakarta,1999-04-01,26.499,0.172,Indonesia,28.053,0.193,5.63S,106.55E,Spring,1950-1999,1999,26.50820968600322,0.6476391669901195,2.3852638826279464,1
Jakarta,2000-05-01,26.682,0.153,Indonesia,28.052,0.199,5.63S,106.55E,Spring,2000+,2000,26.50820968600322,0.6476391669901195,2.383719812949998,1
Brasília,2012-09-01,26.728,0.197,Brazil,24.808000000000003,0.157,15.27S,47.50W,Autumn,2000+,2012,21.727594942748073,1.29338785325707,2.381656089853256,1
Salvador,1878-03-01,26.756,0.779,Brazil,27.849,1.279,13.66S,38.81W,Spring,1850-1899,1878,24.65697137404586,1.3404275594524262,2.3813510871546884,1
Rangoon,1991-05-01,27.081000000000003,0.278,Burma,31.201,0.474,16.87N,95.44E,Spring,1950-1999,1991,26.7657128227961,1.8628121863915033,2.380963153239618,1
Bangalore,1804-04-01,29.131,1.5219999999999998,India,29.3,1.617,12.05N,77.26E,Spring,1800-1849,1804,24.85589593301432,1.86683919647516,2.380550009543799,1
Salvador,1996-03-01,25.723000000000003,0.107,Brazil,27.846,0.215,13.66S,38.81W,Spring,1950-1999,1996,24.65697137404586,1.3404275594524262,2.379112995301947,1
Addis Abeba,1988-03-01,25.478,0.34,Ethiopia,20.432,0.635,8.84N,38.11E,Spring,1950-1999,1988,17.525072662298964,1.2233385447027414,2.3762247582964764,1
Surabaya,2006-12-01,26.703000000000007,0.222,Indonesia,28.526,0.265,7.23S,112.70E,Winter,2000+,2006,26.809904204363992,0.7222059652253093,2.3761861273198304,1
Ho Chi Minh City,1987-05-01,28.039,0.228,Vietnam,30.024,0.618,10.45N,107.18E,Spring,1950-1999,1987,27.193983566940545,1.1924610325051177,2.3732569500524203,1
Fortaleza,1998-10-01,26.413,0.119,Brazil,29.813000000000002,0.162,4.02S,40.98W,Autumn,1950-1999,1998,27.008639541892673,1.1821881896846826,2.3721776977448217,1
Addis Abeba,2012-06-01,25.559,1.528,Ethiopia,20.427,3.028,8.84N,38.11E,Summer,2000+,2012,17.525072662298964,1.2233385447027414,2.3721375822472544,1
Lagos,2007-03-01,30.474,0.969,Nigeria,28.660999999999998,0.764,5.63N,3.23E,Spring,2000+,2007,26.578698431144726,0.8791503828306382,2.3685385453064307,1
Surabaya,1969-11-01,26.256999999999998,0.123,Indonesia,28.518,0.344,7.23S,112.70E,Autumn,1950-1999,1969,26.809904204363992,0.7222059652253093,2.3651089548992132,1
Cali,1983-01-01,26.3,0.203,Colombia,23.487,0.198,4.02N,76.34W,Winter,1950-1999,1983,21.797027204030183,0.7145867350297902,2.3649652493190523,1
Jakarta,1998-01-01,26.925,0.215,Indonesia,28.039,0.235,5.63S,106.55E,Winter,1950-1999,1998,26.50820968600322,0.6476391669901195,2.3636469071366957,1
Rio De Janeiro,1878-03-01,26.756,0.779,Brazil,28.164,1.259,23.31S,42.82W,Spring,1850-1899,1878,23.788915553435086,1.8528177099687193,2.3613140262129617,1
Rangoon,2004-04-01,26.504,0.222,Burma,31.164,0.298,16.87N,95.44E,Spring,2000+,2004,26.7657128227961,1.8628121863915033,2.3611007107076776,1
Abidjan,1998-02-01,29.288,0.156,Côte D'Ivoire,29.476999999999997,0.152,5.63N,3.23W,Winter,1950-1999,1998,26.163737197523968,1.4037149934407556,2.3603529334360327,1
Hyderabad,1921-05-01,31.329,0.214,India,34.701,0.4920000000000001,16.87N,78.70E,Spring,1900-1949,1921,26.869334928229677,3.3184209293223277,2.3600577619818925,1
Brasília,2004-09-01,26.314,0.189,Brazil,24.78,0.52,15.27S,47.50W,Autumn,2000+,2004,21.727594942748073,1.29338785325707,2.3600075179036346,1
Singapore,1997-05-01,28.275,0.2,Singapore,28.275,0.2,0.80N,103.66E,Spring,1950-1999,1997,26.523102826510698,0.7423962997429765,2.3597870491755164,1
Nairobi,1967-03-01,26.375999999999998,0.368,Kenya,18.562,0.605,0.80S,36.16E,Spring,1950-1999,1967,16.08139511323004,1.051538853334252,2.359023519582164,1
Lima,1992-03-01,22.21,0.528,Peru,23.211,1.3630000000000002,12.05S,77.26W,Spring,1950-1999,1992,16.769119658119678,2.731313713965055,2.358528172338221,1
Jakarta,1986-05-01,26.675,0.19,Indonesia,28.035,0.395,5.63S,106.55E,Spring,1950-1999,1986,26.50820968600322,0.6476391669901195,2.357470628424908,1
Addis Abeba,2003-05-01,25.845,0.448,Ethiopia,20.409000000000002,0.48,8.84N,38.11E,Spring,2000+,2003,17.525072662298964,1.2233385447027414,2.357423748470055,1
Abidjan,1906-03-01,29.226999999999997,0.579,Côte D'Ivoire,29.471,0.574,5.63N,3.23W,Spring,1900-1949,1906,26.163737197523968,1.4037149934407556,2.356078561481588,1
Cali,2003-02-01,26.771,0.465,Colombia,23.48,0.292,4.02N,76.34W,Winter,2000+,2003,21.797027204030183,0.7145867350297902,2.3551693775838936,1
Mogadishu,1992-04-01,28.496,0.509,Somalia,29.586,0.6890000000000001,2.41N,45.80E,Spring,1950-1999,1992,27.151963668850545,1.0348068808055226,2.352164810940116,1
Bogotá,2004-03-01,26.555999999999997,0.222,Colombia,21.709,0.36,4.02N,74.73W,Spring,2000+,2004,20.002264618434126,0.725749869395096,2.351685413306954,1
Rio De Janeiro,2011-02-01,25.659,0.189,Brazil,28.146,0.35,23.31S,42.82W,Winter,2000+,2011,23.788915553435086,1.8528177099687193,2.3515990931663078,1
Mogadishu,1984-04-01,28.816999999999997,0.51,Somalia,29.585,0.608,2.41N,45.80E,Spring,1950-1999,1984,27.151963668850545,1.0348068808055226,2.3511984470527603,1
Hyderabad,1953-05-01,30.717,0.289,India,34.671,1.399,16.87N,78.70E,Spring,1950-1999,1953,26.869334928229677,3.3184209293223277,2.3510173175539677,1
Singapore,2004-05-01,28.268,0.207,Singapore,28.268,0.207,0.80N,103.66E,Spring,2000+,2004,26.523102826510698,0.7423962997429765,2.350358122869686,1
Addis Abeba,2000-04-01,25.557,0.364,Ethiopia,20.398,0.362,8.84N,38.11E,Spring,2000+,2000,17.525072662298964,1.2233385447027414,2.348431961161763,1
Manila,1988-04-01,28.148000000000003,0.147,Philippines,29.578000000000003,0.545,15.27N,120.83E,Spring,1950-1999,1988,26.48771164021164,1.316208504306938,2.3478714426143177,1
Pune,2010-05-01,31.169,0.166,India,31.7,0.258,18.48N,74.37E,Spring,2000+,2010,24.644615231259973,3.0054054098543914,2.3475650724545187,1
Hyderabad,1984-05-01,31.199,0.246,India,34.657,0.514,16.87N,78.70E,Spring,1950-1999,1984,26.869334928229677,3.3184209293223277,2.346798443487602,1
Manila,1983-05-01,28.851999999999997,0.113,Philippines,29.575,0.191,15.27N,120.83E,Spring,1950-1999,1983,26.48771164021164,1.316208504306938,2.3455921684794165,1
Hyderabad,2013-05-01,31.014,0.205,India,34.65,0.823,16.87N,78.70E,Spring,2000+,2013,26.869334928229677,3.3184209293223277,2.3446890064544204,1
Brasília,2000-10-01,26.393,0.134,Brazil,24.759,0.5529999999999999,15.27S,47.50W,Autumn,2000+,2000,21.727594942748073,1.29338785325707,2.343771088941419,1
Mogadishu,2011-03-01,28.381999999999998,0.413,Somalia,29.577,0.63,2.41N,45.80E,Spring,2000+,2011,27.151963668850545,1.0348068808055226,2.3434675359538977,1
Surabaya,1997-10-01,26.494,0.184,Indonesia,28.502,0.248,7.23S,112.70E,Autumn,1950-1999,1997,26.809904204363992,0.7222059652253093,2.3429546100579737,1
Lagos,2011-05-01,30.035,0.313,Nigeria,28.637,0.455,5.63N,3.23E,Spring,2000+,2011,26.578698431144726,0.8791503828306382,2.3412394614765137,1
Fortaleza,2012-11-01,26.683000000000003,0.234,Brazil,29.775,0.674,4.02S,40.98W,Autumn,2000+,2012,27.008639541892673,1.1821881896846826,2.3400339152814396,1
Nairobi,1988-03-01,26.895000000000003,0.292,Kenya,18.541,0.292,0.80S,36.16E,Spring,1950-1999,1988,16.08139511323004,1.051538853334252,2.339052788178932,1
Singapore,2011-05-01,28.259,0.21,Singapore,28.259,0.21,0.80N,103.66E,Spring,2000+,2011,26.523102826510698,0.7423962997429765,2.338235217619328,1
Rangoon,1900-04-01,26.969,0.588,Burma,31.12,0.713,16.87N,95.44E,Spring,1900-1949,1900,26.7657128227961,1.8628121863915033,2.337480508777802,1
Bangalore,2010-04-01,29.814,0.174,India,29.218000000000004,0.237,12.05N,77.26E,Spring,2000+,2010,24.85589593301432,1.86683919647516,2.336625497912147,1
Bogotá,1988-03-01,26.516,0.34600000000000003,Colombia,21.696,0.901,4.02N,74.73W,Spring,1950-1999,1988,20.002264618434126,0.725749869395096,2.3337729057775576,1
Surabaya,1977-10-01,26.142000000000003,0.251,Indonesia,28.495,0.7,7.23S,112.70E,Autumn,1950-1999,1977,26.809904204363992,0.7222059652253093,2.333262084189935,1
Jakarta,1995-05-01,26.787,0.155,Indonesia,28.018,0.162,5.63S,106.55E,Spring,1950-1999,1995,26.50820968600322,0.6476391669901195,2.331221443899817,1
Surabaya,1998-05-01,27.478,0.121,Indonesia,28.493,0.325,7.23S,112.70E,Spring,1950-1999,1998,26.809904204363992,0.7222059652253093,2.3304927910847772,1
Singapore,1998-02-01,28.253,0.259,Singapore,28.253,0.259,0.80N,103.66E,Winter,1950-1999,1998,26.523102826510698,0.7423962997429765,2.330153280785756,1
Durban,1992-02-01,23.965,0.24,South Africa,24.934,0.333,29.74S,31.38E,Winter,1950-1999,1992,20.35129204484785,1.9672889176472226,2.3294534493859893,1
Bogotá,2006-09-01,25.930999999999997,0.28,Colombia,21.691999999999997,0.329,4.02N,74.73W,Autumn,2000+,2006,20.002264618434126,0.725749869395096,2.3282613649992743,1
Manila,2013-05-01,28.673,0.313,Philippines,29.552,0.248,15.27N,120.83E,Spring,2000+,2013,26.48771164021164,1.316208504306938,2.3281177334451963,1
Nairobi,1982-03-01,26.418000000000006,0.305,Kenya,18.529,0.3670000000000001,0.80S,36.16E,Spring,1950-1999,1982,16.08139511323004,1.051538853334252,2.3276409416627994,1
Singapore,2005-06-01,28.250999999999998,0.243,Singapore,28.250999999999998,0.243,0.80N,103.66E,Summer,2000+,2005,26.523102826510698,0.7423962997429765,2.327459301841229,1
Hyderabad,1980-05-01,31.054000000000002,0.293,India,34.591,0.536,16.87N,78.70E,Spring,1950-1999,1980,26.869334928229677,3.3184209293223277,2.3269094657461693,1
Ho Chi Minh City,1969-05-01,27.938,0.237,Vietnam,29.968000000000004,0.275,10.45N,107.18E,Spring,1950-1999,1969,27.193983566940545,1.1924610325051177,2.3262952477632033,1
Cali,1978-02-01,26.529,0.458,Colombia,23.459,0.224,4.02N,76.34W,Winter,1950-1999,1978,21.797027204030183,0.7145867350297902,2.3257817623784063,1
Cali,1977-03-01,26.026,0.147,Colombia,23.459,0.305,4.02N,76.34W,Spring,1950-1999,1977,21.797027204030183,0.7145867350297902,2.3257817623784063,1
Bogotá,2011-08-01,25.749000000000002,0.254,Colombia,21.69,0.152,4.02N,74.73W,Summer,2000+,2011,20.002264618434126,0.725749869395096,2.325505594610142,1
Rangoon,1979-04-01,27.636,0.274,Burma,31.097,0.379,16.87N,95.44E,Spring,1950-1999,1979,26.7657128227961,1.8628121863915033,2.3251335850417307,1
Cali,2002-08-01,25.648000000000003,0.261,Colombia,23.458000000000002,0.163,4.02N,76.34W,Summer,2000+,2002,21.797027204030183,0.7145867350297902,2.324382352130529,1
Rangoon,1973-04-01,27.538,0.329,Burma,31.095,0.317,16.87N,95.44E,Spring,1950-1999,1973,26.7657128227961,1.8628121863915033,2.3240599394994623,1
Nairobi,1999-02-01,26.381,0.244,Kenya,18.525,0.535,0.80S,36.16E,Winter,1950-1999,1999,16.08139511323004,1.051538853334252,2.323836992824088,1
Singapore,1998-06-01,28.248,0.191,Singapore,28.248,0.191,0.80N,103.66E,Summer,1950-1999,1998,26.523102826510698,0.7423962997429765,2.323418333424448,1
Bangalore,2013-05-01,31.014,0.205,India,29.189,0.514,12.05N,77.26E,Spring,2000+,2013,24.85589593301432,1.86683919647516,2.3210912194082676,1
Mogadishu,1999-04-01,29.046999999999997,1.125,Somalia,29.553,1.07,2.41N,45.80E,Spring,1950-1999,1999,27.151963668850545,1.0348068808055226,2.3202748026573055,1
Pune,1998-05-01,31.176,0.174,India,31.61,0.348,18.48N,74.37E,Spring,1950-1999,1998,24.644615231259973,3.0054054098543914,2.317619029333381,1
Fortaleza,1998-11-01,25.954,0.232,Brazil,29.745,0.332,4.02S,40.98W,Autumn,1950-1999,1998,27.008639541892673,1.1821881896846826,2.314657244915616,1
Bogotá,2005-09-01,25.93,0.295,Colombia,21.681,0.462,4.02N,74.73W,Autumn,2000+,2005,20.002264618434126,0.725749869395096,2.3131046278590195,1
Rangoon,2007-04-01,26.943,0.339,Burma,31.074,0.8740000000000001,16.87N,95.44E,Spring,2000+,2007,26.7657128227961,1.8628121863915033,2.31278666130566,1
Mexico,1998-05-01,24.893,0.171,Mexico,21.0,0.477,20.09N,98.96W,Spring,1950-1999,1998,15.717422377622361,2.285341681739848,2.31150451793973,1
Abidjan,2005-02-01,29.127,0.417,Côte D'Ivoire,29.405,0.36,5.63N,3.23W,Winter,2000+,2005,26.163737197523968,1.4037149934407556,2.309060469982671,1
Bangkok,2010-05-01,30.327,0.152,Thailand,31.115,0.29100000000000004,13.66N,99.91E,Spring,2000+,2010,27.164733303650955,1.7112234411641587,2.308445876396858,1
Jakarta,2007-05-01,26.808000000000003,0.102,Indonesia,28.003,0.132,5.63S,106.55E,Spring,2000+,2007,26.50820968600322,0.6476391669901195,2.308060398730618,1
Mogadishu,1980-04-01,28.826,0.417,Somalia,29.54,0.452,2.41N,45.80E,Spring,1950-1999,1980,27.151963668850545,1.0348068808055226,2.3077120721216504,1
Hyderabad,1988-05-01,31.21,0.222,India,34.525,0.672,16.87N,78.70E,Spring,1950-1999,1988,26.869334928229677,3.3184209293223277,2.307020488004735,1
Surabaya,1977-11-01,26.426,0.18600000000000005,Indonesia,28.476,0.48,7.23S,112.70E,Autumn,1950-1999,1977,26.809904204363992,0.7222059652253093,2.3069537996909633,1
Brasília,1997-09-01,26.779,0.299,Brazil,24.709,0.293,15.27S,47.50W,Autumn,1950-1999,1997,21.727594942748073,1.29338785325707,2.3051129247456688,1
Hyderabad,2003-05-01,30.614,0.222,India,34.514,0.408,16.87N,78.70E,Spring,2000+,2003,26.869334928229677,3.3184209293223277,2.3037056583811637,1
Rio De Janeiro,1878-02-01,26.040000000000006,1.116,Brazil,28.053,2.814,23.31S,42.82W,Winter,1850-1899,1878,23.788915553435086,1.8528177099687193,2.3014052724252645,1
Mogadishu,2002-04-01,28.494,0.619,Somalia,29.533,0.836,2.41N,45.80E,Spring,2000+,2002,27.151963668850545,1.0348068808055226,2.3009475249101463,1
Santo Domingo,2007-07-01,28.578000000000003,0.412,Dominican Republic,29.011999999999997,0.414,18.48N,69.30W,Summer,2000+,2007,25.976776619845918,1.3191865802064948,2.3008294851505915,1
Lima,1983-01-01,22.245,0.266,Peru,23.052,1.085,12.05S,77.26W,Winter,1950-1999,1983,16.769119658119678,2.731313713965055,2.300314427360103,1
Addis Abeba,2009-04-01,25.554,0.4370000000000001,Ethiopia,20.335,0.732,8.84N,38.11E,Spring,2000+,2009,17.525072662298964,1.2233385447027414,2.2969335429415576,1
Rio De Janeiro,1946-02-01,25.76,0.196,Brazil,28.044,1.062,23.31S,42.82W,Winter,1900-1949,1946,23.788915553435086,1.8528177099687193,2.2965478059019375,1
Mogadishu,1992-03-01,28.089000000000002,0.48,Somalia,29.528000000000002,0.662,2.41N,45.80E,Spring,1950-1999,1992,27.151963668850545,1.0348068808055226,2.2961157054733574,1
Surabaya,1953-10-01,26.334000000000003,0.297,Indonesia,28.468000000000004,0.392,7.23S,112.70E,Autumn,1950-1999,1953,26.809904204363992,0.7222059652253093,2.295876627270351,1
Rangoon,1896-04-01,26.929000000000002,0.653,Burma,31.042,0.865,16.87N,95.44E,Spring,1850-1899,1896,26.7657128227961,1.8628121863915033,2.295608332629387,1
Singapore,2000-05-01,28.226999999999997,0.209,Singapore,28.226999999999997,0.209,0.80N,103.66E,Spring,2000+,2000,26.523102826510698,0.7423962997429765,2.2951315545069413,1
Salvador,2010-03-01,26.728,0.111,Brazil,27.733,0.316,13.66S,38.81W,Spring,2000+,2010,24.65697137404586,1.3404275594524262,2.294811535515369,1
Durban,2011-03-01,22.349,0.246,South Africa,24.865,0.39,29.74S,31.38E,Spring,2000+,2011,20.35129204484785,1.9672889176472226,2.2943798008837026,1
Durban,2010-02-01,23.426,0.192,South Africa,24.864,0.47,29.74S,31.38E,Winter,2000+,2010,20.35129204484785,1.9672889176472226,2.293871487137294,1
Bangkok,2010-04-01,30.398000000000003,0.122,Thailand,31.086,0.14800000000000002,13.66N,99.91E,Spring,2000+,2010,27.164733303650955,1.7112234411641587,2.2914989369718866,1
Jakarta,1983-04-01,26.741999999999997,0.163,Indonesia,27.992,0.189,5.63S,106.55E,Spring,1950-1999,1983,26.50820968600322,0.6476391669901195,2.2910756322732073,1
Lagos,1983-04-01,31.008000000000006,0.345,Nigeria,28.592,0.463,5.63N,3.23E,Spring,1950-1999,1983,26.578698431144726,0.8791503828306382,2.2900536792954114,1
Cali,1973-01-01,26.208,0.28600000000000003,Colombia,23.433000000000003,0.528,4.02N,76.34W,Winter,1950-1999,1973,21.797027204030183,0.7145867350297902,2.2893970959335244,1
Lagos,2003-05-01,29.775,0.6609999999999999,Nigeria,28.591,0.36,5.63N,3.23E,Spring,2000+,2003,26.578698431144726,0.8791503828306382,2.2889162174691675,1
Rangoon,1991-04-01,26.864,0.28800000000000003,Burma,31.029,0.263,16.87N,95.44E,Spring,1950-1999,1991,26.7657128227961,1.8628121863915033,2.28862963660465,1
Sydney,1998-02-01,28.769,0.189,Australia,22.042,0.234,34.56S,151.78E,Winter,1950-1999,1998,17.028288601036255,2.1925151132074188,2.2867397213190537,1
Jakarta,2009-05-01,26.851999999999997,0.2,Indonesia,27.989,0.354,5.63S,106.55E,Spring,2000+,2009,26.50820968600322,0.6476391669901195,2.286443423239368,1
Singapore,2003-06-01,28.22,0.498,Singapore,28.22,0.498,0.80N,103.66E,Summer,2000+,2003,26.523102826510698,0.7423962997429765,2.285702628201111,1
Ibadan,2006-02-01,29.252,0.45,Nigeria,29.714000000000002,0.397,7.23N,4.05E,Winter,2000+,2006,26.37310517141197,1.4635332652808781,2.2827597485096134,1
Durban,2003-02-01,24.000999999999998,0.241,South Africa,24.840000000000003,0.274,29.74S,31.38E,Winter,2000+,2003,20.35129204484785,1.9672889176472226,2.2816719572234567,1
Mogadishu,1943-04-01,28.616999999999997,0.675,Somalia,29.511999999999997,0.6509999999999999,2.41N,45.80E,Spring,1900-1949,1943,27.151963668850545,1.0348068808055226,2.2806538832756247,1
Bangalore,1973-04-01,29.166,0.17800000000000002,India,29.113000000000003,0.248,12.05N,77.26E,Spring,1950-1999,1973,24.85589593301432,1.86683919647516,2.2803806964325903,1
Sydney,1858-01-01,28.915,1.851,Australia,22.028000000000002,2.948,34.56S,151.78E,Winter,1850-1899,1858,17.028288601036255,2.1925151132074188,2.2803543605451804,1
Bogotá,1980-09-01,25.701,0.201,Colombia,21.656999999999996,0.339,4.02N,74.73W,Autumn,1950-1999,1980,20.002264618434126,0.725749869395096,2.2800353831893534,1
Mexico,2003-05-01,25.305,0.187,Mexico,20.928,0.453,20.09N,98.96W,Spring,2000+,2003,15.717422377622361,2.285341681739848,2.2799993821540014,1
Jakarta,2005-04-01,26.493,0.214,Indonesia,27.983,0.197,5.63S,106.55E,Spring,2000+,2005,26.50820968600322,0.6476391669901195,2.2771790051716883,1
Rio De Janeiro,1966-02-01,25.689,0.165,Brazil,28.005000000000006,1.624,23.31S,42.82W,Winter,1950-1999,1966,23.788915553435086,1.8528177099687193,2.275498784300858,1
Rangoon,1941-04-01,26.965,0.316,Burma,31.004,0.611,16.87N,95.44E,Spring,1900-1949,1941,26.7657128227961,1.8628121863915033,2.2752090673263123,1
Bangalore,1983-04-01,26.473000000000003,0.188,India,29.103,0.767,12.05N,77.26E,Spring,1950-1999,1983,24.85589593301432,1.86683919647516,2.275024048672632,1
Rangoon,1998-05-01,28.141,0.244,Burma,31.003,0.327,16.87N,95.44E,Spring,1950-1999,1998,26.7657128227961,1.8628121863915033,2.274672244555178,1
Hyderabad,1973-05-01,30.69,0.424,India,34.417,0.5579999999999999,16.87N,78.70E,Spring,1950-1999,1973,26.869334928229677,3.3184209293223277,2.2744748880642076,1
Cali,2012-08-01,25.529,0.376,Colombia,23.421999999999997,0.433,4.02N,76.34W,Summer,2000+,2012,21.797027204030183,0.7145867350297902,2.274003583206832,1
Abidjan,1983-03-01,29.351,0.314,Côte D'Ivoire,29.355,0.421,5.63N,3.23W,Spring,1950-1999,1983,26.163737197523968,1.4037149934407556,2.273440703695612,1
Bangalore,2002-04-01,28.667,0.17,India,29.099,0.331,12.05N,77.26E,Spring,2000+,2002,24.85589593301432,1.86683919647516,2.272881389568648,1
Salvador,1995-02-01,25.8,0.179,Brazil,27.702,0.512,13.66S,38.81W,Winter,1950-1999,1995,24.65697137404586,1.3404275594524262,2.2716845863703794,1
Rio De Janeiro,1984-02-01,25.909,0.229,Brazil,27.997,0.545,23.31S,42.82W,Winter,1950-1999,1984,23.788915553435086,1.8528177099687193,2.2711810362801197,1
Mogadishu,2005-05-01,29.495,0.495,Somalia,29.502,0.519,2.41N,45.80E,Spring,2000+,2005,27.151963668850545,1.0348068808055226,2.270990244402047,1
Rio De Janeiro,2001-02-01,25.881,0.227,Brazil,27.991999999999997,0.446,23.31S,42.82W,Winter,2000+,2001,23.788915553435086,1.8528177099687193,2.268482443767159,1
Lagos,2009-05-01,29.608,0.434,Nigeria,28.573,0.365,5.63N,3.23E,Spring,2000+,2009,26.578698431144726,0.8791503828306382,2.2684419045967266,1
Addis Abeba,1964-03-01,25.011999999999997,0.395,Ethiopia,20.3,0.6920000000000001,8.84N,38.11E,Spring,1950-1999,1964,17.525072662298964,1.2233385447027414,2.268323310596999,1
Cali,2005-08-01,25.595,0.182,Colombia,23.417,0.311,4.02N,76.34W,Summer,2000+,2005,21.797027204030183,0.7145867350297902,2.267006531967437,1
Abidjan,1987-04-01,29.162000000000006,0.411,Côte D'Ivoire,29.345,0.516,5.63N,3.23W,Spring,1950-1999,1987,26.163737197523968,1.4037149934407556,2.266316750438199,1
Lima,1998-03-01,22.464,0.28300000000000003,Peru,22.951,0.956,12.05S,77.26W,Spring,1950-1999,1998,16.769119658119678,2.731313713965055,2.263335884952619,1
Cali,1997-12-01,26.079,0.247,Colombia,23.414,0.386,4.02N,76.34W,Winter,1950-1999,1997,21.797027204030183,0.7145867350297902,2.2628083012237963,1
Lagos,1998-05-01,30.351999999999997,0.244,Nigeria,28.568,0.34,5.63N,3.23E,Spring,1950-1999,1998,26.578698431144726,0.8791503828306382,2.2627545954654944,1
Rangoon,1969-04-01,26.946,0.269,Burma,30.979,0.41,16.87N,95.44E,Spring,1950-1999,1969,26.7657128227961,1.8628121863915033,2.261788498047973,1
Ibadan,2007-02-01,28.293000000000003,0.339,Nigeria,29.682,0.469,7.23N,4.05E,Winter,2000+,2007,26.37310517141197,1.4635332652808781,2.2608948543120344,1
Lagos,1998-02-01,28.486,0.325,Nigeria,28.566,0.242,5.63N,3.23E,Winter,1950-1999,1998,26.578698431144726,0.8791503828306382,2.2604796718129982,1
Ibadan,2013-02-01,28.344,0.91,Nigeria,29.679,1.298,7.23N,4.05E,Winter,2000+,2013,26.37310517141197,1.4635332652808781,2.2588450204810115,1
Cali,1988-03-01,26.516,0.34600000000000003,Colombia,23.410999999999998,0.431,4.02N,76.34W,Spring,1950-1999,1988,21.797027204030183,0.7145867350297902,2.25861007048015,1
Rangoon,1988-04-01,26.996,0.157,Burma,30.973000000000003,0.74,16.87N,95.44E,Spring,1950-1999,1988,26.7657128227961,1.8628121863915033,2.2585675614211738,1
Lagos,2007-05-01,30.005,0.282,Nigeria,28.564,0.402,5.63N,3.23E,Spring,2000+,2007,26.578698431144726,0.8791503828306382,2.258204748160506,1
Brasília,1998-04-01,26.504,0.213,Brazil,24.648000000000003,0.197,15.27S,47.50W,Spring,1950-1999,1998,21.727594942748073,1.29338785325707,2.257949964426857,1
Rio De Janeiro,1973-02-01,26.156999999999996,0.189,Brazil,27.971999999999998,0.368,23.31S,42.82W,Winter,1950-1999,1973,23.788915553435086,1.8528177099687193,2.257688073715322,1
Melbourne,1997-02-01,28.325,0.16899999999999998,Australia,22.421000000000006,0.23,37.78S,144.41E,Winter,1950-1999,1997,13.396641411520513,3.9971737657773896,2.2576848336550595,1
Jakarta,2004-05-01,26.94,0.21600000000000005,Indonesia,27.97,0.158,5.63S,106.55E,Spring,2000+,2004,26.50820968600322,0.6476391669901195,2.2571060993583805,1
Kano,2010-04-01,31.833,0.439,Nigeria,33.068000000000005,0.364,12.05N,8.22E,Spring,2000+,2010,26.14053689715283,3.0692316203702887,2.2570675529569213,1
Lagos,2007-04-01,31.323,0.6679999999999999,Nigeria,28.562,0.6679999999999999,5.63N,3.23E,Spring,2000+,2007,26.578698431144726,0.8791503828306382,2.255929824508014,1
Cali,2012-06-01,25.659,0.466,Colombia,23.409000000000002,0.552,4.02N,76.34W,Summer,2000+,2012,21.797027204030183,0.7145867350297902,2.2558112499843963,1
Addis Abeba,2009-05-01,25.574,0.436,Ethiopia,20.283,0.716,8.84N,38.11E,Spring,2000+,2009,17.525072662298964,1.2233385447027414,2.254426912029642,1
Bangkok,1998-04-01,29.971,0.122,Thailand,31.022,0.261,13.66N,99.91E,Spring,1950-1999,1998,27.164733303650955,1.7112234411641587,2.2540987947926396,1
Jakarta,1983-03-01,26.959,0.149,Indonesia,27.968000000000004,0.17600000000000002,5.63S,106.55E,Spring,1950-1999,1983,26.50820968600322,0.6476391669901195,2.2540179600024945,1
Nairobi,1931-02-01,26.314,0.579,Kenya,18.45,0.511,0.80S,36.16E,Winter,1900-1949,1931,16.08139511323004,1.051538853334252,2.2525129520982627,1
Singapore,1983-03-01,28.194000000000006,0.398,Singapore,28.194000000000006,0.398,0.80N,103.66E,Spring,1950-1999,1983,26.523102826510698,0.7423962997429765,2.2506809019223106,1
Manila,1987-04-01,28.305999999999997,0.206,Philippines,29.449,0.6859999999999999,15.27N,120.83E,Spring,1950-1999,1987,26.48771164021164,1.316208504306938,2.249862654813689,1
Mexico,1998-06-01,26.926,0.16899999999999998,Mexico,20.858,0.213,20.09N,98.96W,Summer,1950-1999,1998,15.717422377622361,2.285341681739848,2.249369389028987,1
Hyderabad,2012-05-01,30.805,0.221,India,34.331,1.033,16.87N,78.70E,Spring,2000+,2012,26.869334928229677,3.3184209293223277,2.2485589473708245,1
Bogotá,1940-09-01,25.69,0.539,Colombia,21.633000000000003,0.778,4.02N,74.73W,Autumn,1900-1949,1940,20.002264618434126,0.725749869395096,2.2469661385197024,1
Rangoon,1992-04-01,27.441999999999997,0.259,Burma,30.948,0.24,16.87N,95.44E,Spring,1950-1999,1992,26.7657128227961,1.8628121863915033,2.245146992142834,1
Brasília,2010-09-01,26.642,0.174,Brazil,24.63,0.215,15.27S,47.50W,Autumn,2000+,2010,21.727594942748073,1.29338785325707,2.2440330253163836,1
Bangalore,1987-04-01,28.111,0.229,India,29.045,0.469,12.05N,77.26E,Spring,1950-1999,1987,24.85589593301432,1.86683919647516,2.243955491664877,1
Addis Abeba,2003-04-01,25.573,0.6940000000000001,Ethiopia,20.27,1.065,8.84N,38.11E,Spring,2000+,2003,17.525072662298964,1.2233385447027414,2.2438002543016617,1
Bangalore,1998-05-01,31.176,0.174,India,29.040000000000006,0.223,12.05N,77.26E,Spring,1950-1999,1998,24.85589593301432,1.86683919647516,2.2412771677849004,1
Ho Chi Minh City,1926-05-01,27.588,0.416,Vietnam,29.86,0.778,10.45N,107.18E,Spring,1900-1949,1926,27.193983566940545,1.1924610325051177,2.2357262504911346,1
Jakarta,1997-05-01,26.767,0.177,Indonesia,27.956,0.226,5.63S,106.55E,Spring,1950-1999,1997,26.50820968600322,0.6476391669901195,2.2354891238671297,1
Surabaya,2004-11-01,26.694000000000003,0.116,Indonesia,28.423000000000002,0.8270000000000001,7.23S,112.70E,Autumn,2000+,2004,26.809904204363992,0.7222059652253093,2.2335675324043693,1
Manila,2004-04-01,28.215,0.166,Philippines,29.427,0.263,15.27N,120.83E,Spring,2000+,2004,26.48771164021164,1.316208504306938,2.233147977824433,1
Singapore,2010-04-01,28.18,0.166,Singapore,28.18,0.166,0.80N,103.66E,Spring,2000+,2010,26.523102826510698,0.7423962997429765,2.231823049310635,1
Bangkok,1973-04-01,29.980999999999998,0.174,Thailand,30.983,0.303,13.66N,99.91E,Spring,1950-1999,1973,27.164733303650955,1.7112234411641587,2.231308083152162,1
Brasília,2010-10-01,26.483,0.152,Brazil,24.612,0.226,15.27S,47.50W,Autumn,2000+,2010,21.727594942748073,1.29338785325707,2.2301160862059133,1
Rangoon,1978-04-01,26.771,0.271,Burma,30.919,0.344,16.87N,95.44E,Spring,1950-1999,1978,26.7657128227961,1.8628121863915033,2.229579131779962,1
Mogadishu,1933-04-01,28.576999999999998,0.648,Somalia,29.458000000000002,1.533,2.41N,45.80E,Spring,1900-1949,1933,27.151963668850545,1.0348068808055226,2.2284702333582995,1
Fortaleza,2008-11-01,26.508000000000003,0.14800000000000002,Brazil,29.643,0.389,4.02S,40.98W,Autumn,2000+,2008,27.008639541892673,1.1821881896846826,2.2283765656718098,1
Ibadan,2003-03-01,29.462,0.35600000000000004,Nigeria,29.632,0.39,7.23N,4.05E,Spring,2000+,2003,26.37310517141197,1.4635332652808781,2.226730957128323,1
Durban,1999-03-01,22.894,0.172,South Africa,24.731,0.287,29.74S,31.38E,Spring,1950-1999,1999,20.35129204484785,1.9672889176472226,2.2262657588647734,1
Abidjan,2004-03-01,28.846999999999998,0.195,Côte D'Ivoire,29.288,0.229,5.63N,3.23W,Spring,2000+,2004,26.163737197523968,1.4037149934407556,2.2257102168709526,1
Surabaya,2007-10-01,26.399,0.14,Indonesia,28.417,0.234,7.23S,112.70E,Autumn,2000+,2007,26.809904204363992,0.7222059652253093,2.225259653088905,1
Cali,2004-08-01,25.546,0.306,Colombia,23.386999999999997,0.426,4.02N,76.34W,Summer,2000+,2004,21.797027204030183,0.7145867350297902,2.225024224531022,1
Nairobi,2005-12-01,25.736,0.4270000000000001,Kenya,18.421000000000006,0.54,0.80S,36.16E,Winter,2000+,2005,16.08139511323004,1.051538853334252,2.2249343230176173,1
Surabaya,2005-09-01,26.667,0.159,Indonesia,28.415,0.251,7.23S,112.70E,Autumn,2000+,2005,26.809904204363992,0.7222059652253093,2.222490359983747,1
Manila,2010-04-01,28.155,0.115,Philippines,29.412,0.114,15.27N,120.83E,Spring,2000+,2010,26.48771164021164,1.316208504306938,2.2217516071499412,1
Ho Chi Minh City,2002-05-01,27.024,0.3,Vietnam,29.843000000000004,0.316,10.45N,107.18E,Spring,2000+,2002,27.193983566940545,1.1924610325051177,2.221470019439054,1
Bogotá,2003-08-01,25.573,0.462,Colombia,21.614,0.74,4.02N,74.73W,Summer,2000+,2003,20.002264618434126,0.725749869395096,2.220786319822886,1
Mogadishu,2004-04-01,28.768,0.52,Somalia,29.45,0.584,2.41N,45.80E,Spring,2000+,2004,27.151963668850545,1.0348068808055226,2.220739322259433,1
Ibadan,1973-02-01,28.331,0.252,Nigeria,29.622,0.292,7.23N,4.05E,Winter,1950-1999,1973,26.37310517141197,1.4635332652808781,2.2198981776915794,1
Nagpur,1988-05-01,31.21,0.222,India,36.052,0.5479999999999999,21.70N,78.75E,Spring,1950-1999,1988,25.655016347687376,4.684171109830494,2.219599457093458,1
Brasília,1997-10-01,26.881,0.146,Brazil,24.598000000000003,0.315,15.27S,47.50W,Autumn,1950-1999,1997,21.727594942748073,1.29338785325707,2.219291800231107,1
Abidjan,1926-02-01,28.424,0.613,Côte D'Ivoire,29.278000000000002,0.952,5.63N,3.23W,Winter,1900-1949,1926,26.163737197523968,1.4037149934407556,2.2185862636135423,1
Bangalore,1986-04-01,27.84,0.221,India,28.997000000000003,0.448,12.05N,77.26E,Spring,1950-1999,1986,24.85589593301432,1.86683919647516,2.2182435824170805,1
Santo Domingo,2009-07-01,28.385,0.327,Dominican Republic,28.903,0.364,18.48N,69.30W,Summer,2000+,2009,25.976776619845918,1.3191865802064948,2.2182028107775578,1
Nairobi,2000-03-01,26.517000000000003,0.299,Kenya,18.413,0.458,0.80S,36.16E,Spring,2000+,2000,16.08139511323004,1.051538853334252,2.21732642534019,1
Rangoon,1958-04-01,27.364,0.281,Burma,30.895,0.325,16.87N,95.44E,Spring,1950-1999,1958,26.7657128227961,1.8628121863915033,2.2166953852727564,1
Nagpur,1921-05-01,31.329,0.214,India,36.038,0.514,21.70N,78.75E,Spring,1900-1949,1921,25.655016347687376,4.684171109830494,2.2166106678985837,1
Addis Abeba,2002-05-01,25.597,0.7340000000000001,Ethiopia,20.234,0.664,8.84N,38.11E,Spring,2000+,2002,17.525072662298964,1.2233385447027414,2.2143725867472597,1
Salvador,1998-01-01,26.700000000000006,0.235,Brazil,27.625,0.45,13.66S,38.81W,Winter,1950-1999,1998,24.65697137404586,1.3404275594524262,2.214240228816692,1
Cali,1983-08-01,25.479,0.191,Colombia,23.379,0.275,4.02N,76.34W,Summer,1950-1999,1983,21.797027204030183,0.7145867350297902,2.2138289425479862,1
Addis Abeba,2001-04-01,25.184,0.191,Ethiopia,20.233,0.304,8.84N,38.11E,Spring,2000+,2001,17.525072662298964,1.2233385447027414,2.2135551515374146,1
Nairobi,2011-02-01,26.214000000000002,0.563,Kenya,18.409000000000002,0.472,0.80S,36.16E,Winter,2000+,2011,16.08139511323004,1.051538853334252,2.213522476501481,1
Fortaleza,1998-09-01,26.188000000000002,0.179,Brazil,29.625,0.335,4.02S,40.98W,Autumn,1950-1999,1998,27.008639541892673,1.1821881896846826,2.213150563452314,1
Bangkok,1822-03-01,29.502,1.5519999999999998,Thailand,30.951,1.606,13.66N,99.91E,Spring,1800-1849,1822,27.164733303650955,1.7112234411641587,2.2126080120625384,1
Cali,1878-02-01,26.382,1.31,Colombia,23.378,1.7519999999999998,4.02N,76.34W,Winter,1850-1899,1878,21.797027204030183,0.7145867350297902,2.212429532300104,1
Rangoon,1970-04-01,26.839000000000002,0.256,Burma,30.887,0.39,16.87N,95.44E,Spring,1950-1999,1970,26.7657128227961,1.8628121863915033,2.2124008031036886,1
Kinshasa,2005-03-01,25.75,0.589,Congo (Democratic Republic Of The),26.426,0.602,4.02S,15.27E,Spring,2000+,2005,23.87144177881803,1.155259797078266,2.2112413395174193,1
Addis Abeba,2000-03-01,25.158,0.5429999999999999,Ethiopia,20.23,0.501,8.84N,38.11E,Spring,2000+,2000,17.525072662298964,1.2233385447027414,2.2111028459078805,1
Ibadan,2011-03-01,30.958000000000002,0.591,Nigeria,29.609,0.81,7.23N,4.05E,Spring,2000+,2011,26.37310517141197,1.4635332652808781,2.2110155644238154,1
Jakarta,1998-02-01,27.114,0.132,Indonesia,27.94,0.215,5.63S,106.55E,Winter,1950-1999,1998,26.50820968600322,0.6476391669901195,2.210784009019988,1
Bangalore,1906-04-01,27.78,0.378,India,28.983,0.725,12.05N,77.26E,Spring,1900-1949,1906,24.85589593301432,1.86683919647516,2.210744275553138,1
Manila,2006-04-01,28.079,0.273,Philippines,29.395,0.284,15.27N,120.83E,Spring,2000+,2006,26.48771164021164,1.316208504306938,2.2088357203855176,1
Durban,1979-02-01,23.381999999999998,0.131,South Africa,24.695999999999998,0.318,29.74S,31.38E,Winter,1950-1999,1979,20.35129204484785,1.9672889176472226,2.208474777740424,1
Melbourne,2007-02-01,29.298,0.146,Australia,22.224,0.233,37.78S,144.41E,Winter,2000+,2007,13.396641411520513,3.9971737657773896,2.208400011041977,1
Mogadishu,1999-03-01,28.065,0.866,Somalia,29.437,0.945,2.41N,45.80E,Spring,1950-1999,1999,27.151963668850545,1.0348068808055226,2.2081765917237814,1
Ibadan,1983-03-01,28.521,0.423,Nigeria,29.604,0.503,7.23N,4.05E,Spring,1950-1999,1983,26.37310517141197,1.4635332652808781,2.207599174705442,1
Abidjan,2010-02-01,28.980999999999998,0.28800000000000003,Côte D'Ivoire,29.261999999999997,0.445,5.63N,3.23W,Winter,2000+,2010,26.163737197523968,1.4037149934407556,2.2071879384016797,1
Rio De Janeiro,2010-01-01,26.206000000000003,0.149,Brazil,27.877,0.315,23.31S,42.82W,Winter,2000+,2010,23.788915553435086,1.8528177099687193,2.206414815969096,1
Bogotá,1983-03-01,26.705,0.275,Colombia,21.603,0.253,4.02N,74.73W,Spring,1950-1999,1983,20.002264618434126,0.725749869395096,2.205629582682626,1
Jakarta,2013-05-01,26.818,0.154,Indonesia,27.936,0.23,5.63S,106.55E,Spring,2000+,2013,26.50820968600322,0.6476391669901195,2.2046077303082,1
Nagpur,1948-05-01,30.765,0.171,India,35.98000000000001,0.7859999999999999,21.70N,78.75E,Spring,1900-1949,1948,25.655016347687376,4.684171109830494,2.204228541234111,1
Mogadishu,2006-03-01,28.379,0.33,Somalia,29.432,0.479,2.41N,45.80E,Spring,2000+,2006,27.151963668850545,1.0348068808055226,2.203344772286989,1
Sydney,1939-02-01,27.335,0.373,Australia,21.857,0.966,34.56S,151.78E,Winter,1900-1949,1939,17.028288601036255,2.1925151132074188,2.2023617396642927,1
Nairobi,2011-03-01,26.719,0.348,Kenya,18.397000000000002,0.388,0.80S,36.16E,Spring,2000+,2011,16.08139511323004,1.051538853334252,2.202110629985349,1
Mogadishu,1941-04-01,28.763,1.03,Somalia,29.43,0.746,2.41N,45.80E,Spring,1900-1949,1941,27.151963668850545,1.0348068808055226,2.2014120445122742,1
Ibadan,2009-02-01,29.053,0.35100000000000003,Nigeria,29.594,0.264,7.23N,4.05E,Winter,2000+,2009,26.37310517141197,1.4635332652808781,2.200766395268701,1
Mogadishu,1987-04-01,28.608,1.48,Somalia,29.429000000000002,2.145,2.41N,45.80E,Spring,1950-1999,1987,27.151963668850545,1.0348068808055226,2.2004456806249184,1
Bangalore,1991-05-01,30.459,0.209,India,28.963,0.442,12.05N,77.26E,Spring,1950-1999,1991,24.85589593301432,1.86683919647516,2.200030980033223,1
Bangkok,2013-05-01,29.548000000000002,0.28600000000000003,Thailand,30.927,0.504,13.66N,99.91E,Spring,2000+,2013,27.164733303650955,1.7112234411641587,2.1985829587453205,1
Cali,1987-02-01,26.201,0.247,Colombia,23.368,0.5820000000000001,4.02N,76.34W,Winter,1950-1999,1987,21.797027204030183,0.7145867350297902,2.1984354298212994,1
Nairobi,1949-03-01,26.465,0.439,Kenya,18.393,0.412,0.80S,36.16E,Spring,1900-1949,1949,16.08139511323004,1.051538853334252,2.198306681146637,1
Jakarta,1992-05-01,26.628,0.125,Indonesia,27.930999999999997,0.118,5.63S,106.55E,Spring,1950-1999,1992,26.50820968600322,0.6476391669901195,2.1968873819184633,1
Fortaleza,2007-11-01,26.475,0.17800000000000002,Brazil,29.605,0.4970000000000001,4.02S,40.98W,Autumn,2000+,2007,27.008639541892673,1.1821881896846826,2.1962327832084307,1
Abidjan,2005-03-01,29.395,0.29100000000000004,Côte D'Ivoire,29.246,0.268,5.63N,3.23W,Spring,2000+,2005,26.163737197523968,1.4037149934407556,2.1957896131898225,1
Rangoon,2005-04-01,27.143,0.281,Burma,30.856,0.298,16.87N,95.44E,Spring,2000+,2005,26.7657128227961,1.8628121863915033,2.19575929719855,1
São Paulo,2003-02-01,26.130000000000006,0.231,Brazil,25.215,0.387,23.31S,46.31W,Winter,2000+,2003,19.699367843511446,2.5120828714300134,2.1956410034151292,1
Singapore,2011-07-01,28.153000000000002,0.368,Singapore,28.153000000000002,0.368,0.80N,103.66E,Summer,2000+,2011,26.523102826510698,0.7423962997429765,2.195454333559566,1
Fortaleza,1972-11-01,26.175,0.223,Brazil,29.604,0.722,4.02S,40.98W,Autumn,1950-1999,1972,27.008639541892673,1.1821881896846826,2.195386894196236,1
Bangalore,1941-04-01,28.997,0.184,India,28.950000000000006,0.225,12.05N,77.26E,Spring,1900-1949,1941,24.85589593301432,1.86683919647516,2.1930673379452807,1
Manila,1967-05-01,28.237,0.337,Philippines,29.374000000000002,0.344,15.27N,120.83E,Spring,1950-1999,1967,26.48771164021164,1.316208504306938,2.1928808014412318,1
Salvador,1984-02-01,25.909,0.229,Brazil,27.596,0.393,13.66S,38.81W,Winter,1950-1999,1984,24.65697137404586,1.3404275594524262,2.192605340906862,1
Rangoon,2003-04-01,27.388,0.426,Burma,30.85,0.439,16.87N,95.44E,Spring,2000+,2003,26.7657128227961,1.8628121863915033,2.192538360571749,1
Jakarta,1988-04-01,26.67,0.155,Indonesia,27.928,0.22,5.63S,106.55E,Spring,1950-1999,1988,26.50820968600322,0.6476391669901195,2.1922551728846287,1
Bangkok,1992-04-01,30.205,0.184,Thailand,30.916,0.275,13.66N,99.91E,Spring,1950-1999,1992,27.164733303650955,1.7112234411641587,2.1921548093082626,1
Surabaya,1991-10-01,26.061,0.179,Indonesia,28.393,0.175,7.23S,112.70E,Autumn,1950-1999,1991,26.809904204363992,0.7222059652253093,2.1920281358270484,1
Surabaya,2007-11-01,26.368000000000002,0.113,Indonesia,28.393,0.188,7.23S,112.70E,Autumn,2000+,2007,26.809904204363992,0.7222059652253093,2.1920281358270484,1
Bangalore,1896-04-01,28.822,0.463,India,28.948,0.593,12.05N,77.26E,Spring,1850-1899,1896,24.85589593301432,1.86683919647516,2.191996008393286,1
Bogotá,1994-09-01,25.372,0.247,Colombia,21.593000000000004,0.523,4.02N,74.73W,Autumn,1950-1999,1994,20.002264618434126,0.725749869395096,2.1918507307369373,1
Cali,1982-08-01,25.54,0.279,Colombia,23.363000000000003,0.6829999999999999,4.02N,76.34W,Summer,1950-1999,1982,21.797027204030183,0.7145867350297902,2.1914383785819043,1
Cali,2009-07-01,25.449,0.29,Colombia,23.363000000000003,0.395,4.02N,76.34W,Summer,2000+,2009,21.797027204030183,0.7145867350297902,2.1914383785819043,1
Bangalore,2003-05-01,30.614,0.222,India,28.945999999999998,0.411,12.05N,77.26E,Spring,2000+,2003,24.85589593301432,1.86683919647516,2.1909246788412933,1
Mogadishu,1962-04-01,27.927,1.493,Somalia,29.418000000000003,0.484,2.41N,45.80E,Spring,1950-1999,1962,27.151963668850545,1.0348068808055226,2.1898156778639812,1
Sydney,1896-01-01,28.665,0.488,Australia,21.829,0.5760000000000001,34.56S,151.78E,Winter,1850-1899,1896,17.028288601036255,2.1925151132074188,2.1895910181165457,1
Brasília,1888-10-01,26.206999999999997,1.043,Brazil,24.559,1.853,15.27S,47.50W,Autumn,1850-1899,1888,21.727594942748073,1.29338785325707,2.189138432158421,1
London,2006-07-01,17.285,0.245,United Kingdom,20.743,0.281,52.24N,0.00W,Summer,2000+,2006,9.459037902716338,5.154544624143942,2.189128801878921,1
Bogotá,1977-03-01,26.026,0.147,Colombia,21.590999999999998,0.161,4.02N,74.73W,Spring,1950-1999,1977,20.002264618434126,0.725749869395096,2.189094960347791,1
Mogadishu,2000-03-01,28.401999999999997,0.799,Somalia,29.415,0.826,2.41N,45.80E,Spring,2000+,2000,27.151963668850545,1.0348068808055226,2.186916586201904,1
Kano,2007-04-01,31.323,0.6679999999999999,Nigeria,32.852000000000004,0.952,12.05N,8.22E,Spring,2000+,2007,26.14053689715283,3.0692316203702887,2.1866916326234986,1
Lagos,2002-05-01,30.340999999999998,0.345,Nigeria,28.501,0.229,5.63N,3.23E,Spring,2000+,2002,26.578698431144726,0.8791503828306382,2.1865446531069668,1
Nagpur,1980-05-01,31.054000000000002,0.293,India,35.896,0.396,21.70N,78.75E,Spring,1950-1999,1980,25.655016347687376,4.684171109830494,2.1862958060648676,1
Nairobi,2002-02-01,26.289,0.337,Kenya,18.38,0.457,0.80S,36.16E,Winter,2000+,2002,16.08139511323004,1.051538853334252,2.1859438474208255,1
Rangoon,1983-05-01,27.823,0.257,Burma,30.836,0.168,16.87N,95.44E,Spring,1950-1999,1983,26.7657128227961,1.8628121863915033,2.1850228417758775,1
Cali,2011-08-01,25.749000000000002,0.254,Colombia,23.358,0.195,4.02N,76.34W,Summer,2000+,2011,21.797027204030183,0.7145867350297902,2.184441327342499,1
Lima,1983-03-01,22.238000000000003,0.345,Peru,22.734,1.118,12.05S,77.26W,Spring,1950-1999,1983,16.769119658119678,2.731313713965055,2.1838869374038663,1
Kano,1941-04-01,31.265,0.561,Nigeria,32.843,0.812,12.05N,8.22E,Spring,1900-1949,1941,26.14053689715283,3.0692316203702887,2.183759302609606,1
Rio De Janeiro,1998-02-01,26.904000000000003,0.16699999999999998,Brazil,27.835,0.358,23.31S,42.82W,Winter,1950-1999,1998,23.788915553435086,1.8528177099687193,2.1837466388602387,1
Cali,1980-03-01,26.151,0.281,Colombia,23.357,0.368,4.02N,76.34W,Spring,1950-1999,1980,21.797027204030183,0.7145867350297902,2.1830419170946174,1
Salvador,2001-02-01,25.881,0.227,Brazil,27.583000000000002,0.532,13.66S,38.81W,Winter,2000+,2001,24.65697137404586,1.3404275594524262,2.1829069428783194,1
Manila,2001-04-01,28.107000000000006,0.168,Philippines,29.359,0.131,15.27N,120.83E,Spring,2000+,2001,26.48771164021164,1.316208504306938,2.18148443076674,1
Mogadishu,1979-04-01,28.204,0.711,Somalia,29.409000000000002,1.6980000000000002,2.41N,45.80E,Spring,1950-1999,1979,27.151963668850545,1.0348068808055226,2.1811184028777593,1
Ibadan,2012-03-01,29.943,0.639,Nigeria,29.565,0.748,7.23N,4.05E,Spring,2000+,2012,26.37310517141197,1.4635332652808781,2.180951334902147,1
Addis Abeba,2002-03-01,25.335,0.472,Ethiopia,20.192999999999998,0.511,8.84N,38.11E,Spring,2000+,2002,17.525072662298964,1.2233385447027414,2.1808577431436307,1
Nagpur,2013-05-01,31.014,0.205,India,35.869,0.5920000000000001,21.70N,78.75E,Spring,2000+,2013,25.655016347687376,4.684171109830494,2.1805317126176114,1
Manila,1998-05-01,29.158,0.211,Philippines,29.357,0.258,15.27N,120.83E,Spring,1950-1999,1998,26.48771164021164,1.316208504306938,2.1799649146768054,1
Salvador,1998-04-01,26.504,0.213,Brazil,27.579,0.6809999999999999,13.66S,38.81W,Spring,1950-1999,1998,24.65697137404586,1.3404275594524262,2.179922820407997,1
Hyderabad,1998-05-01,31.176,0.174,India,34.103,0.321,16.87N,78.70E,Spring,1950-1999,1998,26.869334928229677,3.3184209293223277,2.1798515697185983,1
Nagpur,2010-05-01,31.169,0.166,India,35.86400000000001,0.175,21.70N,78.75E,Spring,2000+,2010,25.655016347687376,4.684171109830494,2.179464287905159,1
Singapore,2010-02-01,28.141,0.145,Singapore,28.141,0.145,0.80N,103.66E,Winter,2000+,2010,26.523102826510698,0.7423962997429765,2.179290459892418,1
Nagpur,1954-05-01,30.921,0.214,India,35.861999999999995,0.6659999999999999,21.70N,78.75E,Spring,1950-1999,1954,25.655016347687376,4.684171109830494,2.1790373180201734,1
Sydney,1991-01-01,28.509,0.115,Australia,21.805,0.246,34.56S,151.78E,Winter,1950-1999,1991,17.028288601036255,2.1925151132074188,2.1786446853613333,1
Paris,2006-07-01,23.295,0.192,France,23.264,0.184,49.03N,2.45E,Summer,2000+,2006,10.402644346178128,5.904354503273548,2.178283103883948,1
Rio De Janeiro,1977-02-01,25.393,0.228,Brazil,27.824,1.131,23.31S,42.82W,Winter,1950-1999,1977,23.788915553435086,1.8528177099687193,2.1778097353317287,1
Addis Abeba,2009-03-01,25.293000000000003,0.417,Ethiopia,20.189,1.0759999999999998,8.84N,38.11E,Spring,2000+,2009,17.525072662298964,1.2233385447027414,2.177588002304254,1
Mogadishu,2007-05-01,29.595,0.613,Somalia,29.405,0.693,2.41N,45.80E,Spring,2000+,2007,27.151963668850545,1.0348068808055226,2.177252947328326,1
Melbourne,2000-02-01,27.366999999999997,0.189,Australia,22.095,0.277,37.78S,144.41E,Winter,2000+,2000,13.396641411520513,3.9971737657773896,2.1761272084171672,1
Nagpur,1973-05-01,30.69,0.424,India,35.842,0.75,21.70N,78.75E,Spring,1950-1999,1973,25.655016347687376,4.684171109830494,2.174767619170355,1
Abidjan,1926-03-01,28.795,0.675,Côte D'Ivoire,29.216,0.7829999999999999,5.63N,3.23W,Spring,1900-1949,1926,26.163737197523968,1.4037149934407556,2.174417753417589,1
Rangoon,1889-04-01,26.857,0.6890000000000001,Burma,30.814,0.861,16.87N,95.44E,Spring,1850-1899,1889,26.7657128227961,1.8628121863915033,2.1732127408109405,1
Hyderabad,1996-05-01,30.506,0.133,India,34.079,0.242,16.87N,78.70E,Spring,1950-1999,1996,26.869334928229677,3.3184209293223277,2.172619214176258,1
Melbourne,1981-01-01,28.628,0.199,Australia,22.08,0.229,37.78S,144.41E,Winter,1950-1999,1981,13.396641411520513,3.9971737657773896,2.172374556949166,1
Rangoon,1878-04-01,26.772,0.79,Burma,30.812,0.89,16.87N,95.44E,Spring,1850-1899,1878,26.7657128227961,1.8628121863915033,2.1721390952686743,1
Hyderabad,1935-05-01,30.518,0.191,India,34.077,0.59,16.87N,78.70E,Spring,1900-1949,1935,26.869334928229677,3.3184209293223277,2.1720165178810626,1
Melbourne,1898-02-01,26.926,0.585,Australia,22.076999999999998,0.607,37.78S,144.41E,Winter,1850-1899,1898,13.396641411520513,3.9971737657773896,2.1716240266555658,1
Ibadan,2006-03-01,30.296,0.512,Nigeria,29.55,0.758,7.23N,4.05E,Spring,2000+,2006,26.37310517141197,1.4635332652808781,2.170702165747033,1
Bombay,1959-05-01,30.207,0.193,India,30.122,0.422,18.48N,72.68E,Spring,1950-1999,1959,26.631452153110118,1.6088910655520077,2.1695364724349946,1
Bangalore,1990-04-01,27.58,0.201,India,28.903,0.267,12.05N,77.26E,Spring,1950-1999,1990,24.85589593301432,1.86683919647516,2.167891093473475,1
Hyderabad,1906-05-01,30.947,0.464,India,34.062,0.414,16.87N,78.70E,Spring,1900-1949,1906,26.869334928229677,3.3184209293223277,2.1674962956671,1
Bogotá,1995-02-01,26.52,0.255,Colombia,21.575000000000006,0.4270000000000001,4.02N,74.73W,Winter,1950-1999,1995,20.002264618434126,0.725749869395096,2.1670487972346963,1
Lagos,1949-05-01,29.439,0.227,Nigeria,28.482,0.35,5.63N,3.23E,Spring,1900-1949,1949,26.578698431144726,0.8791503828306382,2.164932878408278,1
Lagos,1980-04-01,30.426,0.218,Nigeria,28.482,0.758,5.63N,3.23E,Spring,1950-1999,1980,26.578698431144726,0.8791503828306382,2.164932878408278,1
Manila,1949-05-01,27.965,0.32299999999999995,Philippines,29.337,0.5770000000000001,15.27N,120.83E,Spring,1900-1949,1949,26.48771164021164,1.316208504306938,2.1647697537774837,1
Salvador,1973-02-01,26.156999999999996,0.189,Brazil,27.558000000000003,0.309,13.66S,38.81W,Winter,1950-1999,1973,24.65697137404586,1.3404275594524262,2.164256177438812,1
Melbourne,2001-02-01,27.699,0.223,Australia,22.045,0.29600000000000004,37.78S,144.41E,Winter,2000+,2001,13.396641411520513,3.9971737657773896,2.1636183701904974,1
Fortaleza,1987-11-01,26.482,0.172,Brazil,29.566,0.47,4.02S,40.98W,Autumn,1950-1999,1987,27.008639541892673,1.1821881896846826,2.1632431117328568,1
Sydney,1926-02-01,28.861,0.245,Australia,21.771,0.503,34.56S,151.78E,Winter,1900-1949,1926,17.028288601036255,2.1925151132074188,2.163137380624783,1
Rangoon,1959-04-01,27.198,0.382,Burma,30.792,0.539,16.87N,95.44E,Spring,1950-1999,1959,26.7657128227961,1.8628121863915033,2.161402639846004,1
Bangkok,1941-04-01,29.523000000000003,0.461,Thailand,30.862,0.329,13.66N,99.91E,Spring,1900-1949,1941,27.164733303650955,1.7112234411641587,2.160598439344522,1
Manila,1993-05-01,28.465,0.336,Philippines,29.33,0.294,15.27N,120.83E,Spring,1950-1999,1993,26.48771164021164,1.316208504306938,2.15945144746272,1
Surabaya,2005-10-01,26.329,0.188,Indonesia,28.369,0.238,7.23S,112.70E,Autumn,2000+,2005,26.809904204363992,0.7222059652253093,2.1587966185651912,1
Bogotá,1993-08-01,25.279,0.228,Colombia,21.569000000000003,0.5770000000000001,4.02N,74.73W,Summer,1950-1999,1993,20.002264618434126,0.725749869395096,2.1587814860672765,1
Manila,1954-05-01,28.159,0.187,Philippines,29.329,0.191,15.27N,120.83E,Spring,1950-1999,1954,26.48771164021164,1.316208504306938,2.1586916894177555,1
Hyderabad,2001-05-01,30.374000000000002,0.16699999999999998,India,34.03,0.496,16.87N,78.70E,Spring,2000+,2001,26.869334928229677,3.3184209293223277,2.157853154943982,1
Ibadan,2013-03-01,30.901999999999997,0.315,Nigeria,29.531,0.687,7.23N,4.05E,Spring,2000+,2013,26.37310517141197,1.4635332652808781,2.1577198848172205,1
Sydney,1983-02-01,29.660999999999998,0.308,Australia,21.759,0.3720000000000001,34.56S,151.78E,Winter,1950-1999,1983,17.028288601036255,2.1925151132074188,2.157664214247177,1
Santo Domingo,2004-08-01,28.505,0.388,Dominican Republic,28.823,0.422,18.48N,69.30W,Summer,2000+,2004,25.976776619845918,1.3191865802064948,2.157559380045056,1
Rio De Janeiro,2002-03-01,26.311,0.161,Brazil,27.786,0.444,23.31S,42.82W,Spring,2000+,2002,23.788915553435086,1.8528177099687193,2.157300432233238,1
Bombay,2002-05-01,30.9,0.16699999999999998,India,30.101999999999997,0.606,18.48N,72.68E,Spring,2000+,2002,26.631452153110118,1.6088910655520077,2.1571055500262477,1
São Paulo,1984-02-01,25.909,0.229,Brazil,25.115,0.35200000000000004,23.31S,46.31W,Winter,1950-1999,1984,19.699367843511446,2.5120828714300134,2.1558333994792465,1
Pune,1984-05-01,31.199,0.246,India,31.123,0.63,18.48N,74.37E,Spring,1950-1999,1984,24.644615231259973,3.0054054098543914,2.155577662666781,1
Kinshasa,1998-04-01,25.743,0.314,Congo (Democratic Republic Of The),26.361,0.219,4.02S,15.27E,Spring,1950-1999,1998,23.87144177881803,1.155259797078266,2.154976938934635,1
Rangoon,2013-04-01,27.495,0.392,Burma,30.78,1.104,16.87N,95.44E,Spring,2000+,2013,26.7657128227961,1.8628121863915033,2.154960766592401,1
Lagos,2009-12-01,26.248,0.476,Nigeria,28.473000000000003,0.459,5.63N,3.23E,Winter,2000+,2009,26.578698431144726,0.8791503828306382,2.1546957219720615,1
Singapore,1997-06-01,28.122000000000003,0.321,Singapore,28.122000000000003,0.321,0.80N,103.66E,Summer,1950-1999,1997,26.523102826510698,0.7423962997429765,2.153697659919448,1
Bangkok,1983-04-01,30.441000000000006,0.228,Thailand,30.85,0.7070000000000001,13.66N,99.91E,Spring,1950-1999,1983,27.164733303650955,1.7112234411641587,2.1535859126859145,1
Nagpur,1984-05-01,31.199,0.246,India,35.73900000000001,0.395,21.70N,78.75E,Spring,1950-1999,1984,25.655016347687376,4.684171109830494,2.1527786700937885,1
Lima,1998-01-01,22.406999999999996,0.407,Peru,22.647,1.259,12.05S,77.26W,Winter,1950-1999,1998,16.769119658119678,2.731313713965055,2.152034133547913,1
Bogotá,1992-08-01,25.311,0.34,Colombia,21.564,0.426,4.02N,74.73W,Summer,1950-1999,1992,20.002264618434126,0.725749869395096,2.151892060094427,1
Madras,2013-05-01,31.014,0.205,India,34.587,1.277,13.66N,80.09E,Spring,2000+,2013,28.417858452950547,2.870018020479011,2.149513174840559,1
Bangkok,1980-04-01,29.889000000000006,0.138,Thailand,30.842,0.19,13.66N,99.91E,Spring,1950-1999,1980,27.164733303650955,1.7112234411641587,2.148910894913507,1
Addis Abeba,2011-03-01,25.156,0.332,Ethiopia,20.153,0.454,8.84N,38.11E,Spring,2000+,2011,17.525072662298964,1.2233385447027414,2.1481603347498495,1
Rangoon,1953-04-01,27.093000000000004,0.262,Burma,30.767,0.735,16.87N,95.44E,Spring,1950-1999,1953,26.7657128227961,1.8628121863915033,2.1479820705676644,1
Bogotá,1978-02-01,26.529,0.458,Colombia,21.561,0.268,4.02N,74.73W,Winter,1950-1999,1978,20.002264618434126,0.725749869395096,2.1477584045107196,1
Jakarta,2010-03-01,26.853,0.225,Indonesia,27.899,0.275,5.63S,106.55E,Spring,2000+,2010,26.50820968600322,0.6476391669901195,2.1474771522241793,1
Fortaleza,1970-12-01,26.13,0.315,Brazil,29.546999999999997,1.475,4.02S,40.98W,Winter,1950-1999,1970,27.008639541892673,1.1821881896846826,2.1471712205011655,1
Bangkok,1960-04-01,29.622,0.245,Thailand,30.838,0.305,13.66N,99.91E,Spring,1950-1999,1960,27.164733303650955,1.7112234411641587,2.1465733860273057,1
Bogotá,1980-03-01,26.151,0.281,Colombia,21.56,0.473,4.02N,74.73W,Spring,1950-1999,1980,20.002264618434126,0.725749869395096,2.1463805193161485,1
Rangoon,1987-05-01,28.023000000000003,0.371,Burma,30.763,0.593,16.87N,95.44E,Spring,1950-1999,1987,26.7657128227961,1.8628121863915033,2.1458347794831316,1
Manila,1966-04-01,28.023000000000003,0.151,Philippines,29.311999999999998,0.213,15.27N,120.83E,Spring,1950-1999,1966,26.48771164021164,1.316208504306938,2.1457758026533296,1
Hyderabad,1994-05-01,30.833000000000002,0.149,India,33.989000000000004,0.307,16.87N,78.70E,Spring,1950-1999,1994,26.869334928229677,3.3184209293223277,2.145497880892486,1
Dar Es Salaam,2006-02-01,24.573,0.235,Tanzania,29.131,0.262,7.23S,39.73E,Winter,2000+,2006,25.7446715006305,1.579105464110453,2.144459997342292,1
Rangoon,1902-04-01,25.915,0.667,Burma,30.758000000000003,1.088,16.87N,95.44E,Spring,1900-1949,1902,26.7657128227961,1.8628121863915033,2.143150665627464,1
Rangoon,1966-04-01,27.195,0.338,Burma,30.758000000000003,0.22,16.87N,95.44E,Spring,1950-1999,1966,26.7657128227961,1.8628121863915033,2.143150665627464,1
Nairobi,2009-02-01,26.34,0.301,Kenya,18.335,0.445,0.80S,36.16E,Winter,2000+,2009,16.08139511323004,1.051538853334252,2.143149422985332,1
Mogadishu,2004-05-01,29.48,0.868,Somalia,29.369,0.8009999999999999,2.41N,45.80E,Spring,2000+,2004,27.151963668850545,1.0348068808055226,2.142463847383438,1
Mogadishu,1982-03-01,28.307,0.451,Somalia,29.369,0.541,2.41N,45.80E,Spring,1950-1999,1982,27.151963668850545,1.0348068808055226,2.142463847383438,1
Cali,1983-03-01,26.705,0.275,Colombia,23.328000000000003,0.688,4.02N,76.34W,Spring,1950-1999,1983,21.797027204030183,0.7145867350297902,2.142459019906094,1
Belo Horizonte,1984-02-01,25.909,0.229,Brazil,25.226000000000006,0.416,20.09S,44.36W,Winter,1950-1999,1984,21.071396469465675,1.9392794852659099,2.142343876733508,1
Surabaya,1953-11-01,26.355,0.225,Indonesia,28.357,0.78,7.23S,112.70E,Autumn,1950-1999,1953,26.809904204363992,0.7222059652253093,2.1421808599342627,1
Mexico,1983-05-01,23.971999999999998,0.156,Mexico,20.612,0.536,20.09N,98.96W,Spring,1950-1999,1983,15.717422377622361,2.285341681739848,2.141726841761079,1
Addis Abeba,1983-03-01,25.116999999999997,0.252,Ethiopia,20.145,0.233,8.84N,38.11E,Spring,1950-1999,1983,17.525072662298964,1.2233385447027414,2.141620853071094,1
Mogadishu,1994-03-01,28.142,0.36,Somalia,29.368000000000002,0.532,2.41N,45.80E,Spring,1950-1999,1994,27.151963668850545,1.0348068808055226,2.1414974834960825,1
Nagpur,1978-05-01,30.939,0.249,India,35.683,0.392,21.70N,78.75E,Spring,1950-1999,1978,25.655016347687376,4.684171109830494,2.140823513314292,1
Addis Abeba,1952-03-01,24.978,0.631,Ethiopia,20.144,0.957,8.84N,38.11E,Spring,1950-1999,1952,17.525072662298964,1.2233385447027414,2.1408034178612483,1
Bangalore,1800-04-01,28.458000000000002,1.5019999999999998,India,28.851999999999997,1.63,12.05N,77.26E,Spring,1800-1849,1800,24.85589593301432,1.86683919647516,2.1405721898976897,1
Dar Es Salaam,2003-03-01,24.328000000000003,0.318,Tanzania,29.124000000000002,0.376,7.23S,39.73E,Spring,2000+,2003,25.7446715006305,1.579105464110453,2.140027107862082,1
Addis Abeba,1959-04-01,24.903000000000002,0.515,Ethiopia,20.143,0.84,8.84N,38.11E,Spring,1950-1999,1959,17.525072662298964,1.2233385447027414,2.139985982651406,1
Hyderabad,1896-05-01,30.707,0.257,India,33.97,0.276,16.87N,78.70E,Spring,1850-1899,1896,26.869334928229677,3.3184209293223277,2.139772266088132,1
Manila,2007-04-01,28.186,0.16,Philippines,29.303,0.265,15.27N,120.83E,Spring,2000+,2007,26.48771164021164,1.316208504306938,2.1389379802486372,1
Fortaleza,1993-11-01,26.287,0.261,Brazil,29.537,0.254,4.02S,40.98W,Autumn,1950-1999,1993,27.008639541892673,1.1821881896846826,2.1387123303792257,1
Kano,2012-04-01,31.130000000000006,0.507,Nigeria,32.704,0.866,12.05N,8.22E,Spring,2000+,2012,26.14053689715283,3.0692316203702887,2.138471094617264,1
Jakarta,1990-04-01,26.715,0.275,Indonesia,27.893,0.35600000000000004,5.63S,106.55E,Spring,1950-1999,1990,26.50820968600322,0.6476391669901195,2.1382127341565,1
Bogotá,1941-08-01,25.408,0.179,Colombia,21.554000000000002,0.304,4.02N,74.73W,Summer,1900-1949,1941,20.002264618434126,0.725749869395096,2.1381132081487384,1
Kinshasa,2010-03-01,25.405,0.377,Congo (Democratic Republic Of The),26.340999999999998,0.276,4.02S,15.27E,Spring,2000+,2010,23.87144177881803,1.155259797078266,2.13766481567839,1
Manila,1990-04-01,28.105,0.15,Philippines,29.301,0.315,15.27N,120.83E,Spring,1950-1999,1990,26.48771164021164,1.316208504306938,2.137418464158703,1
Ibadan,2005-03-01,31.136,0.47,Nigeria,29.501,0.5670000000000001,7.23N,4.05E,Spring,2000+,2005,26.37310517141197,1.4635332652808781,2.1372215465069946,1
Bogotá,1983-08-01,25.479,0.191,Colombia,21.553,0.238,4.02N,74.73W,Summer,1950-1999,1983,20.002264618434126,0.725749869395096,2.1367353229541677,1
Rangoon,1986-04-01,26.555999999999997,0.35100000000000003,Burma,30.746,0.424,16.87N,95.44E,Spring,1950-1999,1986,26.7657128227961,1.8628121863915033,2.13670879237386,1
Sydney,2010-02-01,28.311,0.133,Australia,21.713,0.228,34.56S,151.78E,Winter,2000+,2010,17.028288601036255,2.1925151132074188,2.1366837431330206,1
Brasília,1987-10-01,26.579,0.203,Brazil,24.491,0.44,15.27S,47.50W,Autumn,1950-1999,1987,21.727594942748073,1.29338785325707,2.1365633288522003,1
Melbourne,1983-02-01,29.660999999999998,0.308,Australia,21.935,0.217,37.78S,144.41E,Winter,1950-1999,1983,13.396641411520513,3.9971737657773896,2.136098926091822,1
Addis Abeba,1988-04-01,25.018,0.332,Ethiopia,20.138,0.38,8.84N,38.11E,Spring,1950-1999,1988,17.525072662298964,1.2233385447027414,2.135898806602184,1
Durban,2012-02-01,23.04,0.249,South Africa,24.553,0.34700000000000003,29.74S,31.38E,Winter,2000+,2012,20.35129204484785,1.9672889176472226,2.135785912003805,1
Singapore,1941-05-01,28.108,0.271,Singapore,28.108,0.28800000000000003,0.80N,103.66E,Spring,1900-1949,1941,26.523102826510698,0.7423962997429765,2.134839807307777,1
Cali,1997-09-01,25.923,0.392,Colombia,23.322,0.282,4.02N,76.34W,Autumn,1950-1999,1997,21.797027204030183,0.7145867350297902,2.1340625584188073,1
Sydney,2011-02-01,27.293000000000003,0.17800000000000002,Australia,21.706999999999997,0.128,34.56S,151.78E,Winter,2000+,2011,17.028288601036255,2.1925151132074188,2.1339471599442157,1
Dar Es Salaam,2005-02-01,25.04,0.3720000000000001,Tanzania,29.114,0.455,7.23S,39.73E,Winter,2000+,2005,25.7446715006305,1.579105464110453,2.1336944086046357,1
Nairobi,1973-03-01,26.629,0.513,Kenya,18.325,0.4,0.80S,36.16E,Spring,1950-1999,1973,16.08139511323004,1.051538853334252,2.133639550888554,1
Rangoon,1993-04-01,26.315,0.191,Burma,30.739,0.399,16.87N,95.44E,Spring,1950-1999,1993,26.7657128227961,1.8628121863915033,2.1329510329759263,1
Mogadishu,2010-05-01,29.424,0.5,Somalia,29.359,0.4970000000000001,2.41N,45.80E,Spring,2000+,2010,27.151963668850545,1.0348068808055226,2.13280020850986,1
Madras,1953-05-01,30.717,0.289,India,34.539,0.6890000000000001,13.66N,80.09E,Spring,1950-1999,1953,28.417858452950547,2.870018020479011,2.1327885411771126,1
Bogotá,1990-08-01,25.32,0.234,Colombia,21.55,0.466,4.02N,74.73W,Summer,1950-1999,1990,20.002264618434126,0.725749869395096,2.13260166737046,1
Sydney,1946-01-01,27.824,0.215,Australia,21.704,0.593,34.56S,151.78E,Winter,1900-1949,1946,17.028288601036255,2.1925151132074188,2.1325788683498157,1
Jakarta,2011-05-01,26.616999999999997,0.17800000000000002,Indonesia,27.889,0.231,5.63S,106.55E,Spring,2000+,2011,26.50820968600322,0.6476391669901195,2.1320364554447115,1
Salvador,1995-03-01,26.070999999999998,0.154,Brazil,27.514000000000006,0.349,13.66S,38.81W,Spring,1950-1999,1995,24.65697137404586,1.3404275594524262,2.131430830265279,1
Salvador,1878-02-01,26.040000000000006,1.116,Brazil,27.514,1.845,13.66S,38.81W,Winter,1850-1899,1878,24.65697137404586,1.3404275594524262,2.1314308302652742,1
Manila,2012-04-01,27.819000000000006,0.231,Philippines,29.293000000000003,0.226,15.27N,120.83E,Spring,2000+,2012,26.48771164021164,1.316208504306938,2.1313403997989777,1
Rio De Janeiro,1958-02-01,26.246,0.396,Brazil,27.736,0.5920000000000001,23.31S,42.82W,Winter,1950-1999,1958,23.788915553435086,1.8528177099687193,2.1303145071036442,1
Pune,1973-05-01,30.69,0.424,India,31.046999999999997,0.631,18.48N,74.37E,Spring,1950-1999,1973,24.644615231259973,3.0054054098543914,2.1302898929200413,1
Hyderabad,1928-05-01,30.574,0.3,India,33.936,0.578,16.87N,78.70E,Spring,1900-1949,1928,26.869334928229677,3.3184209293223277,2.129526429069818,1
Santo Domingo,2010-08-01,28.546,0.464,Dominican Republic,28.786,0.511,18.48N,69.30W,Summer,2000+,2010,25.976776619845918,1.3191865802064948,2.1295117933312744,1
Addis Abeba,1945-04-01,25.13,0.224,Ethiopia,20.13,0.275,8.84N,38.11E,Spring,1900-1949,1945,17.525072662298964,1.2233385447027414,2.1293593249234255,1
Jakarta,2006-10-01,26.539,0.194,Indonesia,27.886999999999997,0.435,5.63S,106.55E,Autumn,2000+,2006,26.50820968600322,0.6476391669901195,2.1289483160888145,1
Cali,1987-08-01,25.491,0.336,Colombia,23.318,0.411,4.02N,76.34W,Summer,1950-1999,1987,21.797027204030183,0.7145867350297902,2.128464917427289,1
Hyderabad,1948-05-01,30.765,0.171,India,33.931,0.252,16.87N,78.70E,Spring,1900-1949,1948,26.869334928229677,3.3184209293223277,2.12801968833183,1
Hyderabad,1897-05-01,30.695,0.446,India,33.925,0.556,16.87N,78.70E,Spring,1850-1899,1897,26.869334928229677,3.3184209293223277,2.1262115994462447,1
Rangoon,1985-04-01,26.965999999999998,0.187,Burma,30.726,0.362,16.87N,95.44E,Spring,1950-1999,1985,26.7657128227961,1.8628121863915033,2.1259723369511896,1
Surabaya,2003-04-01,26.641,0.256,Indonesia,28.345,0.411,7.23S,112.70E,Spring,2000+,2003,26.809904204363992,0.7222059652253093,2.125565101303334,1
Bangkok,2001-04-01,30.125,0.187,Thailand,30.801,0.189,13.66N,99.91E,Spring,2000+,2001,27.164733303650955,1.7112234411641587,2.124951428829927,1
Pune,2003-05-01,30.614,0.222,India,31.03,0.371,18.48N,74.37E,Spring,2000+,2003,24.644615231259973,3.0054054098543914,2.124633418108272,1
Rangoon,1822-03-01,26.316,1.431,Burma,30.723000000000003,1.49,16.87N,95.44E,Spring,1800-1849,1822,26.7657128227961,1.8628121863915033,2.1243618686377905,1
Cali,1991-02-01,26.281,0.183,Colombia,23.315,0.18600000000000005,4.02N,76.34W,Winter,1950-1999,1991,21.797027204030183,0.7145867350297902,2.124266686683648,1
Singapore,1988-05-01,28.1,0.17800000000000002,Singapore,28.1,0.17800000000000002,0.80N,103.66E,Spring,1950-1999,1988,26.523102826510698,0.7423962997429765,2.124063891529683,1
Salvador,2006-03-01,26.034000000000002,0.187,Brazil,27.504,0.5920000000000001,13.66S,38.81W,Spring,2000+,2006,24.65697137404586,1.3404275594524262,2.123970524089472,1
Kano,1998-04-01,31.695,0.4,Nigeria,32.657000000000004,0.501,12.05N,8.22E,Spring,1950-1999,1998,26.14053689715283,3.0692316203702887,2.1231578156558255,1
Durban,1995-02-01,24.396,0.304,South Africa,24.528,0.493,29.74S,31.38E,Winter,1950-1999,1995,20.35129204484785,1.9672889176472226,2.1230780683435557,1
Bogotá,1987-02-01,26.201,0.247,Colombia,21.543000000000003,0.589,4.02N,74.73W,Winter,1950-1999,1987,20.002264618434126,0.725749869395096,2.1229564710084787,1
Pune,2013-05-01,31.014,0.205,India,31.024,0.4,18.48N,74.37E,Spring,2000+,2013,24.644615231259973,3.0054054098543914,2.1226370152335297,1
Nairobi,1998-03-01,26.541,0.499,Kenya,18.313,0.226,0.80S,36.16E,Spring,1950-1999,1998,16.08139511323004,1.051538853334252,2.1222277043724214,1
Bangkok,1958-05-01,29.764,0.305,Thailand,30.796,0.423,13.66N,99.91E,Spring,1950-1999,1958,27.164733303650955,1.7112234411641587,2.122029542722174,1
Ibadan,1926-03-01,29.388,0.939,Nigeria,29.478,0.584,7.23N,4.05E,Spring,1900-1949,1926,26.37310517141197,1.4635332652808781,2.1215061538024864,1
Hyderabad,1929-05-01,30.574,0.276,India,33.908,0.725,16.87N,78.70E,Spring,1900-1949,1929,26.869334928229677,3.3184209293223277,2.121088680937089,1
Salvador,1973-03-01,25.962,0.373,Brazil,27.5,0.546,13.66S,38.81W,Spring,1950-1999,1973,24.65697137404586,1.3404275594524262,2.1209864016191498,1
Fortaleza,2002-11-01,26.583000000000002,0.126,Brazil,29.516,0.298,4.02S,40.98W,Autumn,2000+,2002,27.008639541892673,1.1821881896846826,2.120948661123147,1
Bangalore,2004-04-01,28.688000000000002,0.161,India,28.815,0.314,12.05N,77.26E,Spring,2000+,2004,24.85589593301432,1.86683919647516,2.1207525931858484,1
Rangoon,1897-04-01,26.952,0.687,Burma,30.716,1.012,16.87N,95.44E,Spring,1850-1899,1897,26.7657128227961,1.8628121863915033,2.120604109239855,1
Ibadan,1942-03-01,29.616,0.462,Nigeria,29.476,0.6940000000000001,7.23N,4.05E,Spring,1900-1949,1942,26.37310517141197,1.4635332652808781,2.1201395979151365,1
Manila,1973-04-01,27.868,0.146,Philippines,29.278000000000002,0.16699999999999998,15.27N,120.83E,Spring,1950-1999,1973,26.48771164021164,1.316208504306938,2.1199440291244853,1
Manila,1981-04-01,28.013,0.175,Philippines,29.278000000000002,0.359,15.27N,120.83E,Spring,1950-1999,1981,26.48771164021164,1.316208504306938,2.1199440291244853,1
Rangoon,1958-05-01,27.826999999999998,0.311,Burma,30.714000000000002,0.446,16.87N,95.44E,Spring,1950-1999,1958,26.7657128227961,1.8628121863915033,2.1195304636975885,1
Kinshasa,2005-02-01,26.193,0.386,Congo (Democratic Republic Of The),26.32,0.616,4.02S,15.27E,Winter,2000+,2005,23.87144177881803,1.155259797078266,2.1194870862593387,1
Mexico,2011-05-01,24.842,0.277,Mexico,20.561,0.485,20.09N,98.96W,Spring,2000+,2011,15.717422377622361,2.285341681739848,2.119410703912855,1
Nagpur,1896-05-01,30.707,0.257,India,35.579,0.5770000000000001,21.70N,78.75E,Spring,1850-1899,1896,25.655016347687376,4.684171109830494,2.118621079295232,1
Durban,2006-02-01,22.851999999999997,0.205,South Africa,24.519,0.417,29.74S,31.38E,Winter,2000+,2006,20.35129204484785,1.9672889176472226,2.1185032446258663,1
Nagpur,1906-05-01,30.947,0.464,India,35.577,0.447,21.70N,78.75E,Spring,1900-1949,1906,25.655016347687376,4.684171109830494,2.118194109410249,1
Rangoon,1877-05-01,27.373,1.3130000000000002,Burma,30.711,2.24,16.87N,95.44E,Spring,1850-1899,1877,26.7657128227961,1.8628121863915033,2.1179199953841863,1
Mogadishu,1996-04-01,28.72,1.297,Somalia,29.343000000000004,1.262,2.41N,45.80E,Spring,1950-1999,1996,27.151963668850545,1.0348068808055226,2.1173383863121344,1
Jakarta,2013-06-01,26.881,0.248,Indonesia,27.879,0.5529999999999999,5.63S,106.55E,Summer,2000+,2013,26.50820968600322,0.6476391669901195,2.116595758665249,1
Bogotá,1998-04-01,26.261,0.344,Colombia,21.538,0.184,4.02N,74.73W,Spring,1950-1999,1998,20.002264618434126,0.725749869395096,2.116067045035629,1
Lagos,2011-04-01,30.746,0.435,Nigeria,28.439,0.449,5.63N,3.23E,Spring,2000+,2011,26.578698431144726,0.8791503828306382,2.1160220198796718,1
Rio De Janeiro,1980-03-01,25.759,0.228,Brazil,27.709,0.287,23.31S,42.82W,Spring,1950-1999,1980,23.788915553435086,1.8528177099687193,2.1157421075336633,1
Dar Es Salaam,2010-02-01,24.064,0.194,Tanzania,29.085,0.434,7.23S,39.73E,Winter,2000+,2010,25.7446715006305,1.579105464110453,2.1153295807580443,1
Paris,2003-08-01,23.662,0.333,France,22.892,0.5479999999999999,49.03N,2.45E,Summer,2000+,2003,10.402644346178128,5.904354503273548,2.1152787568729834,1
Brasília,1994-09-01,26.187,0.139,Brazil,24.463,0.198,15.27S,47.50W,Autumn,1950-1999,1994,21.727594942748073,1.29338785325707,2.1149147569025812,1
Hyderabad,1902-05-01,30.26,0.551,India,33.886,0.534,16.87N,78.70E,Spring,1900-1949,1902,26.869334928229677,3.3184209293223277,2.1144590216899446,1
Abidjan,1998-04-01,29.122,0.364,Côte D'Ivoire,29.131,0.4270000000000001,5.63N,3.23W,Spring,1950-1999,1998,26.163737197523968,1.4037149934407556,2.1138641507295883,1
Mogadishu,1953-04-01,28.586,0.253,Somalia,29.339000000000002,0.597,2.41N,45.80E,Spring,1950-1999,1953,27.151963668850545,1.0348068808055226,2.1134729307627014,1
Abidjan,2013-03-01,29.149,0.5870000000000001,Côte D'Ivoire,29.129,0.306,5.63N,3.23W,Spring,2000+,2013,26.163737197523968,1.4037149934407556,2.1124393600781066,1
Salvador,1996-02-01,26.125,0.174,Brazil,27.488000000000003,0.376,13.66S,38.81W,Winter,1950-1999,1996,24.65697137404586,1.3404275594524262,2.1120340342081882,1
Bogotá,1953-08-01,25.539,0.364,Colombia,21.535,0.56,4.02N,74.73W,Summer,1950-1999,1953,20.002264618434126,0.725749869395096,2.111933389451922,1
Rio De Janeiro,1996-02-01,26.125,0.174,Brazil,27.700000000000006,0.5579999999999999,23.31S,42.82W,Winter,1950-1999,1996,23.788915553435086,1.8528177099687193,2.1108846410103403,1
Jakarta,2002-06-01,26.405,0.095,Indonesia,27.875,0.293,5.63S,106.55E,Summer,2000+,2002,26.50820968600322,0.6476391669901195,2.110419479953461,1
Belo Horizonte,1994-02-01,25.825000000000006,0.124,Brazil,25.164,0.405,20.09S,44.36W,Winter,1950-1999,1994,21.071396469465675,1.9392794852659099,2.1103732399732764,1
Hyderabad,1991-05-01,30.459,0.209,India,33.87,0.583,16.87N,78.70E,Spring,1950-1999,1991,26.869334928229677,3.3184209293223277,2.1096374513283833,1
Hyderabad,2007-05-01,30.524,0.163,India,33.87,0.225,16.87N,78.70E,Spring,2000+,2007,26.869334928229677,3.3184209293223277,2.1096374513283833,1
Rangoon,1931-04-01,27.269000000000002,0.365,Burma,30.695,0.4970000000000001,16.87N,95.44E,Spring,1900-1949,1931,26.7657128227961,1.8628121863915033,2.1093308310460506,1
Ho Chi Minh City,1998-04-01,26.457,0.268,Vietnam,29.709,0.313,10.45N,107.18E,Spring,1950-1999,1998,27.193983566940545,1.1924610325051177,2.1090973746755624,1
Bangkok,1957-05-01,29.697,0.233,Thailand,30.773000000000003,0.255,13.66N,99.91E,Spring,1950-1999,1957,27.164733303650955,1.7112234411641587,2.108588866626509,1
Kinshasa,2007-03-01,25.509,0.358,Congo (Democratic Republic Of The),26.307,0.307,4.02S,15.27E,Spring,2000+,2007,23.87144177881803,1.155259797078266,2.1082342061427797,1
Manila,1958-05-01,28.38,0.348,Philippines,29.261999999999997,0.341,15.27N,120.83E,Spring,1950-1999,1958,26.48771164021164,1.316208504306938,2.107787900405024,1
Mogadishu,1942-04-01,28.708000000000002,0.501,Somalia,29.333000000000002,0.477,2.41N,45.80E,Spring,1900-1949,1942,27.151963668850545,1.0348068808055226,2.107674747438553,1
Nairobi,2006-01-01,25.726,0.67,Kenya,18.297,0.7240000000000001,0.80S,36.16E,Winter,2000+,2006,16.08139511323004,1.051538853334252,2.1070119090175803,1
Hyderabad,1939-05-01,30.429000000000002,0.166,India,33.861,0.626,16.87N,78.70E,Spring,1900-1949,1939,26.869334928229677,3.3184209293223277,2.106925318000006,1
Santo Domingo,2005-09-01,28.574,0.274,Dominican Republic,28.756,0.397,18.48N,69.30W,Autumn,2000+,2005,25.976776619845918,1.3191865802064948,2.1067705068065847,1
Rangoon,1878-05-01,27.371,1.004,Burma,30.69,1.366,16.87N,95.44E,Spring,1850-1899,1878,26.7657128227961,1.8628121863915033,2.1066467171903835,1
Addis Abeba,2010-03-01,25.208000000000002,0.804,Ethiopia,20.102,0.775,8.84N,38.11E,Spring,2000+,2010,17.525072662298964,1.2233385447027414,2.1064711390477795,1
Mexico,1933-05-01,23.84,0.32299999999999995,Mexico,20.531,0.452,20.09N,98.96W,Spring,1900-1949,1933,15.717422377622361,2.285341681739848,2.1062835640021342,1
Hyderabad,1986-05-01,29.572,0.171,India,33.858000000000004,0.393,16.87N,78.70E,Spring,1950-1999,1986,26.869334928229677,3.3184209293223277,2.1060212735572157,1
Ho Chi Minh City,1992-05-01,27.309,0.134,Vietnam,29.705,0.342,10.45N,107.18E,Spring,1950-1999,1992,27.193983566940545,1.1924610325051177,2.1057429673691885,1
Manila,1963-05-01,28.206,0.321,Philippines,29.259,0.36,15.27N,120.83E,Spring,1950-1999,1963,26.48771164021164,1.316208504306938,2.105508626270128,1
Bangalore,1869-04-01,27.641,1.392,India,28.785999999999998,1.712,12.05N,77.26E,Spring,1850-1899,1869,24.85589593301432,1.86683919647516,2.1052183146819687,1
Surabaya,1946-08-01,25.862,0.895,Indonesia,28.33,3.158,7.23S,112.70E,Summer,1900-1949,1946,26.809904204363992,0.7222059652253093,2.104795403014674,1
Mogadishu,2009-05-01,29.278000000000002,0.343,Somalia,29.33,0.489,2.41N,45.80E,Spring,2000+,2009,27.151963668850545,1.0348068808055226,2.104775655776476,1
Melbourne,2001-01-01,29.133000000000003,0.165,Australia,21.809,0.364,37.78S,144.41E,Winter,2000+,2001,13.396641411520513,3.9971737657773896,2.1045766537606134,1
Lagos,2005-04-01,31.272,0.266,Nigeria,28.428,0.34,5.63N,3.23E,Spring,2000+,2005,26.578698431144726,0.8791503828306382,2.103509939790959,1
Cali,1998-05-01,25.754,0.211,Colombia,23.3,0.128,4.02N,76.34W,Spring,1950-1999,1998,21.797027204030183,0.7145867350297902,2.103275532965443,1
Addis Abeba,2002-04-01,25.058000000000003,0.568,Ethiopia,20.097,0.846,8.84N,38.11E,Spring,2000+,2002,17.525072662298964,1.2233385447027414,2.1023839629985575,1
Nagpur,2002-05-01,30.9,0.16699999999999998,India,35.501999999999995,0.4320000000000001,21.70N,78.75E,Spring,2000+,2002,25.655016347687376,4.684171109830494,2.1021827387234264,1
Pune,1980-05-01,31.054000000000002,0.293,India,30.962,0.384,18.48N,74.37E,Spring,1950-1999,1980,24.644615231259973,3.0054054098543914,2.10200751886119,1
Singapore,1995-06-01,28.083,0.233,Singapore,28.083,0.233,0.80N,103.66E,Summer,1950-1999,1995,26.523102826510698,0.7423962997429765,2.101165070501226,1
Singapore,2013-05-01,28.083,0.189,Singapore,28.083,0.189,0.80N,103.66E,Spring,2000+,2013,26.523102826510698,0.7423962997429765,2.101165070501226,1
Nagpur,1897-05-01,30.695,0.446,India,35.493,0.477,21.70N,78.75E,Spring,1850-1899,1897,25.655016347687376,4.684171109830494,2.100261374241009,1
Nagpur,1952-05-01,30.426,0.197,India,35.48900000000001,0.6679999999999999,21.70N,78.75E,Spring,1950-1999,1952,25.655016347687376,4.684171109830494,2.0994074344710474,1
Los Angeles,2006-07-01,22.910999999999998,0.181,United States,27.336,0.397,34.56N,118.70W,Summer,2000+,2006,15.878038442083941,5.4580479427802295,2.099278291073343,1
Lagos,2011-03-01,30.958000000000002,0.591,Nigeria,28.424,0.7190000000000001,5.63N,3.23E,Spring,2000+,2011,26.578698431144726,0.8791503828306382,2.0989600924859713,1
Fortaleza,1963-11-01,26.413,0.488,Brazil,29.49,0.959,4.02S,40.98W,Autumn,1950-1999,1963,27.008639541892673,1.1821881896846826,2.0989555468060987,1
Pune,2002-05-01,30.9,0.16699999999999998,India,30.952,0.329,18.48N,74.37E,Spring,2000+,2002,24.644615231259973,3.0054054098543914,2.0986801807366198,1
Mogadishu,1997-03-01,27.979,0.465,Somalia,29.322,0.605,2.41N,45.80E,Spring,1950-1999,1997,27.151963668850545,1.0348068808055226,2.097044744677613,1
Hyderabad,1942-05-01,30.642,0.154,India,33.828,0.195,16.87N,78.70E,Spring,1900-1949,1942,26.869334928229677,3.3184209293223277,2.096980829129291,1
Rangoon,1889-05-01,27.565,0.967,Burma,30.671,1.178,16.87N,95.44E,Spring,1850-1899,1889,26.7657128227961,1.8628121863915033,2.096447084538845,1
Bangalore,2009-04-01,28.665,0.236,India,28.769,0.268,12.05N,77.26E,Spring,2000+,2009,24.85589593301432,1.86683919647516,2.096112013490041,1
Hyderabad,1954-05-01,30.921,0.214,India,33.825,1.011,16.87N,78.70E,Spring,1950-1999,1954,26.869334928229677,3.3184209293223277,2.0960767846864985,1
Abidjan,2007-03-01,29.27,0.32299999999999995,Côte D'Ivoire,29.106,0.44,5.63N,3.23W,Spring,2000+,2007,26.163737197523968,1.4037149934407556,2.0960542675860596,1
Salvador,2010-01-01,26.206000000000003,0.149,Brazil,27.465999999999998,0.345,13.66S,38.81W,Winter,2000+,2010,24.65697137404586,1.3404275594524262,2.0956213606214162,1
Cali,1997-07-01,25.24,0.28,Colombia,23.294,0.327,4.02N,76.34W,Summer,1950-1999,1997,21.797027204030183,0.7145867350297902,2.094879071478161,1
Dar Es Salaam,2013-02-01,24.29,0.42,Tanzania,29.052,0.8290000000000001,7.23S,39.73E,Winter,2000+,2013,25.7446715006305,1.579105464110453,2.0944316732084745,1
Rio De Janeiro,1988-01-01,26.204,0.151,Brazil,27.669,0.452,23.31S,42.82W,Winter,1950-1999,1988,23.788915553435086,1.8528177099687193,2.0941533674299895,1
Bogotá,1987-08-01,25.491,0.336,Colombia,21.522,0.335,4.02N,74.73W,Summer,1950-1999,1987,20.002264618434126,0.725749869395096,2.0940208819225203,1
Santo Domingo,2008-07-01,28.356,0.412,Dominican Republic,28.738000000000003,0.235,18.48N,69.30W,Summer,2000+,2008,25.976776619845918,1.3191865802064948,2.093125734891774,1
Ibadan,2006-04-01,30.555000000000003,0.504,Nigeria,29.436,0.745,7.23N,4.05E,Spring,2000+,2006,26.37310517141197,1.4635332652808781,2.0928084801681663,1
Ibadan,1992-03-01,29.625999999999998,0.28300000000000003,Nigeria,29.436,0.272,7.23N,4.05E,Spring,1950-1999,1992,26.37310517141197,1.4635332652808781,2.0928084801681663,1
Ibadan,1978-02-01,27.845,0.16399999999999998,Nigeria,29.436,0.387,7.23N,4.05E,Winter,1950-1999,1978,26.37310517141197,1.4635332652808781,2.0928084801681663,1
Mexico,1995-05-01,24.439,0.27,Mexico,20.5,0.635,20.09N,98.96W,Spring,1950-1999,1995,15.717422377622361,2.285341681739848,2.092718852761057,1
Durban,2007-02-01,23.736,0.32,South Africa,24.467,0.375,29.74S,31.38E,Winter,2000+,2007,20.35129204484785,1.9672889176472226,2.0920709298125497,1
Jakarta,1988-05-01,26.785,0.16399999999999998,Indonesia,27.863000000000003,0.311,5.63S,106.55E,Spring,1950-1999,1988,26.50820968600322,0.6476391669901195,2.091890643818107,1
Ho Chi Minh City,2013-05-01,27.443,0.389,Vietnam,29.688000000000002,0.342,10.45N,107.18E,Spring,2000+,2013,27.193983566940545,1.1924610325051177,2.0914867363171075,1
Pune,1959-05-01,30.207,0.193,India,30.93,0.44,18.48N,74.37E,Spring,1950-1999,1959,24.644615231259973,3.0054054098543914,2.091360036862563,1
Durban,1969-02-01,23.836,0.299,South Africa,24.465000000000003,0.6609999999999999,29.74S,31.38E,Winter,1950-1999,1969,20.35129204484785,1.9672889176472226,2.0910543023197325,1
Surabaya,1979-11-01,26.136,0.182,Indonesia,28.32,0.894,7.23S,112.70E,Autumn,1950-1999,1979,26.809904204363992,0.7222059652253093,2.0909489374889034,1
São Paulo,1994-02-01,25.825000000000006,0.124,Brazil,24.949,0.3,23.31S,46.31W,Winter,1950-1999,1994,19.699367843511446,2.5120828714300134,2.0897527769456827,1
Bangalore,1964-04-01,28.314,0.208,India,28.756999999999998,0.335,12.05N,77.26E,Spring,1950-1999,1964,24.85589593301432,1.86683919647516,2.0896840361780913,1
Nagpur,1993-05-01,30.554000000000002,0.38,India,35.441,0.462,21.70N,78.75E,Spring,1950-1999,1993,25.655016347687376,4.684171109830494,2.089160157231479,1
Nairobi,1946-03-01,26.031999999999996,0.361,Kenya,18.278,0.35100000000000003,0.80S,36.16E,Spring,1900-1949,1946,16.08139511323004,1.051538853334252,2.0889431520337025,1
Salvador,2005-03-01,26.19,0.122,Brazil,27.456999999999997,0.344,13.66S,38.81W,Spring,2000+,2005,24.65697137404586,1.3404275594524262,2.0889070850631932,1
Brasília,2007-09-01,26.539,0.247,Brazil,24.429,0.436,15.27S,47.50W,Autumn,2000+,2007,21.727594942748073,1.29338785325707,2.0886272052494697,1
Lima,1973-02-01,21.592,0.278,Peru,22.473000000000003,0.5,12.05S,77.26W,Winter,1950-1999,1973,16.769119658119678,2.731313713965055,2.0883285258360114,1
Singapore,2001-05-01,28.073,0.163,Singapore,28.073,0.163,0.80N,103.66E,Spring,2000+,2001,26.523102826510698,0.7423962997429765,2.0876951757786095,1
Bogotá,1878-02-01,26.382,1.31,Colombia,21.517,1.6769999999999998,4.02N,74.73W,Winter,1850-1899,1878,20.002264618434126,0.725749869395096,2.087131455949676,1
Bangalore,1992-04-01,27.746,0.218,India,28.752,0.444,12.05N,77.26E,Spring,1950-1999,1992,24.85589593301432,1.86683919647516,2.087005712298113,1
Ho Chi Minh City,1889-05-01,27.307,0.703,Vietnam,29.682,0.542,10.45N,107.18E,Spring,1850-1899,1889,27.193983566940545,1.1924610325051177,2.086455125357545,1
Ahmadabad,2010-05-01,31.169,0.166,India,35.41900000000001,0.376,23.31N,72.52E,Spring,2000+,2010,26.52985294117648,4.2609333299501255,2.0861971710145437,1
Bangkok,2013-04-01,29.885,0.234,Thailand,30.731,0.517,13.66N,99.91E,Spring,2000+,2013,27.164733303650955,1.7112234411641587,2.0840450233213774,1
Rio De Janeiro,1959-02-01,25.747,0.191,Brazil,27.65,0.414,23.31S,42.82W,Winter,1950-1999,1959,23.788915553435086,1.8528177099687193,2.083898715880743,1
Nagpur,1911-05-01,30.436,0.369,India,35.41600000000001,0.637,21.70N,78.75E,Spring,1900-1949,1911,25.655016347687376,4.684171109830494,2.0838230336692067,1
Rio De Janeiro,1843-02-01,26.24,1.129,Brazil,27.649,1.453,23.31S,42.82W,Winter,1800-1849,1843,23.788915553435086,1.8528177099687193,2.0833589973781526,1
Fortaleza,2003-11-01,26.278000000000002,0.18600000000000005,Brazil,29.471,0.273,4.02S,40.98W,Autumn,2000+,2003,27.008639541892673,1.1821881896846826,2.0828836555744106,1
São Paulo,1956-01-01,25.348000000000006,0.309,Brazil,24.931,0.568,23.31S,46.31W,Winter,1950-1999,1956,19.699367843511446,2.5120828714300134,2.0825874082372238,1
Bangkok,1980-05-01,29.391,0.163,Thailand,30.728,0.14800000000000002,13.66N,99.91E,Spring,1950-1999,1980,27.164733303650955,1.7112234411641587,2.082291891656725,1
Cali,1983-07-01,25.365,0.239,Colombia,23.285,0.292,4.02N,76.34W,Summer,1950-1999,1983,21.797027204030183,0.7145867350297902,2.082284379247238,1
Bangalore,1953-05-01,30.717,0.289,India,28.743,0.38,12.05N,77.26E,Spring,1950-1999,1953,24.85589593301432,1.86683919647516,2.082184729314151,1
Fortaleza,2010-11-01,26.22,0.116,Brazil,29.47,0.445,4.02S,40.98W,Autumn,2000+,2010,27.008639541892673,1.1821881896846826,2.0820377665622156,1
Bangalore,1984-05-01,31.199,0.246,India,28.741999999999997,0.248,12.05N,77.26E,Spring,1950-1999,1984,24.85589593301432,1.86683919647516,2.0816490645381545,1
Manila,1986-04-01,27.730999999999998,0.205,Philippines,29.226999999999997,0.271,15.27N,120.83E,Spring,1950-1999,1986,26.48771164021164,1.316208504306938,2.08119636883121,1
Fortaleza,2004-11-01,26.486,0.185,Brazil,29.469,0.243,4.02S,40.98W,Autumn,2000+,2004,27.008639541892673,1.1821881896846826,2.0811918775500233,1
Pune,1988-05-01,31.21,0.222,India,30.895,0.732,18.48N,74.37E,Spring,1950-1999,1988,24.644615231259973,3.0054054098543914,2.079714353426565,1
Manila,1981-05-01,28.401999999999997,0.17,Philippines,29.225,0.21,15.27N,120.83E,Spring,1950-1999,1981,26.48771164021164,1.316208504306938,2.0796768527412812,1
Hyderabad,1941-05-01,30.595,0.16899999999999998,India,33.769,0.11,16.87N,78.70E,Spring,1900-1949,1941,26.869334928229677,3.3184209293223277,2.079201288421038,1
Rangoon,1888-04-01,26.573,0.804,Burma,30.638,1.2,16.87N,95.44E,Spring,1850-1899,1888,26.7657128227961,1.8628121863915033,2.07873193309144,1
Hyderabad,2008-05-01,30.079,0.103,India,33.765,0.53,16.87N,78.70E,Spring,2000+,2008,26.869334928229677,3.3184209293223277,2.077995895830649,1
Melbourne,1961-01-01,28.154,0.241,Australia,21.698,0.282,37.78S,144.41E,Winter,1950-1999,1961,13.396641411520513,3.9971737657773896,2.0768070328974053,1
Mogadishu,1961-04-01,28.449,0.916,Somalia,29.301,0.685,2.41N,45.80E,Spring,1950-1999,1961,27.151963668850545,1.0348068808055226,2.0767511030430947,1
Sydney,1940-03-01,26.315,0.252,Australia,21.58,0.434,34.56S,151.78E,Spring,1900-1949,1940,17.028288601036255,2.1925151132074188,2.0760228157812186,1
Pune,1892-04-01,29.378,0.44,India,30.883000000000006,0.902,18.48N,74.37E,Spring,1850-1899,1892,24.644615231259973,3.0054054098543914,2.0757215476770825,1
Pune,1991-05-01,30.459,0.209,India,30.882,0.281,18.48N,74.37E,Spring,1950-1999,1991,24.644615231259973,3.0054054098543914,2.0753888138646235,1
Bangalore,1983-05-01,29.619,0.194,India,28.73,0.293,12.05N,77.26E,Spring,1950-1999,1983,24.85589593301432,1.86683919647516,2.0752210872262067,1
Lagos,2003-03-01,29.462,0.35600000000000004,Nigeria,28.403,0.338,5.63N,3.23E,Spring,2000+,2003,26.578698431144726,0.8791503828306382,2.07507339413479,1
Mogadishu,1991-03-01,28.291,0.574,Somalia,29.299,0.705,2.41N,45.80E,Spring,1950-1999,1991,27.151963668850545,1.0348068808055226,2.07481837526838,1
Manila,1975-05-01,28.048,0.165,Philippines,29.218000000000004,0.417,15.27N,120.83E,Spring,1950-1999,1975,26.48771164021164,1.316208504306938,2.07435854642652,1
Rio De Janeiro,1889-02-01,25.868,0.823,Brazil,27.631999999999998,0.8340000000000001,23.31S,42.82W,Winter,1850-1899,1889,23.788915553435086,1.8528177099687193,2.074183782834089,1
Cali,2003-01-01,26.449,0.289,Colombia,23.279,0.285,4.02N,76.34W,Winter,2000+,2003,21.797027204030183,0.7145867350297902,2.073887917759956,1
Bogotá,1976-09-01,25.498,0.425,Colombia,21.507,0.343,4.02N,74.73W,Autumn,1950-1999,1976,20.002264618434126,0.725749869395096,2.073352604003987,1
Nagpur,1991-05-01,30.459,0.209,India,35.365,0.445,21.70N,78.75E,Spring,1950-1999,1991,25.655016347687376,4.684171109830494,2.0729353016021657,1
Mogadishu,1987-03-01,28.358,1.138,Somalia,29.297,1.861,2.41N,45.80E,Spring,1950-1999,1987,27.151963668850545,1.0348068808055226,2.0728856474936648,1
Bogotá,1973-03-01,26.319000000000006,0.453,Colombia,21.506,0.402,4.02N,74.73W,Spring,1950-1999,1973,20.002264618434126,0.725749869395096,2.0719747188094164,1
Brasília,1916-09-01,25.885,0.241,Brazil,24.406999999999996,0.61,15.27S,47.50W,Autumn,1900-1949,1916,21.727594942748073,1.29338785325707,2.071617613003338,1
Bogotá,2002-09-01,25.816000000000006,0.076,Colombia,21.505,0.298,4.02N,74.73W,Autumn,2000+,2002,20.002264618434126,0.725749869395096,2.0705968336148457,1
Hyderabad,1989-05-01,30.493000000000002,0.129,India,33.74,0.479,16.87N,78.70E,Spring,1950-1999,1989,26.869334928229677,3.3184209293223277,2.0704621921407123,1
Abidjan,2010-04-01,28.994,0.277,Côte D'Ivoire,29.068,0.28600000000000003,5.63N,3.23W,Spring,2000+,2010,26.163737197523968,1.4037149934407556,2.0689832452078947,1
Rio De Janeiro,2007-03-01,26.112,0.156,Brazil,27.621,0.636,23.31S,42.82W,Spring,2000+,2007,23.788915553435086,1.8528177099687193,2.068246879305579,1
Santo Domingo,1999-08-01,28.432,0.183,Dominican Republic,28.705,0.199,18.48N,69.30W,Summer,1950-1999,1999,25.976776619845918,1.3191865802064948,2.0681103197146125,1
Cali,1941-02-01,26.315,0.3670000000000001,Colombia,23.274,0.657,4.02N,76.34W,Winter,1900-1949,1941,21.797027204030183,0.7145867350297902,2.066890866520556,1
Surabaya,1999-10-01,26.028,0.14300000000000002,Indonesia,28.302,0.247,7.23S,112.70E,Autumn,1950-1999,1999,26.809904204363992,0.7222059652253093,2.0660252995425106,1
Ho Chi Minh City,2010-04-01,25.68,0.326,Vietnam,29.656999999999996,0.505,10.45N,107.18E,Spring,2000+,2010,27.193983566940545,1.1924610325051177,2.0654900796927134,1
Nairobi,1975-03-01,26.31,0.272,Kenya,18.253,0.3720000000000001,0.80S,36.16E,Spring,1950-1999,1975,16.08139511323004,1.051538853334252,2.065168471791762,1
Bogotá,2012-08-01,25.529,0.376,Colombia,21.501,0.41,4.02N,74.73W,Summer,2000+,2012,20.002264618434126,0.725749869395096,2.065085292836572,1
Rio De Janeiro,1998-03-01,26.67,0.191,Brazil,27.615,0.322,23.31S,42.82W,Spring,1950-1999,1998,23.788915553435086,1.8528177099687193,2.0650085682900277,1
Fortaleza,2005-10-01,26.794,0.139,Brazil,29.449,0.284,4.02S,40.98W,Autumn,2000+,2005,27.008639541892673,1.1821881896846826,2.06427409730614,1
Nairobi,2010-02-01,26.480999999999998,0.292,Kenya,18.252,0.28,0.80S,36.16E,Winter,2000+,2010,16.08139511323004,1.051538853334252,2.064217484582083,1
Sydney,1991-02-01,28.308000000000003,0.134,Australia,21.554000000000002,0.265,34.56S,151.78E,Winter,1950-1999,1991,17.028288601036255,2.1925151132074188,2.0641642886297404,1
Cali,1987-03-01,26.302,0.215,Colombia,23.272,0.458,4.02N,76.34W,Spring,1950-1999,1987,21.797027204030183,0.7145867350297902,2.064092046024792,1
Abidjan,2000-03-01,28.816,0.229,Côte D'Ivoire,29.061,0.224,5.63N,3.23W,Spring,2000+,2000,26.163737197523968,1.4037149934407556,2.063996477927706,1
Kano,2002-04-01,31.015,0.455,Nigeria,32.475,0.46,12.05N,8.22E,Spring,2000+,2002,26.14053689715283,3.0692316203702887,2.063859586485997,1
Nagpur,1942-05-01,30.642,0.154,India,35.321,0.586,21.70N,78.75E,Spring,1900-1949,1942,25.655016347687376,4.684171109830494,2.0635419641325625,1
Lima,1941-02-01,21.668000000000003,0.505,Peru,22.405,0.483,12.05S,77.26W,Winter,1900-1949,1941,16.769119658119678,2.731313713965055,2.063432081442853,1
Nagpur,1953-05-01,30.717,0.289,India,35.32,0.5579999999999999,21.70N,78.75E,Spring,1950-1999,1953,25.655016347687376,4.684171109830494,2.063328479190072,1
Nairobi,2012-02-01,26.081999999999997,0.301,Kenya,18.250999999999998,0.219,0.80S,36.16E,Winter,2000+,2012,16.08139511323004,1.051538853334252,2.0632664973724046,1
Manila,1970-04-01,27.910999999999998,0.126,Philippines,29.203000000000003,0.141,15.27N,120.83E,Spring,1950-1999,1970,26.48771164021164,1.316208504306938,2.0629621757520282,1
Fortaleza,1997-11-01,26.921,0.095,Brazil,29.447,0.309,4.02S,40.98W,Autumn,1950-1999,1997,27.008639541892673,1.1821881896846826,2.06258231928175,1
Jakarta,2006-05-01,26.572,0.29600000000000004,Indonesia,27.844,0.263,5.63S,106.55E,Spring,2000+,2006,26.50820968600322,0.6476391669901195,2.0625533199371198,1
Brasília,2005-09-01,25.746,0.14,Brazil,24.395,0.434,15.27S,47.50W,Autumn,2000+,2005,21.727594942748073,1.29338785325707,2.0623396535963607,1
Manila,2000-04-01,27.791,0.14300000000000002,Philippines,29.201999999999998,0.21,15.27N,120.83E,Spring,2000+,2000,26.48771164021164,1.316208504306938,2.0622024177070584,1
Addis Abeba,2013-02-01,24.475,0.912,Ethiopia,20.047,0.807,8.84N,38.11E,Winter,2000+,2013,17.525072662298964,1.2233385447027414,2.06151220250633,1
Addis Abeba,1992-03-01,24.96,0.514,Ethiopia,20.047,0.6890000000000001,8.84N,38.11E,Spring,1950-1999,1992,17.525072662298964,1.2233385447027414,2.06151220250633,1
Jakarta,1990-05-01,26.7,0.247,Indonesia,27.843000000000004,0.499,5.63S,106.55E,Spring,1950-1999,1990,26.50820968600322,0.6476391669901195,2.061009250259177,1
Singapore,2013-03-01,28.053,0.193,Singapore,28.053,0.193,0.80N,103.66E,Spring,2000+,2013,26.523102826510698,0.7423962997429765,2.0607553863333714,1
London,1783-07-01,16.602,2.303,United Kingdom,20.081000000000003,2.322,52.24N,0.00W,Summer,Pre-1800,1783,9.459037902716338,5.154544624143942,2.060698446091684,1
Addis Abeba,2007-03-01,25.465,0.371,Ethiopia,20.045,0.648,8.84N,38.11E,Spring,2000+,2007,17.525072662298964,1.2233385447027414,2.059877332086642,1
Bangalore,1815-04-01,27.332,2.754,India,28.701,4.251,12.05N,77.26E,Spring,1800-1849,1815,24.85589593301432,1.86683919647516,2.0596868087223292,1
Surat,2010-05-01,31.169,0.166,India,34.211,0.334,21.70N,73.56E,Spring,2000+,2010,26.33085645933014,3.8260724084002984,2.059590802141821,1
Melbourne,1951-01-01,27.381,0.295,Australia,21.629,0.242,37.78S,144.41E,Winter,1950-1999,1951,13.396641411520513,3.9971737657773896,2.0595448361446005,1
Nagpur,1998-05-01,31.176,0.174,India,35.302,0.826,21.70N,78.75E,Spring,1950-1999,1998,25.655016347687376,4.684171109830494,2.0594857502252344,1
Singapore,2007-06-01,28.052000000000003,0.237,Singapore,28.052000000000003,0.237,0.80N,103.66E,Summer,2000+,2007,26.523102826510698,0.7423962997429765,2.0594083968611128,1
Ibadan,2010-04-01,31.833,0.439,Nigeria,29.387,0.269,7.23N,4.05E,Spring,2000+,2010,26.37310517141197,1.4635332652808781,2.0593278609281276,1
Addis Abeba,1992-04-01,25.053,0.42,Ethiopia,20.044,0.482,8.84N,38.11E,Spring,1950-1999,1992,17.525072662298964,1.2233385447027414,2.0590598968767964,1
Ibadan,1977-03-01,28.655,0.29600000000000004,Nigeria,29.386,0.621,7.23N,4.05E,Spring,1950-1999,1977,26.37310517141197,1.4635332652808781,2.058644582984453,1
Nagpur,1958-05-01,30.492,0.366,India,35.298,0.378,21.70N,78.75E,Spring,1950-1999,1958,25.655016347687376,4.684171109830494,2.058631810455271,1
Bangalore,2012-04-01,28.066999999999997,0.315,India,28.699,0.368,12.05N,77.26E,Spring,2000+,2012,24.85589593301432,1.86683919647516,2.0586154791703386,1
Rangoon,2002-04-01,27.075,0.306,Burma,30.6,1.018,16.87N,95.44E,Spring,2000+,2002,26.7657128227961,1.8628121863915033,2.0583326677883655,1
Abidjan,1995-02-01,27.991999999999997,0.363,Côte D'Ivoire,29.053,0.395,5.63N,3.23W,Winter,1950-1999,1995,26.163737197523968,1.4037149934407556,2.0582973153217767,1
Addis Abeba,2001-03-01,24.921,0.537,Ethiopia,20.043000000000006,0.481,8.84N,38.11E,Spring,2000+,2001,17.525072662298964,1.2233385447027414,2.0582424616669566,1
Addis Abeba,1999-02-01,24.858,0.825,Ethiopia,20.043,0.88,8.84N,38.11E,Winter,1950-1999,1999,17.525072662298964,1.2233385447027414,2.058242461666951,1
Surabaya,2000-09-01,26.429000000000002,0.154,Indonesia,28.296,0.531,7.23S,112.70E,Autumn,2000+,2000,26.809904204363992,0.7222059652253093,2.0577174202270463,1
Dar Es Salaam,2010-03-01,24.101999999999997,0.27,Tanzania,28.994,0.632,7.23S,39.73E,Spring,2000+,2010,25.7446715006305,1.579105464110453,2.0577020175152922,1
Abidjan,1988-02-01,28.462,0.179,Côte D'Ivoire,29.052,0.412,5.63N,3.23W,Winter,1950-1999,1988,26.163737197523968,1.4037149934407556,2.0575849199960348,1
Ibadan,1998-04-01,31.695,0.4,Nigeria,29.384,0.894,7.23N,4.05E,Spring,1950-1999,1998,26.37310517141197,1.4635332652808781,2.0572780270971047,1
Bangalore,1985-04-01,28.279,0.276,India,28.695999999999998,0.341,12.05N,77.26E,Spring,1950-1999,1985,24.85589593301432,1.86683919647516,2.057008484842349,1
Nagpur,2003-05-01,30.614,0.222,India,35.28800000000001,0.416,21.70N,78.75E,Spring,2000+,2003,25.655016347687376,4.684171109830494,2.0564969610303634,1
Hyderabad,1993-05-01,30.554000000000002,0.38,India,33.690999999999995,0.5479999999999999,16.87N,78.70E,Spring,1950-1999,1993,26.869334928229677,3.3184209293223277,2.0556961329084333,1
Mogadishu,1915-04-01,28.398000000000003,0.8140000000000001,Somalia,29.279,1.095,2.41N,45.80E,Spring,1900-1949,1915,27.151963668850545,1.0348068808055226,2.055491097521221,1
Bogotá,2011-09-01,25.726000000000006,0.271,Colombia,21.494,0.368,4.02N,74.73W,Autumn,2000+,2011,20.002264618434126,0.725749869395096,2.055440096474586,1
Bangalore,1981-04-01,27.894000000000002,0.301,India,28.693,0.443,12.05N,77.26E,Spring,1950-1999,1981,24.85589593301432,1.86683919647516,2.0554014905143636,1
Bangalore,1996-05-01,30.506,0.133,India,28.693,0.35,12.05N,77.26E,Spring,1950-1999,1996,24.85589593301432,1.86683919647516,2.0554014905143636,1
Bangalore,1969-04-01,28.122,0.366,India,28.693,0.28800000000000003,12.05N,77.26E,Spring,1950-1999,1969,24.85589593301432,1.86683919647516,2.0554014905143636,1
Brasília,2008-09-01,26.046999999999997,0.252,Brazil,24.386,0.509,15.27S,47.50W,Autumn,2000+,2008,21.727594942748073,1.29338785325707,2.0553811840411256,1
Surabaya,2000-10-01,26.171999999999997,0.228,Indonesia,28.294,0.28300000000000003,7.23S,112.70E,Autumn,2000+,2000,26.809904204363992,0.7222059652253093,2.0549481271218935,1
Jakarta,1948-05-01,26.336,0.613,Indonesia,27.839,0.523,5.63S,106.55E,Spring,1900-1949,1948,26.50820968600322,0.6476391669901195,2.054832971547383,1
Manila,1962-05-01,28.085,0.252,Philippines,29.191999999999997,0.307,15.27N,120.83E,Spring,1950-1999,1962,26.48771164021164,1.316208504306938,2.054604837257396,1
Ibadan,2008-03-01,30.386999999999997,0.7340000000000001,Nigeria,29.378,0.462,7.23N,4.05E,Spring,2000+,2008,26.37310517141197,1.4635332652808781,2.053178359435059,1
Brasília,2004-10-01,26.243,0.226,Brazil,24.383000000000003,0.4,15.27S,47.50W,Autumn,2000+,2004,21.727594942748073,1.29338785325707,2.0530616941893833,1
Nairobi,1928-03-01,25.995,0.918,Kenya,18.24,0.98,0.80S,36.16E,Spring,1900-1949,1928,16.08139511323004,1.051538853334252,2.052805638065951,1
Pune,1948-05-01,30.765,0.171,India,30.813000000000002,0.777,18.48N,74.37E,Spring,1900-1949,1948,24.644615231259973,3.0054054098543914,2.0524301808050853,1
Jakarta,2003-03-01,26.561999999999998,0.194,Indonesia,27.837,0.156,5.63S,106.55E,Spring,2000+,2003,26.50820968600322,0.6476391669901195,2.051744832191492,1
Lima,1987-03-01,21.842,0.212,Peru,22.371,0.455,12.05S,77.26W,Spring,1950-1999,1987,16.769119658119678,2.731313713965055,2.0509838592462732,1
Berlin,2006-07-01,22.343000000000004,0.244,Germany,23.795,0.316,52.24N,13.14E,Summer,2000+,2006,8.916233733417537,7.25593231206241,2.050565747677621,1
Lagos,1988-05-01,30.026999999999997,0.285,Nigeria,28.381,0.412,5.63N,3.23E,Spring,1950-1999,1988,26.578698431144726,0.8791503828306382,2.050049233957365,1
Bombay,1995-06-01,30.65,0.185,India,29.929,0.4,18.48N,72.68E,Summer,1950-1999,1995,26.631452153110118,1.6088910655520077,2.049578071190605,1
Fortaleza,1993-10-01,26.269,0.16699999999999998,Brazil,29.430999999999997,0.262,4.02S,40.98W,Autumn,1950-1999,1993,27.008639541892673,1.1821881896846826,2.049048095086641,1
Bangkok,1963-05-01,29.599,0.262,Thailand,30.671,0.392,13.66N,99.91E,Spring,1950-1999,1963,27.164733303650955,1.7112234411641587,2.048982390028332,1
Hyderabad,1934-05-01,29.917,0.233,India,33.666,0.561,16.87N,78.70E,Spring,1900-1949,1934,26.869334928229677,3.3184209293223277,2.048162429218497,1
Singapore,2008-05-01,28.043000000000006,0.202,Singapore,28.043000000000006,0.202,0.80N,103.66E,Spring,2000+,2008,26.523102826510698,0.7423962997429765,2.0472854916107597,1
Jakarta,1979-05-01,26.592,0.337,Indonesia,27.834,0.321,5.63S,106.55E,Spring,1950-1999,1979,26.50820968600322,0.6476391669901195,2.047112623157652,1
Rio De Janeiro,1894-02-01,25.238000000000003,0.6709999999999999,Brazil,27.581000000000003,1.452,23.31S,42.82W,Winter,1850-1899,1894,23.788915553435086,1.8528177099687193,2.0466581392019068,1
Bangkok,1998-05-01,29.884,0.102,Thailand,30.666999999999998,0.221,13.66N,99.91E,Spring,1950-1999,1998,27.164733303650955,1.7112234411641587,2.0466448811421283,1
Fortaleza,2001-11-01,26.507,0.168,Brazil,29.428,0.301,4.02S,40.98W,Autumn,2000+,2001,27.008639541892673,1.1821881896846826,2.0465104280500617,1
Ho Chi Minh City,1983-05-01,27.320999999999998,0.399,Vietnam,29.634,0.684,10.45N,107.18E,Spring,1950-1999,1983,27.193983566940545,1.1924610325051177,2.046202237681073,1
Addis Abeba,1908-05-01,24.951,1.362,Ethiopia,20.028,2.084,8.84N,38.11E,Spring,1900-1949,1908,17.525072662298964,1.2233385447027414,2.045980933519282,1
Jakarta,2008-05-01,26.419,0.096,Indonesia,27.833,0.114,5.63S,106.55E,Spring,2000+,2008,26.50820968600322,0.6476391669901195,2.0455685534797037,1
Nagpur,1941-05-01,30.595,0.16899999999999998,India,35.23600000000001,0.453,21.70N,78.75E,Spring,1900-1949,1941,25.655016347687376,4.684171109830494,2.0453957440208335,1
Pune,1902-05-01,30.26,0.551,India,30.791,0.3720000000000001,18.48N,74.37E,Spring,1900-1949,1902,24.644615231259973,3.0054054098543914,2.0451100369310287,1
Paris,1983-07-01,22.746,0.194,France,22.473000000000003,0.108,49.03N,2.45E,Summer,1950-1999,1983,10.402644346178128,5.904354503273548,2.0443141832235368,1
Manila,1955-05-01,27.971,0.252,Philippines,29.178,0.248,15.27N,120.83E,Spring,1950-1999,1955,26.48771164021164,1.316208504306938,2.043968224627874,1
Bangkok,2004-04-01,29.375999999999998,0.301,Thailand,30.662,0.428,13.66N,99.91E,Spring,2000+,2004,27.164733303650955,1.7112234411641587,2.043722995034375,1
Nagpur,2009-05-01,30.493000000000002,0.102,India,35.22700000000001,0.515,21.70N,78.75E,Spring,2000+,2009,25.655016347687376,4.684171109830494,2.0434743795384147,1
Fortaleza,1983-11-01,25.73,0.133,Brazil,29.424,0.484,4.02S,40.98W,Autumn,1950-1999,1983,27.008639541892673,1.1821881896846826,2.0431268720012836,1
Brasília,2009-09-01,26.54,0.251,Brazil,24.37,0.5479999999999999,15.27S,47.50W,Autumn,2000+,2009,21.727594942748073,1.29338785325707,2.043010571498487,1
Rome,2003-08-01,26.12,0.307,Italy,25.951,0.395,42.59N,13.09E,Summer,2000+,2003,11.965501895135823,6.84629114200544,2.042784598956961,1
Pune,1944-05-01,30.656999999999996,0.238,India,30.784000000000002,0.331,18.48N,74.37E,Spring,1900-1949,1944,24.644615231259973,3.0054054098543914,2.0427809002438297,1
Bombay,1988-05-01,31.21,0.222,India,29.918000000000006,0.433,18.48N,72.68E,Spring,1950-1999,1988,26.631452153110118,1.6088910655520077,2.0427410638657997,1
Surabaya,1998-09-01,26.541,0.136,Indonesia,28.285,0.28300000000000003,7.23S,112.70E,Autumn,1950-1999,1998,26.809904204363992,0.7222059652253093,2.042486308148697,1
Manila,1961-04-01,27.747,0.275,Philippines,29.176,0.413,15.27N,120.83E,Spring,1950-1999,1961,26.48771164021164,1.316208504306938,2.04244870853794,1
São Paulo,2010-02-01,26.802,0.106,Brazil,24.83,0.261,23.31S,46.31W,Winter,2000+,2010,19.699367843511446,2.5120828714300134,2.0423817282619816,1
Belo Horizonte,2010-02-01,26.802,0.106,Brazil,25.031999999999996,0.295,20.09S,44.36W,Winter,2000+,2010,21.071396469465675,1.9392794852659099,2.0423067229998835,1
Bangalore,2003-04-01,28.592,0.245,India,28.668000000000006,0.339,12.05N,77.26E,Spring,2000+,2003,24.85589593301432,1.86683919647516,2.042009871114472,1
Durban,1978-03-01,21.691000000000006,0.302,South Africa,24.367,0.329,29.74S,31.38E,Spring,1950-1999,1978,20.35129204484785,1.9672889176472226,2.0412395551715576,1
Fortaleza,2012-10-01,27.12,0.314,Brazil,29.421,0.53,4.02S,40.98W,Autumn,2000+,2012,27.008639541892673,1.1821881896846826,2.040589204964701,1
Singapore,1979-05-01,28.038,0.365,Singapore,28.038,0.365,0.80N,103.66E,Spring,1950-1999,1979,26.523102826510698,0.7423962997429765,2.0405505442494416,1
Cali,1958-03-01,26.503,0.266,Colombia,23.255,0.348,4.02N,76.34W,Spring,1950-1999,1958,21.797027204030183,0.7145867350297902,2.040302071810828,1
Bogotá,1986-08-01,25.3,0.183,Colombia,21.483,0.271,4.02N,74.73W,Summer,1950-1999,1986,20.002264618434126,0.725749869395096,2.0402833593343264,1
Rio De Janeiro,1833-02-01,25.451999999999998,1.33,Brazil,27.569000000000006,2.652,23.31S,42.82W,Winter,1800-1849,1833,23.788915553435086,1.8528177099687193,2.040181517170806,1
Rangoon,1901-04-01,26.621,0.67,Burma,30.566,0.595,16.87N,95.44E,Spring,1900-1949,1901,26.7657128227961,1.8628121863915033,2.0400806935698244,1
Hyderabad,1945-05-01,29.869,0.242,India,33.638000000000005,0.452,16.87N,78.70E,Spring,1900-1949,1945,26.869334928229677,3.3184209293223277,2.0397246810857697,1
Hyderabad,1985-05-01,30.506,0.193,India,33.638000000000005,0.233,16.87N,78.70E,Spring,1950-1999,1985,26.869334928229677,3.3184209293223277,2.0397246810857697,1
Izmir,2012-07-01,24.936,0.262,Turkey,28.952,0.906,37.78N,26.44E,Summer,2000+,2012,17.291252642706173,5.717689404668072,2.0394160179064094,1
Manila,1912-05-01,28.186,0.244,Philippines,29.171999999999997,0.42,15.27N,120.83E,Spring,1900-1949,1912,26.48771164021164,1.316208504306938,2.0394096763580745,1
Jakarta,1969-05-01,26.611,0.219,Indonesia,27.829,0.147,5.63S,106.55E,Spring,1950-1999,1969,26.50820968600322,0.6476391669901195,2.0393922747679207,1
Pune,1993-05-01,30.554000000000002,0.38,India,30.771,0.308,18.48N,74.37E,Spring,1950-1999,1993,24.644615231259973,3.0054054098543914,2.038455360681887,1
Manila,1964-05-01,28.026999999999997,0.263,Philippines,29.17,0.428,15.27N,120.83E,Spring,1950-1999,1964,26.48771164021164,1.316208504306938,2.037890160268146,1
Hyderabad,1964-05-01,29.573,0.301,India,33.631,0.401,16.87N,78.70E,Spring,1950-1999,1964,26.869334928229677,3.3184209293223277,2.037615244052586,1
Fortaleza,2003-10-01,26.206,0.248,Brazil,29.416999999999998,0.328,4.02S,40.98W,Autumn,2000+,2003,27.008639541892673,1.1821881896846826,2.0372056489159234,1
Ibadan,1969-02-01,27.991999999999997,0.304,Nigeria,29.354,0.34700000000000003,7.23N,4.05E,Winter,1950-1999,1969,26.37310517141197,1.4635332652808781,2.036779688786876,1
Durban,1969-01-01,24.149,0.235,South Africa,24.357000000000006,0.281,29.74S,31.38E,Winter,1950-1999,1969,20.35129204484785,1.9672889176472226,2.036156417707461,1
Abidjan,2013-02-01,28.159,0.642,Côte D'Ivoire,29.021,0.467,5.63N,3.23W,Winter,2000+,2013,26.163737197523968,1.4037149934407556,2.035500664898059,1
Addis Abeba,2004-05-01,25.477,0.8640000000000001,Ethiopia,20.015,0.6920000000000001,8.84N,38.11E,Spring,2000+,2004,17.525072662298964,1.2233385447027414,2.035354275791305,1
Rio De Janeiro,2001-03-01,25.881999999999998,0.138,Brazil,27.559,0.377,23.31S,42.82W,Spring,2000+,2001,23.788915553435086,1.8528177099687193,2.034784332144885,1
Rio De Janeiro,2006-02-01,26.06,0.147,Brazil,27.558000000000003,0.395,23.31S,42.82W,Winter,2000+,2006,23.788915553435086,1.8528177099687193,2.034244613642294,1
Lagos,1990-03-01,28.374000000000002,0.441,Nigeria,28.366999999999997,0.523,5.63N,3.23E,Spring,1950-1999,1990,26.578698431144726,0.8791503828306382,2.0341247683899084,1
Abidjan,1973-02-01,28.630000000000006,0.085,Côte D'Ivoire,29.019000000000002,0.298,5.63N,3.23W,Winter,1950-1999,1973,26.163737197523968,1.4037149934407556,2.0340758742465774,1
Singapore,1981-06-01,28.033,0.406,Singapore,28.033,0.406,0.80N,103.66E,Summer,1950-1999,1981,26.523102826510698,0.7423962997429765,2.0338155968881333,1
Lima,1958-02-01,21.459,0.508,Peru,22.323,0.662,12.05S,77.26W,Winter,1950-1999,1958,16.769119658119678,2.731313713965055,2.033409898498163,1
Ibadan,1990-03-01,28.374000000000002,0.441,Nigeria,29.349,0.466,7.23N,4.05E,Spring,1950-1999,1990,26.37310517141197,1.4635332652808781,2.0333632990685055,1
Rangoon,1984-04-01,27.136999999999997,0.179,Burma,30.553,0.302,16.87N,95.44E,Spring,1950-1999,1984,26.7657128227961,1.8628121863915033,2.0331019975450895,1
Nagpur,1929-05-01,30.574,0.276,India,35.178000000000004,0.385,21.70N,78.75E,Spring,1900-1949,1929,25.655016347687376,4.684171109830494,2.0330136173563558,1
Kinshasa,2010-02-01,25.531,0.475,Congo (Democratic Republic Of The),26.22,0.643,4.02S,15.27E,Winter,2000+,2010,23.87144177881803,1.155259797078266,2.0329264699781278,1
Nagpur,1994-05-01,30.833000000000002,0.149,India,35.177,0.353,21.70N,78.75E,Spring,1950-1999,1994,25.655016347687376,4.684171109830494,2.032800132413864,1
Rangoon,1903-04-01,27.006999999999998,0.515,Burma,30.552,0.568,16.87N,95.44E,Spring,1900-1949,1903,26.7657128227961,1.8628121863915033,2.0325651747739553,1
Rangoon,1957-04-01,26.859,0.292,Burma,30.552,0.598,16.87N,95.44E,Spring,1950-1999,1957,26.7657128227961,1.8628121863915033,2.0325651747739553,1
Singapore,2002-06-01,28.031999999999996,0.147,Singapore,28.031999999999996,0.147,0.80N,103.66E,Summer,2000+,2002,26.523102826510698,0.7423962997429765,2.0324686074158653,1
Salvador,2011-02-01,25.659,0.189,Brazil,27.381,0.44,13.66S,38.81W,Winter,2000+,2011,24.65697137404586,1.3404275594524262,2.03220875812709,1
Cali,1940-03-01,26.160999999999998,0.228,Colombia,23.249000000000002,0.32299999999999995,4.02N,76.34W,Spring,1900-1949,1940,21.797027204030183,0.7145867350297902,2.031905610323551,1
Manila,1977-04-01,27.765,0.17,Philippines,29.162,0.334,15.27N,120.83E,Spring,1950-1999,1977,26.48771164021164,1.316208504306938,2.031812095908415,1
Madras,2012-06-01,30.535999999999998,0.24,India,34.249,0.425,13.66N,80.09E,Summer,2000+,2012,28.417858452950547,2.870018020479011,2.03174387946046,1
Rangoon,1987-04-01,26.469,0.136,Burma,30.55,0.3,16.87N,95.44E,Spring,1950-1999,1987,26.7657128227961,1.8628121863915033,2.0314915292316886,1
Melbourne,2013-02-01,28.311,0.183,Australia,21.516,0.19,37.78S,144.41E,Winter,2000+,2013,13.396641411520513,3.9971737657773896,2.0312748617523244,1
Singapore,2005-05-01,28.031,0.173,Singapore,28.031,0.173,0.80N,103.66E,Spring,2000+,2005,26.523102826510698,0.7423962997429765,2.0311216179436062,1
Rio De Janeiro,1971-02-01,25.116000000000003,0.209,Brazil,27.552000000000003,0.897,23.31S,42.82W,Winter,1950-1999,1971,23.788915553435086,1.8528177099687193,2.031006302626743,1
Pune,1905-05-01,30.149,0.375,India,30.748,1.044,18.48N,74.37E,Spring,1900-1949,1905,24.644615231259973,3.0054054098543914,2.0308024829953744,1
Madrid,1761-07-01,26.033,5.1,Spain,24.771,5.022,40.99N,4.26W,Summer,Pre-1800,1761,11.448704042956392,6.561506415380549,2.0303715509315636,1
Pune,2010-04-01,29.814,0.174,India,30.746,0.239,18.48N,74.37E,Spring,2000+,2010,24.644615231259973,3.0054054098543914,2.030137015370459,1
Surabaya,1877-11-01,26.289,1.026,Indonesia,28.276,1.463,7.23S,112.70E,Autumn,1850-1899,1877,26.809904204363992,0.7222059652253093,2.0300244891755006,1
Pune,1889-05-01,30.025,0.331,India,30.741999999999997,0.779,18.48N,74.37E,Spring,1850-1899,1889,24.644615231259973,3.0054054098543914,2.0288060801206305,1
Kinshasa,1998-02-01,25.593000000000004,0.261,Congo (Democratic Republic Of The),26.215,0.273,4.02S,15.27E,Winter,1950-1999,1998,23.87144177881803,1.155259797078266,2.028598439164068,1
Lima,1919-02-01,21.665,0.723,Peru,22.309,1.3119999999999998,12.05S,77.26W,Winter,1900-1949,1919,16.769119658119678,2.731313713965055,2.0282841599466304,1
Pune,2007-05-01,30.524,0.163,India,30.738000000000003,0.211,18.48N,74.37E,Spring,2000+,2007,24.644615231259973,3.0054054098543914,2.027475144870804,1
Saint Petersburg,2010-07-01,16.893,0.28300000000000003,Russia,21.921,0.265,60.27N,29.19E,Summer,2000+,2010,4.009562577962576,8.834361114671651,2.027473994954885,1
Nagpur,1944-05-01,30.656999999999996,0.238,India,35.152,0.614,21.70N,78.75E,Spring,1900-1949,1944,25.655016347687376,4.684171109830494,2.02746300885159,1
Manila,1957-05-01,28.211,0.16699999999999998,Philippines,29.156,0.206,15.27N,120.83E,Spring,1950-1999,1957,26.48771164021164,1.316208504306938,2.027253547638618,1
Addis Abeba,1997-03-01,25.069000000000003,0.28600000000000003,Ethiopia,20.005000000000006,0.947,8.84N,38.11E,Spring,1950-1999,1997,17.525072662298964,1.2233385447027414,2.027179923692864,1
Melbourne,1981-02-01,27.478,0.127,Australia,21.498,0.217,37.78S,144.41E,Winter,1950-1999,1981,13.396641411520513,3.9971737657773896,2.026771679990724,1
Mogadishu,2010-03-01,28.320999999999998,0.777,Somalia,29.248,1.07,2.41N,45.80E,Spring,2000+,2010,27.151963668850545,1.0348068808055226,2.025533817013125,1
Bogotá,2012-06-01,25.659,0.466,Colombia,21.471999999999998,0.7020000000000001,4.02N,74.73W,Summer,2000+,2012,20.002264618434126,0.725749869395096,2.025126622194062,1
Melbourne,1956-02-01,27.744,0.217,Australia,21.488000000000003,0.262,37.78S,144.41E,Winter,1950-1999,1956,13.396641411520513,3.9971737657773896,2.02426991234539,1
Rio De Janeiro,1999-02-01,25.991000000000003,0.174,Brazil,27.539,0.455,23.31S,42.82W,Winter,1950-1999,1999,23.788915553435086,1.8528177099687193,2.0239899620930477,1
Bogotá,1966-02-01,26.29,0.233,Colombia,21.471,0.33,4.02N,74.73W,Winter,1950-1999,1966,20.002264618434126,0.725749869395096,2.023748736999496,1
Nairobi,2013-02-01,26.245,0.872,Kenya,18.209,0.8109999999999999,0.80S,36.16E,Winter,2000+,2013,16.08139511323004,1.051538853334252,2.023325034565944,1
São Paulo,1998-01-01,26.700000000000006,0.235,Brazil,24.781,0.405,23.31S,46.31W,Winter,1950-1999,1998,19.699367843511446,2.5120828714300134,2.0228760023333994,1
Lagos,2005-02-01,29.809,0.7020000000000001,Nigeria,28.357,0.401,5.63N,3.23E,Winter,2000+,2005,26.578698431144726,0.8791503828306382,2.0227501501274436,1
Addis Abeba,1898-05-01,25.074,1.331,Ethiopia,19.999000000000002,1.933,8.84N,38.11E,Spring,1850-1899,1898,17.525072662298964,1.2233385447027414,2.0222753124337935,1
Bangkok,1878-05-01,29.649,1.241,Thailand,30.625,1.307,13.66N,99.91E,Spring,1850-1899,1878,27.164733303650955,1.7112234411641587,2.022101037836998,1
Singapore,2010-06-01,28.024,0.364,Singapore,28.024,0.364,0.80N,103.66E,Summer,2000+,2010,26.523102826510698,0.7423962997429765,2.0216926916377758,1
Singapore,2011-06-01,28.024,0.237,Singapore,28.024,0.237,0.80N,103.66E,Summer,2000+,2011,26.523102826510698,0.7423962997429765,2.0216926916377758,1
Mogadishu,1978-03-01,28.391,1.068,Somalia,29.244,0.504,2.41N,45.80E,Spring,1950-1999,1978,27.151963668850545,1.0348068808055226,2.021668361463692,1
Madras,1921-05-01,31.329,0.214,India,34.22,0.711,13.66N,80.09E,Spring,1900-1949,1921,28.417858452950547,2.870018020479011,2.0216394132887934,1
Nagpur,1931-05-01,30.211,0.281,India,35.124,0.49,21.70N,78.75E,Spring,1900-1949,1931,25.655016347687376,4.684171109830494,2.0214854304618433,1
Nagpur,1975-05-01,30.431,0.233,India,35.120000000000005,0.493,21.70N,78.75E,Spring,1950-1999,1975,25.655016347687376,4.684171109830494,2.02063149069188,1
Ho Chi Minh City,2005-05-01,27.935,0.187,Vietnam,29.603,0.16399999999999998,10.45N,107.18E,Spring,2000+,2005,27.193983566940545,1.1924610325051177,2.0202055810566852,1
Addis Abeba,1941-04-01,25.121,0.535,Ethiopia,19.996,0.333,8.84N,38.11E,Spring,1900-1949,1941,17.525072662298964,1.2233385447027414,2.019823006804257,1
Salvador,2007-01-01,26.409,0.14,Brazil,27.364,0.419,13.66S,38.81W,Winter,2000+,2007,24.65697137404586,1.3404275594524262,2.019526237628224,1
London,1997-08-01,16.639,0.251,United Kingdom,19.868,0.293,52.24N,0.00W,Summer,1950-1999,1997,9.459037902716338,5.154544624143942,2.0193756881118015,1
Durban,1882-02-01,23.364,2.072,South Africa,24.323,2.48,29.74S,31.38E,Winter,1850-1899,1882,20.35129204484785,1.9672889176472226,2.0188737503295204,1
Salvador,1843-02-01,26.24,1.129,Brazil,27.363000000000003,1.3730000000000002,13.66S,38.81W,Winter,1800-1849,1843,24.65697137404586,1.3404275594524262,2.0187802070106455,1
Lagos,2013-02-01,28.344,0.91,Nigeria,28.353,1.321,5.63N,3.23E,Winter,2000+,2013,26.578698431144726,0.8791503828306382,2.0182003028224598,1
Los Angeles,2012-08-01,21.421999999999997,0.251,United States,26.892000000000003,0.315,34.56N,118.70W,Summer,2000+,2012,15.878038442083941,5.4580479427802295,2.017930526331315,1
Cali,2012-09-01,25.613000000000003,0.348,Colombia,23.239,0.355,4.02N,76.34W,Autumn,2000+,2012,21.797027204030183,0.7145867350297902,2.017911507844746,1
Surabaya,1970-10-01,26.149,0.197,Indonesia,28.267,0.82,7.23S,112.70E,Autumn,1950-1999,1970,26.809904204363992,0.7222059652253093,2.017562670202304,1
Mogadishu,1986-03-01,28.323,0.612,Somalia,29.239,0.9,2.41N,45.80E,Spring,1950-1999,1986,27.151963668850545,1.0348068808055226,2.016836542026903,1
Nagpur,1989-05-01,30.493000000000002,0.129,India,35.102000000000004,0.223,21.70N,78.75E,Spring,1950-1999,1989,25.655016347687376,4.684171109830494,2.0167887617270424,1
Sydney,1929-01-01,27.791999999999998,0.371,Australia,21.449,0.609,34.56S,151.78E,Winter,1900-1949,1929,17.028288601036255,2.1925151132074188,2.0162740828256873,1
Pune,1941-05-01,30.595,0.16899999999999998,India,30.704,0.482,18.48N,74.37E,Spring,1900-1949,1941,24.644615231259973,3.0054054098543914,2.0161621952472624,1
Nairobi,2006-03-01,26.718000000000004,0.243,Kenya,18.201,0.355,0.80S,36.16E,Spring,2000+,2006,16.08139511323004,1.051538853334252,2.0157171368885236,1
Paris,1997-08-01,21.94,0.247,France,22.296999999999997,0.388,49.03N,2.45E,Summer,1950-1999,1997,10.402644346178128,5.904354503273548,2.0145056749602834,1
Manila,2012-05-01,28.156,0.276,Philippines,29.139,0.449,15.27N,120.83E,Spring,2000+,2012,26.48771164021164,1.316208504306938,2.0143376608741947,1
Melbourne,1959-01-01,28.283,0.275,Australia,21.448,0.293,37.78S,144.41E,Winter,1950-1999,1959,13.396641411520513,3.9971737657773896,2.0142628417640536,1
Rio De Janeiro,1949-03-01,25.756999999999998,0.389,Brazil,27.52,1.128,23.31S,42.82W,Spring,1900-1949,1949,23.788915553435086,1.8528177099687193,2.0137353105438014,1
Lagos,1944-05-01,29.413,0.315,Nigeria,28.349,0.336,5.63N,3.23E,Spring,1900-1949,1944,26.578698431144726,0.8791503828306382,2.0136504555174715,1
Nagpur,1928-05-01,30.574,0.3,India,35.086999999999996,0.792,21.70N,78.75E,Spring,1900-1949,1928,25.655016347687376,4.684171109830494,2.0135864875896763,1
Hyderabad,1983-05-01,29.619,0.194,India,33.551,0.279,16.87N,78.70E,Spring,1950-1999,1983,26.869334928229677,3.3184209293223277,2.013507392244788,1
Abidjan,1938-02-01,28.343000000000004,1.168,Côte D'Ivoire,28.99,1.497,5.63N,3.23W,Winter,1900-1949,1938,26.163737197523968,1.4037149934407556,2.013416409800081,1
Kano,2005-04-01,31.272,0.266,Nigeria,32.32,0.348,12.05N,8.22E,Spring,2000+,2005,26.14053689715283,3.0692316203702887,2.0133583473578462,1
Lima,1987-02-01,21.457,0.175,Peru,22.268,0.335,12.05S,77.26W,Winter,1950-1999,1987,16.769119658119678,2.731313713965055,2.013273068474285,1
Jakarta,2009-04-01,26.64,0.188,Indonesia,27.812,0.408,5.63S,106.55E,Spring,2000+,2009,26.50820968600322,0.6476391669901195,2.0131430902428304,1
Nagpur,2012-05-01,30.805,0.221,India,35.082,0.392,21.70N,78.75E,Spring,2000+,2012,25.655016347687376,4.684171109830494,2.0125190628772223,1
Salvador,2003-03-01,25.930999999999997,0.129,Brazil,27.354000000000006,0.339,13.66S,38.81W,Spring,2000+,2003,24.65697137404586,1.3404275594524262,2.012065931452425,1
Abidjan,1941-03-01,28.709,0.34,Côte D'Ivoire,28.988000000000003,0.469,5.63N,3.23W,Spring,1900-1949,1941,26.163737197523968,1.4037149934407556,2.011991619148602,1
Nagpur,1902-05-01,30.26,0.551,India,35.077,0.7170000000000001,21.70N,78.75E,Spring,1900-1949,1902,25.655016347687376,4.684171109830494,2.011451638164767,1
Santo Domingo,2001-08-01,28.398000000000003,0.258,Dominican Republic,28.63,0.215,18.48N,69.30W,Summer,2000+,2001,25.976776619845918,1.3191865802064948,2.0112571034028917,1
Singapore,2004-04-01,28.016,0.341,Singapore,28.016,0.341,0.80N,103.66E,Spring,2000+,2004,26.523102826510698,0.7423962997429765,2.010916775859677,1
Cali,2007-01-01,26.087,0.213,Colombia,23.234,0.228,4.02N,76.34W,Winter,2000+,2007,21.797027204030183,0.7145867350297902,2.010914456605346,1
Abidjan,2007-02-01,28.576,0.402,Côte D'Ivoire,28.986,0.5870000000000001,5.63N,3.23W,Winter,2000+,2007,26.163737197523968,1.4037149934407556,2.010566828497118,1
Kano,1998-05-01,30.351999999999997,0.244,Nigeria,32.31,0.344,12.05N,8.22E,Spring,1950-1999,1998,26.14053689715283,3.0692316203702887,2.0101002028979664,1
Jakarta,1982-05-01,26.302,0.278,Indonesia,27.81,0.325,5.63S,106.55E,Spring,1950-1999,1982,26.50820968600322,0.6476391669901195,2.010054950886934,1
Bangalore,1979-04-01,28.217,0.254,India,28.608,0.265,12.05N,77.26E,Spring,1950-1999,1979,24.85589593301432,1.86683919647516,2.0098699845547223,1
Pune,1929-05-01,30.574,0.276,India,30.685,0.57,18.48N,74.37E,Spring,1900-1949,1929,24.644615231259973,3.0054054098543914,2.009840252810577,1
Brasília,1926-09-01,25.868000000000002,0.488,Brazil,24.326999999999998,1.11,15.27S,47.50W,Autumn,1900-1949,1926,21.727594942748073,1.29338785325707,2.0097645502901402,1
Cali,2010-05-01,25.938,0.222,Colombia,23.233,0.249,4.02N,76.34W,Spring,2000+,2010,21.797027204030183,0.7145867350297902,2.009515046357464,1
Manila,1983-06-01,28.475,0.247,Philippines,29.131999999999998,0.304,15.27N,120.83E,Summer,1950-1999,1983,26.48771164021164,1.316208504306938,2.009019354559431,1
Hyderabad,1931-05-01,30.211,0.281,India,33.536,0.266,16.87N,78.70E,Spring,1900-1949,1931,26.869334928229677,3.3184209293223277,2.0089871700308253,1
London,1757-07-01,17.283,6.3870000000000005,United Kingdom,19.814,7.017,52.24N,0.00W,Summer,Pre-1800,1757,9.459037902716338,5.154544624143942,2.008899495947888,1
Nagpur,1996-05-01,30.506,0.133,India,35.063,0.16399999999999998,21.70N,78.75E,Spring,1950-1999,1996,25.655016347687376,4.684171109830494,2.0084628489698946,1
Bangalore,1980-05-01,31.054000000000002,0.293,India,28.605,0.297,12.05N,77.26E,Spring,1950-1999,1980,24.85589593301432,1.86683919647516,2.008262990226735,1
Singapore,1991-06-01,28.014000000000006,0.231,Singapore,28.014000000000006,0.231,0.80N,103.66E,Summer,1950-1999,1991,26.523102826510698,0.7423962997429765,2.008222796915164,1
Nairobi,1984-03-01,26.125,0.257,Kenya,18.193,0.461,0.80S,36.16E,Spring,1950-1999,1984,16.08139511323004,1.051538853334252,2.008109239211103,1
Istanbul,2010-08-01,26.273000000000003,0.349,Turkey,26.831,0.23,40.99N,29.82E,Summer,2000+,2010,13.532854474982388,6.6230230938728605,2.0078663982494773,1
São Paulo,1977-02-01,25.393,0.228,Brazil,24.742,0.458,23.31S,46.31W,Winter,1950-1999,1977,19.699367843511446,2.5120828714300134,2.0073510367984064,1
Rangoon,1908-04-01,27.035,0.303,Burma,30.505,0.267,16.87N,95.44E,Spring,1900-1949,1908,26.7657128227961,1.8628121863915033,2.0073345045306787,1
Lima,1941-03-01,21.747,0.401,Peru,22.251,0.693,12.05S,77.26W,Spring,1900-1949,1941,16.769119658119678,2.731313713965055,2.007048957375996,1
Hyderabad,1911-05-01,30.436,0.369,India,33.529,0.35700000000000004,16.87N,78.70E,Spring,1900-1949,1911,26.869334928229677,3.3184209293223277,2.0068777329976437,1
Hyderabad,1975-05-01,30.431,0.233,India,33.529,0.265,16.87N,78.70E,Spring,1950-1999,1975,26.869334928229677,3.3184209293223277,2.0068777329976437,1
Bangalore,1964-05-01,29.573,0.301,India,28.601999999999997,0.317,12.05N,77.26E,Spring,1950-1999,1964,24.85589593301432,1.86683919647516,2.0066559958987455,1
Abidjan,2003-03-01,28.749000000000002,0.239,Côte D'Ivoire,28.98,0.383,5.63N,3.23W,Spring,2000+,2003,26.163737197523968,1.4037149934407556,2.0062924565426705,1
Moscow,2010-07-01,16.893,0.28300000000000003,Russia,24.58,0.35,55.45N,36.85E,Summer,2000+,2010,4.063435758835766,10.227504601600486,2.0060185783689235,1
Cape Town,1999-12-01,22.704,0.212,South Africa,22.084,0.541,32.95S,18.19E,Winter,1950-1999,1999,16.0790795515216,2.9936474912545528,2.0058876223806528,1
Cali,1827-01-01,26.168000000000003,2.027,Colombia,23.23,2.202,4.02N,76.34W,Winter,1800-1849,1827,21.797027204030183,0.7145867350297902,2.005316815613823,1
Los Angeles,1931-07-01,22.143,0.205,United States,26.821,0.53,34.56N,118.70W,Summer,1900-1949,1931,15.878038442083941,5.4580479427802295,2.0049222126000448,1
Lima,2002-03-01,21.456000000000003,0.465,Peru,22.245,0.948,12.05S,77.26W,Spring,2000+,2002,16.769119658119678,2.731313713965055,2.004852212282482,1
Manila,1991-05-01,28.218000000000004,0.16699999999999998,Philippines,29.125999999999998,0.229,15.27N,120.83E,Spring,1950-1999,1991,26.48771164021164,1.316208504306938,2.004460806289634,1
Addis Abeba,2000-05-01,25.486,0.8240000000000001,Ethiopia,19.977,0.838,8.84N,38.11E,Spring,2000+,2000,17.525072662298964,1.2233385447027414,2.004291737817212,1
Rangoon,2009-04-01,27.325,0.257,Burma,30.499000000000002,0.421,16.87N,95.44E,Spring,2000+,2009,26.7657128227961,1.8628121863915033,2.0041135679038793,1
Melbourne,2010-02-01,28.311,0.133,Australia,21.406999999999996,0.147,37.78S,144.41E,Winter,2000+,2010,13.396641411520513,3.9971737657773896,2.004005594418183,1
Jakarta,1997-11-01,26.691,0.126,Indonesia,27.805999999999997,0.21,5.63S,106.55E,Autumn,1950-1999,1997,26.50820968600322,0.6476391669901195,2.0038786721751456,1
Mogadishu,1972-04-01,28.789,1.433,Somalia,29.225,1.37,2.41N,45.80E,Spring,1950-1999,1972,27.151963668850545,1.0348068808055226,2.003307447603892,1
Hyderabad,2009-05-01,30.493000000000002,0.102,India,33.516,0.6809999999999999,16.87N,78.70E,Spring,2000+,2009,26.869334928229677,3.3184209293223277,2.002960207078875,1
Melbourne,1968-02-01,27.759,0.126,Australia,21.401000000000003,0.271,37.78S,144.41E,Winter,1950-1999,1968,13.396641411520513,3.9971737657773896,2.002504533830984,1
Bombay,2007-05-01,30.524,0.163,India,29.853,0.238,18.48N,72.68E,Spring,2000+,2007,26.631452153110118,1.6088910655520077,2.002340566037376,1
Bangalore,1880-04-01,28.576,0.4270000000000001,India,28.593000000000004,1.1740000000000002,12.05N,77.26E,Spring,1850-1899,1880,24.85589593301432,1.86683919647516,2.0018350129147873,1
Hyderabad,1947-05-01,30.586,0.28,India,33.512,0.503,16.87N,78.70E,Spring,1900-1949,1947,26.869334928229677,3.3184209293223277,2.0017548144884856,1
London,1983-07-01,16.569000000000003,0.297,United Kingdom,19.776000000000003,0.363,52.24N,0.00W,Summer,1950-1999,1983,9.459037902716338,5.154544624143942,2.0015273607214312,1
Rangoon,1964-04-01,26.459,0.278,Burma,30.494,0.532,16.87N,95.44E,Spring,1950-1999,1964,26.7657128227961,1.8628121863915033,2.0014294540482105,1
Mogadishu,1878-03-01,28.041,1.197,Somalia,29.223000000000003,1.575,2.41N,45.80E,Spring,1850-1899,1878,27.151963668850545,1.0348068808055226,2.001374719829177,1
Lagos,2009-03-01,30.612,0.331,Nigeria,28.338,0.464,5.63N,3.23E,Spring,2000+,2009,26.578698431144726,0.8791503828306382,2.001138375428759,1
Jakarta,1997-03-01,26.583,0.213,Indonesia,27.804,0.238,5.63S,106.55E,Spring,1950-1999,1997,26.50820968600322,0.6476391669901195,2.000790532819254,1
Rangoon,1916-12-01,18.126,0.581,Burma,23.04,0.606,16.87N,95.44E,Winter,1900-1949,1916,26.7657128227961,1.8628121863915033,-2.0000474819811362,1
Ho Chi Minh City,1916-12-01,19.041,0.408,Vietnam,24.809,0.464,10.45N,107.18E,Winter,1900-1949,1916,27.193983566940545,1.1924610325051177,-2.000051575631096,1
Ankara,1880-01-01,-3.6830000000000007,1.3219999999999998,Turkey,-5.824,1.355,39.38N,33.29E,Winter,1850-1899,1880,10.405232558139542,8.114406342464495,-2.000051744168684,1
Surat,1834-01-01,15.609000000000002,1.725,India,18.678,1.949,21.70N,73.56E,Winter,1800-1849,1834,26.33085645933014,3.8260724084002984,-2.000185998186542,1
Manila,1853-01-01,24.219,1.072,Philippines,23.855,1.463,15.27N,120.83E,Winter,1850-1899,1853,26.48771164021164,1.316208504306938,-2.0002238487267014,1
Cape Town,1858-07-01,9.325,2.13,South Africa,10.091,2.81,32.95S,18.19E,Summer,1850-1899,1858,16.0790795515216,2.9936474912545528,-2.000262077954998,1
Belo Horizonte,1945-06-01,22.683000000000003,0.454,Brazil,17.192,0.237,20.09S,44.36W,Summer,1900-1949,1945,21.071396469465675,1.9392794852659099,-2.0004318608742158,1
Ahmadabad,1905-01-01,15.754,0.591,India,18.006,0.632,23.31N,72.52E,Winter,1900-1949,1905,26.52985294117648,4.2609333299501255,-2.0004661610784344,1
Madras,1820-01-01,14.902,4.208,India,22.676,4.651,13.66N,80.09E,Winter,1800-1849,1820,28.417858452950547,2.870018020479011,-2.0006349827699768,1
Ahmadabad,1893-01-01,15.642999999999999,0.5589999999999999,India,18.005,0.544,23.31N,72.52E,Winter,1850-1899,1893,26.52985294117648,4.2609333299501255,-2.0007008514437996,1
Mexico,1882-12-01,14.657,0.503,Mexico,11.145,0.698,20.09N,98.96W,Winter,1850-1899,1882,15.717422377622361,2.285341681739848,-2.000760942731916,1
Saint Petersburg,1941-01-01,-27.611,0.202,Russia,-13.667000000000002,0.835,60.27N,29.19E,Winter,1900-1949,1941,4.009562577962576,8.834361114671651,-2.000887483375142,1
Paris,1755-01-01,2.5010000000000003,5.662000000000001,France,-1.414,6.198,49.03N,2.45E,Winter,Pre-1800,1755,10.402644346178128,5.904354503273548,-2.001343980891837,1
Delhi,1838-01-01,14.552,2.209,India,11.627,2.396,28.13N,77.27E,Winter,1800-1849,1838,25.165860902255606,6.764657131722955,-2.001411252429177,1
New Delhi,1838-01-01,14.552,2.209,India,11.627,2.396,28.13N,77.27E,Winter,1800-1849,1838,25.165860902255606,6.764657131722955,-2.001411252429177,1
Jiddah,1990-02-01,17.205000000000002,0.47,Saudi Arabia,21.066999999999997,0.35700000000000004,21.70N,38.94E,Winter,1950-1999,1990,27.69206601731603,3.310181275854513,-2.0014209087705606,1
Jiddah,1911-02-01,15.318,0.59,Saudi Arabia,21.066999999999997,0.831,21.70N,38.94E,Winter,1900-1949,1911,27.69206601731603,3.310181275854513,-2.0014209087705606,1
Kinshasa,1955-07-01,22.719,0.149,Congo (Democratic Republic Of The),21.559,0.311,4.02S,15.27E,Summer,1950-1999,1955,23.87144177881803,1.155259797078266,-2.0016638548890557,1
Harare,1980-07-01,14.967,0.399,Zimbabwe,14.461,0.547,18.48S,30.42E,Summer,1950-1999,1980,20.207842011834323,2.8706748260071024,-2.001913264355252,1
Surabaya,1961-08-01,25.296999999999997,0.214,Indonesia,25.364,0.49,7.23S,112.70E,Summer,1950-1999,1961,26.809904204363992,0.7222059652253093,-2.0020662719296523,1
Brasília,1895-06-01,22.995,0.642,Brazil,19.137999999999998,1.162,15.27S,47.50W,Summer,1850-1899,1895,21.727594942748073,1.29338785325707,-2.0021797299447615,1
Umm Durman,1949-12-01,21.204,0.5489999999999999,Sudan,21.6,0.998,15.27N,32.50E,Winter,1900-1949,1949,29.099991258741223,3.745608496838044,-2.0023425472984004,1
Hyderabad,1815-12-01,15.372,1.904,India,20.224,2.233,16.87N,78.70E,Winter,1800-1849,1815,26.869334928229677,3.3184209293223277,-2.0025593707868627,1
Cali,1916-11-01,23.601,0.361,Colombia,20.366,0.517,4.02N,76.34W,Autumn,1900-1949,1916,21.797027204030183,0.7145867350297902,-2.0025941343153053,1
Toronto,1920-01-01,-25.261999999999997,0.927,Canada,-14.247,0.485,44.20N,80.50W,Winter,1900-1949,1920,5.830152555910538,10.025282517855246,-2.002652046977498,1
Calcutta,1818-01-01,16.076,3.074,India,17.578000000000007,3.4760000000000004,23.31N,88.25E,Winter,1800-1849,1818,26.046089712918633,4.228135310671929,-2.002795343740522,1
Dhaka,1816-12-01,17.299,1.325,Bangladesh,17.727,1.339,23.31N,90.00E,Winter,1800-1849,1816,25.49650177935943,3.8792347810678254,-2.0028439158355718,1
London,1956-02-01,1.035,0.219,United Kingdom,-0.8649999999999998,0.373,52.24N,0.00W,Winter,1950-1999,1956,9.459037902716338,5.154544624143942,-2.002900092155267,1
Dhaka,1851-01-01,17.259,0.855,Bangladesh,17.726000000000006,1.038,23.31N,90.00E,Winter,1850-1899,1851,25.49650177935943,3.8792347810678254,-2.003101698634611,1
Surat,1945-12-01,16.143,0.237,India,18.666,0.141,21.70N,73.56E,Winter,1900-1949,1945,26.33085645933014,3.8260724084002984,-2.003322373748503,1
Santiago,1916-06-01,3.389,0.35,Chile,-3.816,0.384,32.95S,69.89W,Summer,1900-1949,1916,5.692276842105253,4.74619054983303,-2.003349158082107,1
Kinshasa,1931-07-01,23.066,0.481,Congo (Democratic Republic Of The),21.557,0.636,4.02S,15.27E,Summer,1900-1949,1931,23.87144177881803,1.155259797078266,-2.003395067214682,1
Bangkok,1816-11-01,22.41,4.949,Thailand,23.736,5.0539999999999985,13.66N,99.91E,Autumn,1800-1849,1816,27.164733303650955,1.7112234411641587,-2.00367364142602,1
Brasília,1918-06-01,23.02,0.305,Brazil,19.136,0.511,15.27S,47.50W,Summer,1900-1949,1918,21.727594942748073,1.29338785325707,-2.0037260565125905,1
Sydney,1880-07-01,13.229,0.6729999999999999,Australia,12.635,0.924,34.56S,151.78E,Summer,1850-1899,1880,17.028288601036255,2.1925151132074188,-2.003766621525968,1
Montreal,1934-02-01,-21.188000000000002,0.544,Canada,-17.961,0.638,45.81N,72.69W,Winter,1900-1949,1934,4.503560702875399,11.208113709736942,-2.0043123477021405,1
Dhaka,1962-01-01,17.157,0.308,Bangladesh,17.721,0.404,23.31N,90.00E,Winter,1950-1999,1962,25.49650177935943,3.8792347810678254,-2.0043906126298165,1
Surat,1934-01-01,15.991,0.388,India,18.66,0.557,21.70N,73.56E,Winter,1900-1949,1934,26.33085645933014,3.8260724084002984,-2.004890561529484,1
Toronto,1904-02-01,-26.459,0.952,Canada,-14.27,0.591,44.20N,80.50W,Winter,1900-1949,1904,5.830152555910538,10.025282517855246,-2.004946246663047,1
Lagos,1887-10-01,25.426,1.3030000000000002,Nigeria,24.816,1.415,5.63N,3.23E,Autumn,1850-1899,1887,26.578698431144726,0.8791503828306382,-2.0050021766120283,1
Harare,1972-06-01,15.032,0.214,Zimbabwe,14.452,0.267,18.48S,30.42E,Summer,1950-1999,1972,20.207842011834323,2.8706748260071024,-2.0050484156856863,1
Belo Horizonte,1917-07-01,22.389,0.614,Brazil,17.183,1.399,20.09S,44.36W,Summer,1900-1949,1917,21.071396469465675,1.9392794852659099,-2.005072759758765,1
Belo Horizonte,1893-06-01,22.398000000000003,0.7959999999999999,Brazil,17.183,1.197,20.09S,44.36W,Summer,1850-1899,1893,21.071396469465675,1.9392794852659099,-2.005072759758765,1
Berlin,1829-01-01,-5.235,1.853,Germany,-5.634,1.812,52.24N,13.14E,Winter,1800-1849,1829,8.916233733417537,7.25593231206241,-2.005287964060653,1
Bombay,1886-01-01,16.46,0.691,India,23.405,0.722,18.48N,72.68E,Winter,1850-1899,1886,26.631452153110118,1.6088910655520077,-2.0053888185419977,1
Saint Petersburg,1845-02-01,-26.03,2.049,Russia,-13.707999999999998,3.649,60.27N,29.19E,Winter,1800-1849,1845,4.009562577962576,8.834361114671651,-2.0055284528202226,1
Istanbul,1880-01-01,-3.6830000000000007,1.3219999999999998,Turkey,0.25,1.0590000000000002,40.99N,29.82E,Winter,1850-1899,1880,13.532854474982388,6.6230230938728605,-2.0055576262856034,1
Belo Horizonte,1944-07-01,23.215999999999998,0.355,Brazil,17.182000000000002,0.439,20.09S,44.36W,Summer,1900-1949,1944,21.071396469465675,1.9392794852659099,-2.0055884151903807,1
Ahmadabad,1814-01-01,15.45,2.818,India,17.983999999999995,2.878,23.31N,72.52E,Winter,1800-1849,1814,26.52985294117648,4.2609333299501255,-2.005629349116456,1
Ahmadabad,1951-01-01,16.331,0.325,India,17.983,0.929,23.31N,72.52E,Winter,1950-1999,1951,26.52985294117648,4.2609333299501255,-2.0058640394818195,1
Kinshasa,1907-06-01,22.348000000000003,0.843,Congo (Democratic Republic Of The),21.554000000000002,1.585,4.02S,15.27E,Summer,1900-1949,1907,23.87144177881803,1.155259797078266,-2.005991885703115,1
São Paulo,1962-07-01,22.679000000000002,0.292,Brazil,14.66,0.7,23.31S,46.31W,Summer,1950-1999,1962,19.699367843511446,2.5120828714300134,-2.006051592017251,1
Belo Horizonte,1861-06-01,22.688,1.136,Brazil,17.180999999999997,1.709,20.09S,44.36W,Summer,1850-1899,1861,21.071396469465675,1.9392794852659099,-2.0061040706219995,1
Lagos,1896-09-01,25.468000000000004,1.0590000000000002,Nigeria,24.815,1.288,5.63N,3.23E,Autumn,1850-1899,1896,26.578698431144726,0.8791503828306382,-2.006139638438272,1
Dhaka,1871-01-01,17.227999999999998,1.4069999999999998,Bangladesh,17.712,1.477,23.31N,90.00E,Winter,1850-1899,1871,25.49650177935943,3.8792347810678254,-2.0067106578211837,1
Kano,1860-12-01,22.862,1.103,Nigeria,19.980999999999998,1.541,12.05N,8.22E,Winter,1850-1899,1860,26.14053689715283,3.0692316203702887,-2.006866101688902,1
Moscow,1876-12-01,-27.965000000000003,2.164,Russia,-16.462000000000003,1.906,55.45N,36.85E,Winter,1850-1899,1876,4.063435758835766,10.227504601600486,-2.006885995986135,1
London,1830-01-01,1.0490000000000002,3.23,United Kingdom,-0.8860000000000006,3.29,52.24N,0.00W,Winter,1800-1849,1830,9.459037902716338,5.154544624143942,-2.0069741668856778,1
Umm Durman,1993-01-01,21.481,0.583,Sudan,21.581999999999997,0.91,15.27N,32.50E,Winter,1950-1999,1993,29.099991258741223,3.745608496838044,-2.007148175012883,1
Bangkok,1845-01-01,21.963,2.849,Thailand,23.73,3.422,13.66N,99.91E,Winter,1800-1849,1845,27.164733303650955,1.7112234411641587,-2.0071799047553243,1
Kano,1929-12-01,23.353,0.563,Nigeria,19.98,0.87,12.05N,8.22E,Winter,1900-1949,1929,26.14053689715283,3.0692316203702887,-2.007191916134889,1
Kiev,1841-02-01,-10.575999999999999,1.82,Ukraine,-12.573,1.459,50.63N,31.69E,Winter,1800-1849,1841,7.041032849020818,9.770855476921923,-2.007401797657103,1
Ho Chi Minh City,1943-01-01,18.137,0.297,Vietnam,24.8,0.328,10.45N,107.18E,Winter,1900-1949,1943,27.193983566940545,1.1924610325051177,-2.0075989920704354,1
Luanda,1929-07-01,18.393,0.376,Angola,19.724,0.495,8.84S,13.78E,Summer,1900-1949,1929,23.693624999999972,1.9772898443441755,-2.0076090570912792,1
Dhaka,1954-01-01,17.271,0.336,Bangladesh,17.708000000000006,0.366,23.31N,90.00E,Winter,1950-1999,1954,25.49650177935943,3.8792347810678254,-2.007741789017345,1
Umm Durman,1986-12-01,21.226,0.292,Sudan,21.579,0.429,15.27N,32.50E,Winter,1950-1999,1986,29.099991258741223,3.745608496838044,-2.0079491129652953,1
Toronto,1885-02-01,-22.564,1.362,Canada,-14.302,0.518,44.20N,80.50W,Winter,1850-1899,1885,5.830152555910538,10.025282517855246,-2.0081381766603323,1
Dakar,1954-02-01,24.477,0.391,Senegal,18.768,0.424,15.27N,17.50W,Winter,1950-1999,1954,24.62752029914527,2.917712787040265,-2.008258086666982,1
Singapore,1872-12-01,25.031999999999996,1.751,Singapore,25.031999999999996,1.773,0.80N,103.66E,Winter,1850-1899,1872,26.523102826510698,0.7423962997429765,-2.0084998093699187,1
Singapore,1902-01-01,25.031999999999996,0.476,Singapore,25.031999999999996,0.545,0.80N,103.66E,Winter,1900-1949,1902,26.523102826510698,0.7423962997429765,-2.0084998093699187,1
Harare,1931-06-01,15.065,0.28600000000000003,Zimbabwe,14.441,0.21,18.48S,30.42E,Summer,1900-1949,1931,20.207842011834323,2.8706748260071024,-2.008880267311772,1
Kanpur,1819-01-01,14.385000000000002,2.081,India,11.907,2.209,26.52N,80.60E,Winter,1800-1849,1819,24.760040783034302,6.398051739360631,-2.0088991628440205,1
Lakhnau,1819-01-01,14.385000000000002,2.081,India,11.907,2.209,26.52N,80.60E,Winter,1800-1849,1819,24.760040783034302,6.398051739360631,-2.0088991628440205,1
Ahmadabad,1834-01-01,15.609000000000002,1.725,India,17.97,1.967,23.31N,72.52E,Winter,1800-1849,1834,26.52985294117648,4.2609333299501255,-2.008915014231559,1
Mexico,1854-01-01,14.119000000000002,2.145,Mexico,11.126,2.234,20.09N,98.96W,Winter,1850-1899,1854,15.717422377622361,2.285341681739848,-2.009074798008706,1
Paris,1933-12-01,3.7260000000000013,0.716,France,-1.4610000000000003,0.81,49.03N,2.45E,Winter,1900-1949,1933,10.402644346178128,5.904354503273548,-2.0093042075303194,1
Addis Abeba,1876-12-01,20.114,1.075,Ethiopia,15.066999999999998,1.492,8.84N,38.11E,Winter,1850-1899,1876,17.525072662298964,1.2233385447027414,-2.009315142519483,1
Kinshasa,1882-08-01,22.805,0.789,Congo (Democratic Republic Of The),21.55,1.032,4.02S,15.27E,Summer,1850-1899,1882,23.87144177881803,1.155259797078266,-2.0094543103543647,1
Jaipur,1838-01-01,14.552,2.209,India,13.048,2.431,26.52N,75.22E,Winter,1800-1849,1838,25.393057940808653,6.1432018518077625,-2.0095478284139188,1
Ahmadabad,1905-02-01,16.043,0.499,India,17.965000000000003,0.812,23.31N,72.52E,Winter,1900-1949,1905,26.52985294117648,4.2609333299501255,-2.0100884660583804,1
Abidjan,1903-07-01,23.799,0.328,Côte D'Ivoire,23.342,0.517,5.63N,3.23W,Summer,1900-1949,1903,26.163737197523968,1.4037149934407556,-2.0101923899860816,1
Harare,1967-07-01,15.142000000000001,0.341,Zimbabwe,14.437000000000001,0.369,18.48S,30.42E,Summer,1950-1999,1967,20.207842011834323,2.8706748260071024,-2.0102736679030757,1
Harare,1882-07-01,15.014000000000001,1.365,Zimbabwe,14.434000000000001,1.382,18.48S,30.42E,Summer,1850-1899,1882,20.207842011834323,2.8706748260071024,-2.011318718346554,1
Umm Durman,1956-01-01,21.009,0.315,Sudan,21.566,0.455,15.27N,32.50E,Winter,1950-1999,1956,29.099991258741223,3.745608496838044,-2.0114198440924205,1
Luanda,1930-07-01,18.165,0.4270000000000001,Angola,19.715999999999998,0.588,8.84S,13.78E,Summer,1900-1949,1930,23.693624999999972,1.9772898443441755,-2.0116549990774204,1
Karachi,1850-01-01,7.534,1.5530000000000002,Pakistan,16.493000000000002,1.618,24.92N,67.39E,Winter,1850-1899,1850,26.07719693978284,4.764104583671367,-2.011752003226797,1
Surabaya,1855-12-01,24.076999999999998,1.564,Indonesia,25.357,1.821,7.23S,112.70E,Winter,1850-1899,1855,26.809904204363992,0.7222059652253093,-2.0117587977976954,1
Bangalore,1796-12-01,15.485,3.734,India,21.1,4.752,12.05N,77.26E,Winter,Pre-1800,1796,24.85589593301432,1.86683919647516,-2.011901153621559,1
Surat,1814-01-01,15.45,2.818,India,18.633000000000006,2.947,21.70N,73.56E,Winter,1800-1849,1814,26.33085645933014,3.8260724084002984,-2.0119474065438947,1
Kinshasa,1903-07-01,23.081,0.462,Congo (Democratic Republic Of The),21.546999999999997,0.713,4.02S,15.27E,Summer,1900-1949,1903,23.87144177881803,1.155259797078266,-2.0120511288428045,1
Dhaka,1844-01-01,17.23,0.954,Bangladesh,17.691000000000006,1.03,23.31N,90.00E,Winter,1800-1849,1844,25.49650177935943,3.8792347810678254,-2.0121240966010383,1
Jakarta,1884-12-01,24.918000000000006,0.833,Indonesia,25.205,0.826,5.63S,106.55E,Winter,1850-1899,1884,26.50820968600322,0.6476391669901195,-2.0122465601638067,1
Mexico,1940-01-01,14.335,0.309,Mexico,11.118,0.303,20.09N,98.96W,Winter,1900-1949,1940,15.717422377622361,2.285341681739848,-2.0125753686515644,1
Guangzhou,1945-02-01,-8.142000000000001,0.433,China,10.006,1.927,23.31N,112.72E,Winter,1900-1949,1945,21.608684261036466,5.76498405864825,-2.012613416273178,1
Ho Chi Minh City,1939-12-01,18.192,0.361,Vietnam,24.794,0.467,10.45N,107.18E,Winter,1900-1949,1939,27.193983566940545,1.1924610325051177,-2.0126306030299945,1
Brasília,1863-07-01,22.836,1.039,Brazil,19.124000000000002,1.464,15.27S,47.50W,Summer,1850-1899,1863,21.727594942748073,1.29338785325707,-2.0130040159195683,1
Paris,1848-01-01,3.052,1.581,France,-1.483,1.575,49.03N,2.45E,Winter,1800-1849,1848,10.402644346178128,5.904354503273548,-2.013030271063226,1
Surat,1817-12-01,15.572,2.697,India,18.628,2.7710000000000004,21.70N,73.56E,Winter,1800-1849,1817,26.33085645933014,3.8260724084002984,-2.0132542296947133,1
Umm Durman,1962-01-01,20.981,0.227,Sudan,21.559,0.639,15.27N,32.50E,Winter,1950-1999,1962,29.099991258741223,3.745608496838044,-2.0132886993147183,1
Calcutta,1868-01-01,16.346,1.223,India,17.533,1.883,23.31N,88.25E,Winter,1850-1899,1868,26.046089712918633,4.228135310671929,-2.013438333307678,1
Ho Chi Minh City,1907-12-01,18.413,0.556,Vietnam,24.793000000000003,0.941,10.45N,107.18E,Winter,1900-1949,1907,27.193983566940545,1.1924610325051177,-2.0134692048565856,1
Calcutta,1961-12-01,16.023,0.217,India,17.532,0.133,23.31N,88.25E,Winter,1950-1999,1961,26.046089712918633,4.228135310671929,-2.0136748441869488,1
Surat,1962-01-01,15.838,0.206,India,18.625,0.307,21.70N,73.56E,Winter,1950-1999,1962,26.33085645933014,3.8260724084002984,-2.0140383235852033,1
Karachi,1909-01-01,7.438,0.5,Pakistan,16.482,0.387,24.92N,67.39E,Winter,1900-1949,1909,26.07719693978284,4.764104583671367,-2.0140609365860067,1
Rio De Janeiro,1910-10-01,24.880000000000006,0.455,Brazil,20.057000000000002,1.015,23.31S,42.82W,Autumn,1900-1949,1910,23.788915553435086,1.8528177099687193,-2.0141838742992633,1
Ho Chi Minh City,1869-01-01,18.482,1.332,Vietnam,24.792,1.395,10.45N,107.18E,Winter,1850-1899,1869,27.193983566940545,1.1924610325051177,-2.01430780668318,1
Ho Chi Minh City,1861-01-01,18.639,1.6980000000000002,Vietnam,24.792,1.857,10.45N,107.18E,Winter,1850-1899,1861,27.193983566940545,1.1924610325051177,-2.01430780668318,1
Mexico,1862-12-01,14.518,1.456,Mexico,11.114,1.714,20.09N,98.96W,Winter,1850-1899,1862,15.717422377622361,2.285341681739848,-2.0143256539729935,1
Mexico,1910-01-01,14.897,0.675,Mexico,11.114,1.717,20.09N,98.96W,Winter,1900-1949,1910,15.717422377622361,2.285341681739848,-2.0143256539729935,1
Calcutta,1847-12-01,15.558000000000002,1.132,India,17.529,0.845,23.31N,88.25E,Winter,1800-1849,1847,26.046089712918633,4.228135310671929,-2.014384376824759,1
Kanpur,1838-01-01,14.552,2.209,India,11.870999999999999,2.454,26.52N,80.60E,Winter,1800-1849,1838,24.760040783034302,6.398051739360631,-2.014525875703895,1
Lakhnau,1838-01-01,14.552,2.209,India,11.870999999999999,2.454,26.52N,80.60E,Winter,1800-1849,1838,24.760040783034302,6.398051739360631,-2.014525875703895,1
Manila,1872-01-01,24.094,1.663,Philippines,23.836,2.068,15.27N,120.83E,Winter,1850-1899,1872,26.48771164021164,1.316208504306938,-2.014659251581059,1
Paris,1963-02-01,3.767,0.25,France,-1.4929999999999994,0.249,49.03N,2.45E,Winter,1950-1999,1963,10.402644346178128,5.904354503273548,-2.014723936305456,1
Mogadishu,1882-07-01,26.288,1.102,Somalia,25.066999999999997,1.215,2.41N,45.80E,Summer,1850-1899,1882,27.151963668850545,1.0348068808055226,-2.0148335960305506,1
Calcutta,1888-01-01,15.716,1.105,India,17.527,1.134,23.31N,88.25E,Winter,1850-1899,1888,26.046089712918633,4.228135310671929,-2.014857398583299,1
Belo Horizonte,1934-07-01,23.088,0.175,Brazil,17.163999999999998,0.66,20.09S,44.36W,Summer,1900-1949,1934,21.071396469465675,1.9392794852659099,-2.0148702129594813,1
London,1823-01-01,0.573,1.739,United Kingdom,-0.927,1.818,52.24N,0.00W,Winter,1800-1849,1823,9.459037902716338,5.154544624143942,-2.0149283127879083,1
Berlin,1768-01-01,-5.1960000000000015,13.954,Germany,-5.705,13.970999999999998,52.24N,13.14E,Winter,Pre-1800,1768,8.916233733417537,7.25593231206241,-2.015073060854068,1
Cali,1889-11-01,23.777,0.848,Colombia,20.357,1.205,4.02N,76.34W,Autumn,1850-1899,1889,21.797027204030183,0.7145867350297902,-2.0151888265462286,1
Luanda,1920-08-01,20.028,0.6609999999999999,Angola,19.709000000000003,0.72,8.84S,13.78E,Summer,1900-1949,1920,23.693624999999972,1.9772898443441755,-2.01519519831529,1
Dhaka,1906-01-01,17.238,0.581,Bangladesh,17.679000000000006,0.5579999999999999,23.31N,90.00E,Winter,1900-1949,1906,25.49650177935943,3.8792347810678254,-2.015217490189528,1
Singapore,1869-11-01,25.027,0.585,Singapore,25.027,0.635,0.80N,103.66E,Autumn,1850-1899,1869,26.523102826510698,0.7423962997429765,-2.015234756731222,1
Singapore,1874-11-01,25.027,0.85,Singapore,25.027,0.893,0.80N,103.66E,Autumn,1850-1899,1874,26.523102826510698,0.7423962997429765,-2.015234756731222,1
Lagos,1894-10-01,25.723000000000003,0.672,Nigeria,24.807,0.463,5.63N,3.23E,Autumn,1850-1899,1894,26.578698431144726,0.8791503828306382,-2.0152393330482488,1
Jakarta,1918-01-01,24.612,0.401,Indonesia,25.203000000000007,0.311,5.63S,106.55E,Winter,1900-1949,1918,26.50820968600322,0.6476391669901195,-2.0153346995196872,1
Harare,1926-07-01,14.776,0.382,Zimbabwe,14.421,0.434,18.48S,30.42E,Summer,1900-1949,1926,20.207842011834323,2.8706748260071024,-2.0158472702682926,1
Harare,1930-07-01,15.001,0.365,Zimbabwe,14.42,0.374,18.48S,30.42E,Summer,1900-1949,1930,20.207842011834323,2.8706748260071024,-2.0161956204161187,1
Surat,1815-12-01,15.372,1.904,India,18.616,2.066,21.70N,73.56E,Winter,1800-1849,1815,26.33085645933014,3.8260724084002984,-2.0163906052566745,1
Bombay,1849-01-01,16.002000000000002,0.947,India,23.386999999999997,1.588,18.48N,72.68E,Winter,1800-1849,1849,26.631452153110118,1.6088910655520077,-2.016576648709871,1
Calcutta,1834-01-01,15.609000000000002,1.725,India,17.519000000000002,1.962,23.31N,88.25E,Winter,1800-1849,1834,26.046089712918633,4.228135310671929,-2.0167494856174595,1
Brasília,1857-06-01,22.66,0.825,Brazil,19.119,1.229,15.27S,47.50W,Summer,1850-1899,1857,21.727594942748073,1.29338785325707,-2.016869832339145,1
Taipei,1862-01-01,13.466,1.6769999999999998,Taiwan,13.820999999999998,2.005,24.92N,122.36E,Winter,1850-1899,1862,22.20984637681165,4.158411379148874,-2.0173199839907725,1
Mexico,1887-01-01,13.743,1.277,Mexico,11.107000000000001,2.027,20.09N,98.96W,Winter,1850-1899,1887,15.717422377622361,2.285341681739848,-2.017388653285495,1
Berlin,1870-02-01,-4.4689999999999985,1.509,Germany,-5.723,1.5490000000000002,52.24N,13.14E,Winter,1850-1899,1870,8.916233733417537,7.25593231206241,-2.017553789618596,1
Brasília,1929-07-01,23.046999999999997,0.274,Brazil,19.118,0.718,15.27S,47.50W,Summer,1900-1949,1929,21.727594942748073,1.29338785325707,-2.017642995623061,1
Manila,1929-01-01,24.343000000000004,0.386,Philippines,23.831999999999997,0.43,15.27N,120.83E,Winter,1900-1949,1929,26.48771164021164,1.316208504306938,-2.0176982837609243,1
Berlin,1969-12-01,-4.9049999999999985,0.294,Germany,-5.728,0.378,52.24N,13.14E,Winter,1950-1999,1969,8.916233733417537,7.25593231206241,-2.018242880942076,1
Addis Abeba,1883-07-01,21.35,2.276,Ethiopia,15.056,2.372,8.84N,38.11E,Summer,1850-1899,1883,17.525072662298964,1.2233385447027414,-2.018306929827772,1
Sydney,1929-07-01,12.571000000000002,0.19,Australia,12.603,0.228,34.56S,151.78E,Summer,1900-1949,1929,17.028288601036255,2.1925151132074188,-2.0183617318662512,1
Kano,1974-12-01,23.245,0.305,Nigeria,19.945,0.318,12.05N,8.22E,Winter,1950-1999,1974,26.14053689715283,3.0692316203702887,-2.0185954217444717,1
Calcutta,1828-01-01,16.118000000000002,2.725,India,17.51,2.665,23.31N,88.25E,Winter,1800-1849,1828,26.046089712918633,4.228135310671929,-2.0188780835308906,1
Bogotá,1828-09-01,22.918000000000006,0.951,Colombia,18.537,1.226,4.02N,74.73W,Autumn,1800-1849,1828,20.002264618434126,0.725749869395096,-2.0189664238664036,1
Berlin,1814-02-01,-5.392999999999999,2.066,Germany,-5.735,2.117,52.24N,13.14E,Winter,1800-1849,1814,8.916233733417537,7.25593231206241,-2.019207608794948,1
Mashhad,1920-12-01,1.4770000000000003,0.5660000000000001,Iran,-5.112,0.759,36.17N,59.67E,Winter,1900-1949,1920,12.593995752713525,8.768714588035229,-2.0192236359104534,1
Cali,1888-04-01,23.712,0.815,Colombia,20.354,1.052,4.02N,76.34W,Spring,1850-1899,1888,21.797027204030183,0.7145867350297902,-2.0193870572898693,1
Salvador,1918-08-01,23.668000000000003,0.393,Brazil,21.95,0.542,13.66S,38.81W,Summer,1900-1949,1918,24.65697137404586,1.3404275594524262,-2.0194835259517316,1
Ibadan,1895-08-01,24.711,0.7809999999999999,Nigeria,23.416999999999998,0.532,7.23N,4.05E,Summer,1850-1899,1895,26.37310517141197,1.4635332652808781,-2.019841462807232,1
Belo Horizonte,1989-07-01,23.064,0.388,Brazil,17.154,0.5379999999999999,20.09S,44.36W,Summer,1950-1999,1989,21.071396469465675,1.9392794852659099,-2.0200267672756462,1
Calcutta,1901-01-01,16.172,0.316,India,17.505000000000006,0.35200000000000004,23.31N,88.25E,Winter,1900-1949,1901,26.046089712918633,4.228135310671929,-2.0200606379272403,1
Dhaka,1883-01-01,17.240000000000002,0.459,Bangladesh,17.66,0.484,23.31N,90.00E,Winter,1850-1899,1883,25.49650177935943,3.8792347810678254,-2.020115363371304,1
Ahmadabad,1967-01-01,16.668000000000006,0.211,India,17.922,0.4920000000000001,23.31N,72.52E,Winter,1950-1999,1967,26.52985294117648,4.2609333299501255,-2.020180151769057,1
Ankara,1972-01-01,-3.2739999999999996,0.458,Turkey,-5.988,0.524,39.38N,33.29E,Winter,1950-1999,1972,10.405232558139542,8.114406342464495,-2.0202627113150724,1
Surat,1893-01-01,15.642999999999999,0.5589999999999999,India,18.601,0.589,21.70N,73.56E,Winter,1850-1899,1893,26.33085645933014,3.8260724084002984,-2.020311074709126,1
Calcutta,2010-01-01,17.109,0.326,India,17.503,0.436,23.31N,88.25E,Winter,2000+,2010,26.046089712918633,4.228135310671929,-2.020533659685782,1
Bangkok,2009-01-01,22.000999999999998,0.312,Thailand,23.706999999999997,0.564,13.66N,99.91E,Winter,2000+,2009,27.164733303650955,1.7112234411641587,-2.020620580850993,1
Kano,1907-12-01,23.241999999999997,0.644,Nigeria,19.938,0.7809999999999999,12.05N,8.22E,Winter,1900-1949,1907,26.14053689715283,3.0692316203702887,-2.0208761228663885,1
Lagos,1903-08-01,24.713,1.13,Nigeria,24.802000000000003,0.5329999999999999,5.63N,3.23E,Summer,1900-1949,1903,26.578698431144726,0.8791503828306382,-2.020926642179477,1
Salvador,1863-08-01,23.416,0.8340000000000001,Brazil,21.947,1.222,13.66S,38.81W,Summer,1850-1899,1863,24.65697137404586,1.3404275594524262,-2.021721617804473,1
Bogotá,1918-03-01,23.631,0.938,Colombia,18.535,1.039,4.02N,74.73W,Spring,1900-1949,1918,20.002264618434126,0.725749869395096,-2.0217221942555406,1
Umm Durman,1918-01-01,20.808000000000003,0.654,Sudan,21.527,0.653,15.27N,32.50E,Winter,1900-1949,1918,29.099991258741223,3.745608496838044,-2.0218320374737955,1
Belo Horizonte,1875-06-01,22.525,1.025,Brazil,17.15,1.372,20.09S,44.36W,Summer,1850-1899,1875,21.071396469465675,1.9392794852659099,-2.0220893890021134,1
Kano,1862-01-01,23.305999999999997,1.47,Nigeria,19.933,1.919,12.05N,8.22E,Winter,1850-1899,1862,26.14053689715283,3.0692316203702887,-2.0225051950963286,1
Dhaka,1978-01-01,17.059,0.361,Bangladesh,17.650000000000006,0.36,23.31N,90.00E,Winter,1950-1999,1978,25.49650177935943,3.8792347810678254,-2.0226931913617103,1
Ho Chi Minh City,1916-02-01,19.534000000000002,0.867,Vietnam,24.782,0.579,10.45N,107.18E,Winter,1900-1949,1916,27.193983566940545,1.1924610325051177,-2.0226938249491133,1
Nairobi,1891-07-01,22.082,0.81,Kenya,13.954,1.078,0.80S,36.16E,Summer,1850-1899,1891,16.08139511323004,1.051538853334252,-2.023125542612553,1
Lagos,1879-09-01,25.098000000000003,1.028,Nigeria,24.8,0.948,5.63N,3.23E,Autumn,1850-1899,1879,26.578698431144726,0.8791503828306382,-2.023201565831973,1
Dhaka,1883-12-01,17.329,0.653,Bangladesh,17.647000000000006,0.643,23.31N,90.00E,Winter,1850-1899,1883,25.49650177935943,3.8792347810678254,-2.0234665397588327,1
Luanda,1880-07-01,18.143,0.7,Angola,19.692,0.684,8.84S,13.78E,Summer,1850-1899,1880,23.693624999999972,1.9772898443441755,-2.0237928250358386,1
Calcutta,1807-01-01,15.975,2.125,India,17.489,2.275,23.31N,88.25E,Winter,1800-1849,1807,26.046089712918633,4.228135310671929,-2.023844811995563,1
Bombay,1807-02-01,18.799,2.83,India,23.375,3.032,18.48N,72.68E,Winter,1800-1849,1807,26.631452153110118,1.6088910655520077,-2.024035202155116,1
Sydney,1879-07-01,13.696000000000002,1.452,Australia,12.59,0.805,34.56S,151.78E,Summer,1850-1899,1879,17.028288601036255,2.1925151132074188,-2.024290995441991,1
London,1963-02-01,0.456,0.212,United Kingdom,-0.9760000000000004,0.194,52.24N,0.00W,Winter,1950-1999,1963,9.459037902716338,5.154544624143942,-2.0244344871588673,1
Rio De Janeiro,1893-09-01,24.145,0.629,Brazil,20.038,0.969,23.31S,42.82W,Autumn,1850-1899,1893,23.788915553435086,1.8528177099687193,-2.0244385258485096,1
Surat,1862-01-01,15.332,1.307,India,18.585,1.7,21.70N,73.56E,Winter,1850-1899,1862,26.33085645933014,3.8260724084002984,-2.02449290879174,1
Mogadishu,1927-07-01,26.549,0.71,Somalia,25.057,0.9,2.41N,45.80E,Summer,1900-1949,1927,27.151963668850545,1.0348068808055226,-2.0244972349041284,1
Dhaka,1847-12-01,17.238,0.8490000000000001,Bangladesh,17.643,0.85,23.31N,90.00E,Winter,1800-1849,1847,25.49650177935943,3.8792347810678254,-2.024497670954997,1
Calcutta,1835-12-01,15.693,1.475,India,17.486,1.19,23.31N,88.25E,Winter,1800-1849,1835,26.046089712918633,4.228135310671929,-2.0245543446333736,1
Harare,1904-07-01,15.018999999999998,0.743,Zimbabwe,14.396,0.672,18.48S,30.42E,Summer,1900-1949,1904,20.207842011834323,2.8706748260071024,-2.024556023963943,1
Salvador,1899-07-01,22.932,0.8420000000000001,Brazil,21.943,1.34,13.66S,38.81W,Summer,1850-1899,1899,24.65697137404586,1.3404275594524262,-2.0247057402747926,1
Bangkok,1846-12-01,22.156,1.5490000000000002,Thailand,23.7,1.951,13.66N,99.91E,Winter,1800-1849,1846,27.164733303650955,1.7112234411641587,-2.024711221401847,1
Dhaka,1884-01-01,17.174,0.413,Bangladesh,17.641000000000005,0.375,23.31N,90.00E,Winter,1850-1899,1884,25.49650177935943,3.8792347810678254,-2.025013236553077,1
Kinshasa,1968-07-01,22.746,0.348,Congo (Democratic Republic Of The),21.531999999999996,0.192,4.02S,15.27E,Summer,1950-1999,1968,23.87144177881803,1.155259797078266,-2.0250352212849863,1
Belo Horizonte,1843-06-01,22.427,1.086,Brazil,17.144000000000002,1.231,20.09S,44.36W,Summer,1800-1849,1843,21.071396469465675,1.9392794852659099,-2.025183321591811,1
Fortaleza,1906-05-01,24.229,0.627,Brazil,24.614,1.942,4.02S,40.98W,Spring,1900-1949,1906,27.008639541892673,1.1821881896846826,-2.0255992766527124,1
Dhaka,1869-01-01,17.177,1.652,Bangladesh,17.637999999999998,1.912,23.31N,90.00E,Winter,1850-1899,1869,25.49650177935943,3.8792347810678254,-2.0257865849502017,1
Abidjan,1875-08-01,23.365,1.229,Côte D'Ivoire,23.32,0.989,5.63N,3.23W,Summer,1850-1899,1875,26.163737197523968,1.4037149934407556,-2.0258650871523862,1
Harare,1912-07-01,15.04,0.413,Zimbabwe,14.392000000000001,0.495,18.48S,30.42E,Summer,1900-1949,1912,20.207842011834323,2.8706748260071024,-2.0259494245552467,1
Santo Domingo,1862-01-01,22.952,0.925,Dominican Republic,23.304,1.06,18.48N,69.30W,Winter,1850-1899,1862,25.976776619845918,1.3191865802064948,-2.026079297613492,1
Luanda,1943-08-01,19.838,0.29600000000000004,Angola,19.687,0.648,8.84S,13.78E,Summer,1900-1949,1943,23.693624999999972,1.9772898443441755,-2.026321538777175,1
Bangalore,1816-12-01,15.812999999999999,1.524,India,21.073,1.815,12.05N,77.26E,Winter,1800-1849,1816,24.85589593301432,1.86683919647516,-2.0263641025734453,1
Bombay,1871-01-01,16.165000000000006,1.294,India,23.371,1.5319999999999998,18.48N,72.68E,Winter,1850-1899,1871,26.631452153110118,1.6088910655520077,-2.026521386636866,1
Mexico,1901-12-01,14.59,0.388,Mexico,11.086,0.555,20.09N,98.96W,Winter,1900-1949,1901,15.717422377622361,2.285341681739848,-2.0265776512229996,1
Karachi,1817-12-01,7.657,2.35,Pakistan,16.422,2.421,24.92N,67.39E,Winter,1800-1849,1817,26.07719693978284,4.764104583671367,-2.026655118545329,1
Bangkok,1965-01-01,21.863000000000003,0.234,Thailand,23.696,0.307,13.66N,99.91E,Winter,1950-1999,1965,27.164733303650955,1.7112234411641587,-2.027048730288049,1
Istanbul,1929-02-01,-1.415,0.5660000000000001,Turkey,0.10599999999999987,0.7659999999999999,40.99N,29.82E,Winter,1900-1949,1929,13.532854474982388,6.6230230938728605,-2.0272999632756736,1
Rangoon,1917-01-01,17.632,0.6679999999999999,Burma,22.989,0.87,16.87N,95.44E,Winter,1900-1949,1917,26.7657128227961,1.8628121863915033,-2.0274254433089456,1
Madras,1847-12-01,15.558000000000002,1.132,India,22.599,1.499,13.66N,80.09E,Winter,1800-1849,1847,28.417858452950547,2.870018020479011,-2.0274640826050874,1
Chicago,1936-02-01,-6.002000000000001,0.222,United States,-6.916,0.648,42.59N,87.27W,Winter,1900-1949,1936,10.103165592264308,8.39423628181349,-2.027482312969571,1
Jakarta,1883-12-01,24.752,0.634,Indonesia,25.195,0.73,5.63S,106.55E,Winter,1850-1899,1883,26.50820968600322,0.6476391669901195,-2.027687256943269,1
Ho Chi Minh City,1858-12-01,18.961,1.212,Vietnam,24.776,1.308,10.45N,107.18E,Winter,1850-1899,1858,27.193983566940545,1.1924610325051177,-2.0277254359086725,1
Santo Domingo,1950-01-01,22.996,0.452,Dominican Republic,23.301,0.313,18.48N,69.30W,Winter,1950-1999,1950,25.976776619845918,1.3191865802064948,-2.028353426265961,1
Dhaka,1936-01-01,17.012999999999998,0.465,Bangladesh,17.628,0.527,23.31N,90.00E,Winter,1900-1949,1936,25.49650177935943,3.8792347810678254,-2.0283644129406087,1
Dhaka,1917-01-01,17.222,0.483,Bangladesh,17.627000000000006,0.438,23.31N,90.00E,Winter,1900-1949,1917,25.49650177935943,3.8792347810678254,-2.028622195739648,1
Mexico,1886-01-01,13.671,1.085,Mexico,11.079999999999998,0.772,20.09N,98.96W,Winter,1850-1899,1886,15.717422377622361,2.285341681739848,-2.0292030792051445,1
Kano,1951-12-01,23.449,0.456,Nigeria,19.912,0.414,12.05N,8.22E,Winter,1950-1999,1951,26.14053689715283,3.0692316203702887,-2.029347298462078,1
Singapore,1864-01-01,25.016,0.897,Singapore,25.016,1.356,0.80N,103.66E,Winter,1850-1899,1864,26.523102826510698,0.7423962997429765,-2.030051640926107,1
Ho Chi Minh City,1860-12-01,19.095,1.517,Vietnam,24.773000000000003,1.369,10.45N,107.18E,Winter,1850-1899,1860,27.193983566940545,1.1924610325051177,-2.0302412413884494,1
Bombay,1807-01-01,15.975,2.125,India,23.365,2.338,18.48N,72.68E,Winter,1800-1849,1807,26.631452153110118,1.6088910655520077,-2.0302506633594892,1
Harbin,1922-01-01,-9.853,0.488,China,-26.772,0.999,45.81N,125.77E,Winter,1900-1949,1922,3.661154475238528,14.989791383615328,-2.030258707169444,1
Moscow,1968-01-01,-26.045,0.212,Russia,-16.707,0.434,55.45N,36.85E,Winter,1950-1999,1968,4.063435758835766,10.227504601600486,-2.030841008429899,1
New York,1934-02-01,-0.685,0.387,United States,-9.147,0.342,40.99N,74.56W,Winter,1900-1949,1934,9.57474375503623,9.218291477372635,-2.0309342355892,1
Ho Chi Minh City,1925-02-01,18.099,0.386,Vietnam,24.772,0.396,10.45N,107.18E,Winter,1900-1949,1925,27.193983566940545,1.1924610325051177,-2.0310798432150463,1
Saint Petersburg,1838-02-01,-24.955,1.99,Russia,-13.934000000000001,1.259,60.27N,29.19E,Winter,1800-1849,1838,4.009562577962576,8.834361114671651,-2.0311103819565215,1
Surabaya,1891-07-01,24.803,0.475,Indonesia,25.343000000000004,0.748,7.23S,112.70E,Summer,1850-1899,1891,26.809904204363992,0.7222059652253093,-2.0311438495337724,1
Harare,1905-07-01,14.965,1.014,Zimbabwe,14.377,0.883,18.48S,30.42E,Summer,1900-1949,1905,20.207842011834323,2.8706748260071024,-2.031174676772637,1
Bombay,1854-02-01,18.469,1.314,India,23.363000000000003,1.4069999999999998,18.48N,72.68E,Winter,1850-1899,1854,26.631452153110118,1.6088910655520077,-2.031493755600361,1
São Paulo,1861-07-01,22.614,1.127,Brazil,14.595999999999998,2.376,23.31S,46.31W,Summer,1850-1899,1861,19.699367843511446,2.5120828714300134,-2.0315284585362163,1
Cape Town,1915-07-01,9.285,0.723,South Africa,9.997,0.754,32.95S,18.19E,Summer,1900-1949,1915,16.0790795515216,2.9936474912545528,-2.031661900504114,1
Paris,1826-01-01,3.1689999999999996,1.644,France,-1.5950000000000002,1.462,49.03N,2.45E,Winter,1800-1849,1826,10.402644346178128,5.904354503273548,-2.0319993217762047,1
Rangoon,1958-12-01,18.486,0.32299999999999995,Burma,22.98,0.608,16.87N,95.44E,Winter,1950-1999,1958,26.7657128227961,1.8628121863915033,-2.0322568482491477,1
Bangkok,1856-12-01,21.921,1.393,Thailand,23.687,1.631,13.66N,99.91E,Winter,1850-1899,1856,27.164733303650955,1.7112234411641587,-2.0323081252820057,1
Fortaleza,1850-05-01,22.748,0.969,Brazil,24.605999999999998,1.426,4.02S,40.98W,Spring,1850-1899,1850,27.008639541892673,1.1821881896846826,-2.032366388750268,1
Berlin,1879-12-01,-5.943999999999999,0.871,Germany,-5.831,1.236,52.24N,13.14E,Winter,1850-1899,1879,8.916233733417537,7.25593231206241,-2.032438162205763,1
New York,1857-01-01,-7.097,1.372,United States,-9.162,1.22,40.99N,74.56W,Winter,1850-1899,1857,9.57474375503623,9.218291477372635,-2.0325614351669983,1
Kano,1899-01-01,23.304,0.659,Nigeria,19.902,1.002,12.05N,8.22E,Winter,1850-1899,1899,26.14053689715283,3.0692316203702887,-2.032605442921958,1
Kinshasa,1960-07-01,22.691999999999997,0.236,Congo (Democratic Republic Of The),21.523000000000003,1.117,4.02S,15.27E,Summer,1950-1999,1960,23.87144177881803,1.155259797078266,-2.032825676750289,1
Salvador,1907-07-01,22.238000000000003,0.494,Brazil,21.932,1.037,13.66S,38.81W,Summer,1900-1949,1907,24.65697137404586,1.3404275594524262,-2.0329120770681786,1
Fortaleza,1917-02-01,24.154000000000003,0.655,Brazil,24.605,2.097,4.02S,40.98W,Winter,1900-1949,1917,27.008639541892673,1.1821881896846826,-2.0332122777624604,1
Cali,1898-03-01,23.5,1.132,Colombia,20.344,1.379,4.02N,76.34W,Spring,1850-1899,1898,21.797027204030183,0.7145867350297902,-2.0333811597686693,1
Saint Petersburg,1917-02-01,-24.19,0.993,Russia,-13.955,0.713,60.27N,29.19E,Winter,1900-1949,1917,4.009562577962576,8.834361114671651,-2.033487463867416,1
Berlin,1799-01-01,-5.999,3.064,Germany,-5.84,3.1180000000000003,52.24N,13.14E,Winter,Pre-1800,1799,8.916233733417537,7.25593231206241,-2.0336785265880266,1
Paris,1985-01-01,3.045,0.204,France,-1.6060000000000003,0.324,49.03N,2.45E,Winter,1950-1999,1985,10.402644346178128,5.904354503273548,-2.033862353542658,1
Rangoon,1845-01-01,17.864,2.1180000000000003,Burma,22.976,2.56,16.87N,95.44E,Winter,1800-1849,1845,26.7657128227961,1.8628121863915033,-2.0344041393336822,1
Luanda,1941-07-01,18.755,0.609,Angola,19.671000000000006,0.569,8.84S,13.78E,Summer,1900-1949,1941,23.693624999999972,1.9772898443441755,-2.034413422749452,1
Paris,1942-01-01,3.5439999999999996,0.6509999999999999,France,-1.61,0.452,49.03N,2.45E,Winter,1900-1949,1942,10.402644346178128,5.904354503273548,-2.0345398196395497,1
Luanda,1982-07-01,18.398,0.621,Angola,19.67,0.914,8.84S,13.78E,Summer,1950-1999,1982,23.693624999999972,1.9772898443441755,-2.034919165497722,1
Rangoon,1850-01-01,17.78,1.482,Burma,22.975,1.493,16.87N,95.44E,Winter,1850-1899,1850,26.7657128227961,1.8628121863915033,-2.0349409621048147,1
Paris,1879-12-01,3.3260000000000005,1.103,France,-1.614,0.853,49.03N,2.45E,Winter,1850-1899,1879,10.402644346178128,5.904354503273548,-2.0352172857364423,1
Jiddah,1982-02-01,15.822,0.501,Saudi Arabia,20.955,0.253,21.70N,38.94E,Winter,1950-1999,1982,27.69206601731603,3.310181275854513,-2.0352559137646864,1
Kinshasa,1884-06-01,22.226,0.705,Congo (Democratic Republic Of The),21.52,0.866,4.02S,15.27E,Summer,1850-1899,1884,23.87144177881803,1.155259797078266,-2.0354224952387288,1
Jiddah,1983-01-01,13.877,0.39,Saudi Arabia,20.954,0.249,21.70N,38.94E,Winter,1950-1999,1983,27.69206601731603,3.310181275854513,-2.0355580120235617,1
Manila,1895-01-01,24.307,0.7879999999999999,Philippines,23.808000000000003,0.7959999999999999,15.27N,120.83E,Winter,1850-1899,1895,26.48771164021164,1.316208504306938,-2.0359324768401064,1
Brasília,1874-07-01,23.057,1.039,Brazil,19.094,1.5730000000000002,15.27S,47.50W,Summer,1850-1899,1874,21.727594942748073,1.29338785325707,-2.0361989144370187,1
Mexico,1872-12-01,14.493,1.534,Mexico,11.064,1.581,20.09N,98.96W,Winter,1850-1899,1872,15.717422377622361,2.285341681739848,-2.0362042204908612,1
Luanda,1888-08-01,19.933,0.947,Angola,19.667,1.045,8.84S,13.78E,Summer,1850-1899,1888,23.693624999999972,1.9772898443441755,-2.0364363937425245,1
Umm Durman,1989-02-01,21.252,0.56,Sudan,21.471999999999998,0.468,15.27N,32.50E,Winter,1950-1999,1989,29.099991258741223,3.745608496838044,-2.03651589993471,1
Pune,1815-12-01,15.372,1.904,India,18.524,2.133,18.48N,74.37E,Winter,1800-1849,1815,24.644615231259973,3.0054054098543914,-2.036535640480034,1
Guangzhou,1977-01-01,-10.341,0.16399999999999998,China,9.868,0.14300000000000002,23.31N,112.72E,Winter,1950-1999,1977,21.608684261036466,5.76498405864825,-2.036551036671795,1
Bogotá,1906-12-01,23.64,0.486,Colombia,18.524,0.63,4.02N,74.73W,Winter,1900-1949,1906,20.002264618434126,0.725749869395096,-2.0368789313958002,1
Kiev,1850-01-01,-11.07,1.569,Ukraine,-12.865,1.686,50.63N,31.69E,Winter,1850-1899,1850,7.041032849020818,9.770855476921923,-2.0372865913366005,1
Santo Domingo,1859-02-01,22.753,0.7390000000000001,Dominican Republic,23.289,0.8370000000000001,18.48N,69.30W,Winter,1850-1899,1859,25.976776619845918,1.3191865802064948,-2.0374499408758338,1
Bangkok,1932-01-01,21.912,0.606,Thailand,23.678,0.5329999999999999,13.66N,99.91E,Winter,1900-1949,1932,27.164733303650955,1.7112234411641587,-2.0375675202759624,1
Bangkok,1925-12-01,22.11,0.453,Thailand,23.678,0.7120000000000001,13.66N,99.91E,Winter,1900-1949,1925,27.164733303650955,1.7112234411641587,-2.0375675202759624,1
Brasília,1975-07-01,22.693,0.292,Brazil,19.092,0.449,15.27S,47.50W,Summer,1950-1999,1975,21.727594942748073,1.29338785325707,-2.037745241004851,1
Harare,1881-06-01,14.878,1.94,Zimbabwe,14.357000000000001,1.93,18.48S,30.42E,Summer,1850-1899,1881,20.207842011834323,2.8706748260071024,-2.0381416797291574,1
Delhi,1813-01-01,14.479,2.782,India,11.378,2.742,28.13N,77.27E,Winter,1800-1849,1813,25.165860902255606,6.764657131722955,-2.0382202133493563,1
New Delhi,1813-01-01,14.479,2.782,India,11.378,2.742,28.13N,77.27E,Winter,1800-1849,1813,25.165860902255606,6.764657131722955,-2.0382202133493563,1
Bombay,1880-02-01,18.473,0.517,India,23.351999999999997,0.562,18.48N,72.68E,Winter,1850-1899,1880,26.631452153110118,1.6088910655520077,-2.038330762925175,1
Abidjan,1932-09-01,24.156,0.269,Côte D'Ivoire,23.302,0.609,5.63N,3.23W,Autumn,1900-1949,1932,26.163737197523968,1.4037149934407556,-2.0386882030157283,1
Kinshasa,1964-07-01,22.296999999999997,0.36,Congo (Democratic Republic Of The),21.516,0.662,4.02S,15.27E,Summer,1950-1999,1964,23.87144177881803,1.155259797078266,-2.0388849198899783,1
Belo Horizonte,1926-07-01,22.748,0.539,Brazil,17.116999999999994,0.8690000000000001,20.09S,44.36W,Summer,1900-1949,1926,21.071396469465675,1.9392794852659099,-2.0391060182454637,1
Moscow,1862-01-01,-28.831999999999997,2.394,Russia,-16.8,1.315,55.45N,36.85E,Winter,1850-1899,1862,4.063435758835766,10.227504601600486,-2.0399341356024303,1
Jiddah,1868-02-01,15.317,1.702,Saudi Arabia,20.939,2.02,21.70N,38.94E,Winter,1850-1899,1868,27.69206601731603,3.310181275854513,-2.040089485906704,1
Montreal,1994-01-01,-26.153000000000002,0.327,Canada,-18.363,0.368,45.81N,72.69W,Winter,1950-1999,1994,4.503560702875399,11.208113709736942,-2.0401792215054253,1
Lagos,1861-01-01,23.018,1.803,Nigeria,24.785,1.751,5.63N,3.23E,Winter,1850-1899,1861,26.578698431144726,0.8791503828306382,-2.0402634932256736,1
Ho Chi Minh City,1890-01-01,18.242,0.914,Vietnam,24.761,0.653,10.45N,107.18E,Winter,1850-1899,1890,27.193983566940545,1.1924610325051177,-2.040304463307571,1
Rangoon,1976-01-01,17.825,0.233,Burma,22.965,0.547,16.87N,95.44E,Winter,1950-1999,1976,26.7657128227961,1.8628121863915033,-2.040309189816151,1
Bangkok,1865-01-01,22.105999999999998,2.895,Thailand,23.673000000000002,3.692,13.66N,99.91E,Winter,1850-1899,1865,27.164733303650955,1.7112234411641587,-2.0404894063837156,1
São Paulo,1907-07-01,22.238000000000003,0.494,Brazil,14.573,0.7509999999999999,23.31S,46.31W,Summer,1900-1949,1907,19.699367843511446,2.5120828714300134,-2.0406842074414686,1
Umm Durman,1890-01-01,21.104,1.113,Sudan,21.456,1.456,15.27N,32.50E,Winter,1850-1899,1890,29.099991258741223,3.745608496838044,-2.040787569014248,1
Harare,1978-07-01,14.918,0.305,Zimbabwe,14.348,0.302,18.48S,30.42E,Summer,1950-1999,1978,20.207842011834323,2.8706748260071024,-2.0412768310595917,1
Calcutta,1893-01-01,15.642999999999999,0.5589999999999999,India,17.415000000000006,0.675,23.31N,88.25E,Winter,1850-1899,1893,26.046089712918633,4.228135310671929,-2.0413466170615497,1
Kano,1961-12-01,23.359,0.284,Nigeria,19.875,0.187,12.05N,8.22E,Winter,1950-1999,1961,26.14053689715283,3.0692316203702887,-2.041402432963636,1
Calcutta,1819-12-01,15.968000000000002,1.24,India,17.412000000000006,1.554,23.31N,88.25E,Winter,1800-1849,1819,26.046089712918633,4.228135310671929,-2.04205614969936,1
Bombay,1930-02-01,18.831,0.208,India,23.346,0.938,18.48N,72.68E,Winter,1900-1949,1930,26.631452153110118,1.6088910655520077,-2.042060039647796,1
Jiddah,1863-02-01,15.372,2.239,Saudi Arabia,20.930999999999997,2.6210000000000004,21.70N,38.94E,Winter,1850-1899,1863,27.69206601731603,3.310181275854513,-2.0425062719777136,1
Rangoon,1873-01-01,17.587,0.919,Burma,22.96,1.064,16.87N,95.44E,Winter,1850-1899,1873,26.7657128227961,1.8628121863915033,-2.042993303671818,1
Dhaka,1910-01-01,17.124000000000002,0.477,Bangladesh,17.570999999999998,0.414,23.31N,90.00E,Winter,1900-1949,1910,25.49650177935943,3.8792347810678254,-2.0430580324859338,1
Jiddah,1989-02-01,15.53,0.354,Saudi Arabia,20.928,0.315,21.70N,38.94E,Winter,1950-1999,1989,27.69206601731603,3.310181275854513,-2.043412566754341,1
Kanpur,1813-01-01,14.479,2.782,India,11.686,2.799,26.52N,80.60E,Winter,1800-1849,1813,24.760040783034302,6.398051739360631,-2.0434409279004697,1
Lakhnau,1813-01-01,14.479,2.782,India,11.686,2.799,26.52N,80.60E,Winter,1800-1849,1813,24.760040783034302,6.398051739360631,-2.0434409279004697,1
São Paulo,1890-06-01,22.164,0.632,Brazil,14.565,0.586,23.31S,46.31W,Summer,1850-1899,1890,19.699367843511446,2.5120828714300134,-2.0438688157563396,1
Bombay,1887-01-01,16.279,0.934,India,23.343000000000004,1.588,18.48N,72.68E,Winter,1850-1899,1887,26.631452153110118,1.6088910655520077,-2.043924678009106,1
Nairobi,1884-07-01,22.057,0.848,Kenya,13.932,1.132,0.80S,36.16E,Summer,1850-1899,1884,16.08139511323004,1.051538853334252,-2.044047261225462,1
Kinshasa,1878-07-01,23.055999999999997,0.8190000000000001,Congo (Democratic Republic Of The),21.51,1.475,4.02S,15.27E,Summer,1850-1899,1878,23.87144177881803,1.155259797078266,-2.044078556866848,1
Pune,1820-01-01,14.902,4.208,India,18.500999999999998,4.3610000000000015,18.48N,74.37E,Winter,1800-1849,1820,24.644615231259973,3.0054054098543914,-2.044188518166548,1
Bombay,1813-02-01,18.549,1.304,India,23.342,1.43,18.48N,72.68E,Winter,1800-1849,1813,26.631452153110118,1.6088910655520077,-2.044546224129546,1
Jiddah,1949-02-01,16.02,0.384,Saudi Arabia,20.924,0.609,21.70N,38.94E,Winter,1900-1949,1949,27.69206601731603,3.310181275854513,-2.044620959789846,1
Calcutta,1933-01-01,16.262,0.381,India,17.401000000000003,0.325,23.31N,88.25E,Winter,1900-1949,1933,26.046089712918633,4.228135310671929,-2.044657769371332,1
Jakarta,1871-01-01,24.464000000000002,0.97,Indonesia,25.184,1.012,5.63S,106.55E,Winter,1850-1899,1871,26.50820968600322,0.6476391669901195,-2.04467202340068,1
Berlin,1881-01-01,-5.621,0.552,Germany,-5.92,0.412,52.24N,13.14E,Winter,1850-1899,1881,8.916233733417537,7.25593231206241,-2.044703987763706,1
Santo Domingo,1858-01-01,22.881,1.6740000000000002,Dominican Republic,23.279,1.63,18.48N,69.30W,Winter,1850-1899,1858,25.976776619845918,1.3191865802064948,-2.0450303697173977,1
Madras,1813-12-01,15.815999999999999,1.602,India,22.548000000000002,1.898,13.66N,80.09E,Winter,1800-1849,1813,28.417858452950547,2.870018020479011,-2.0452340058724983,1
Berlin,1871-01-01,-5.582000000000001,1.3030000000000002,Germany,-5.924,1.266,52.24N,13.14E,Winter,1850-1899,1871,8.916233733417537,7.25593231206241,-2.04525526082249,1
Belo Horizonte,1836-06-01,22.469,1.081,Brazil,17.105,1.334,20.09S,44.36W,Summer,1800-1849,1836,21.071396469465675,1.9392794852659099,-2.045293883424859,1
Dhaka,1901-01-01,17.055999999999997,0.443,Bangladesh,17.562,0.412,23.31N,90.00E,Winter,1900-1949,1901,25.49650177935943,3.8792347810678254,-2.0453780776772996,1
Ankara,1950-01-01,-3.947,0.752,Turkey,-6.195,1.262,39.38N,33.29E,Winter,1950-1999,1950,10.405232558139542,8.114406342464495,-2.0457728954571612,1
Harare,1898-07-01,14.889000000000001,0.765,Zimbabwe,14.335,0.69,18.48S,30.42E,Summer,1850-1899,1898,20.207842011834323,2.8706748260071024,-2.04580538298133,1
Pune,1908-12-01,16.203000000000007,0.606,India,18.496,1.103,18.48N,74.37E,Winter,1900-1949,1908,24.644615231259973,3.0054054098543914,-2.045852187228833,1
Dhaka,1817-01-01,17.066000000000006,4.275,Bangladesh,17.560000000000002,4.431,23.31N,90.00E,Winter,1800-1849,1817,25.49650177935943,3.8792347810678254,-2.045893643275381,1
Luanda,1887-07-01,17.775000000000006,1.175,Angola,19.648000000000003,0.925,8.84S,13.78E,Summer,1850-1899,1887,23.693624999999972,1.9772898443441755,-2.046045505959606,1
Karachi,1967-01-01,7.596999999999999,0.203,Pakistan,16.329,0.246,24.92N,67.39E,Winter,1950-1999,1967,26.07719693978284,4.764104583671367,-2.0461761005822794,1
Luanda,1968-07-01,18.707,0.24,Angola,19.647,0.327,8.84S,13.78E,Summer,1950-1999,1968,23.693624999999972,1.9772898443441755,-2.0465512487078756,1
Sydney,1872-08-01,14.876,1.278,Australia,12.540999999999999,1.294,34.56S,151.78E,Summer,1850-1899,1872,17.028288601036255,2.1925151132074188,-2.0466397581505498,1
Dhaka,1989-01-01,17.389,0.419,Bangladesh,17.557000000000002,0.458,23.31N,90.00E,Winter,1950-1999,1989,25.49650177935943,3.8792347810678254,-2.0466669916725033,1
Rangoon,1817-01-01,17.702,3.675,Burma,22.953000000000003,3.899,16.87N,95.44E,Winter,1800-1849,1817,26.7657128227961,1.8628121863915033,-2.0467510630697516,1
Belo Horizonte,1912-07-01,22.339000000000002,0.564,Brazil,17.101999999999997,0.993,20.09S,44.36W,Summer,1900-1949,1912,21.071396469465675,1.9392794852659099,-2.046840849719711,1
Brasília,1920-07-01,22.606,0.6729999999999999,Brazil,19.08,0.906,15.27S,47.50W,Summer,1900-1949,1920,21.727594942748073,1.29338785325707,-2.047023200411831,1
Luanda,1879-08-01,19.754,1.006,Angola,19.646,1.187,8.84S,13.78E,Summer,1850-1899,1879,23.693624999999972,1.9772898443441755,-2.047056991456142,1
Luanda,1939-07-01,18.424,0.878,Angola,19.646,1.177,8.84S,13.78E,Summer,1900-1949,1939,23.693624999999972,1.9772898443441755,-2.047056991456142,1
Lagos,1878-08-01,24.886000000000006,1.584,Nigeria,24.779000000000003,1.894,5.63N,3.23E,Summer,1850-1899,1878,26.578698431144726,0.8791503828306382,-2.04708826418315,1
Ahmadabad,1888-01-01,15.716,1.105,India,17.805999999999997,1.214,23.31N,72.52E,Winter,1850-1899,1888,26.52985294117648,4.2609333299501255,-2.047404234151346,1
Umm Durman,1977-01-01,21.601999999999997,0.426,Sudan,21.431,0.703,15.27N,32.50E,Winter,1950-1999,1977,29.099991258741223,3.745608496838044,-2.047462051951027,1
Dhaka,1832-01-01,17.090999999999998,1.679,Bangladesh,17.553,1.963,23.31N,90.00E,Winter,1800-1849,1832,25.49650177935943,3.8792347810678254,-2.047698122868667,1
Santo Domingo,1866-03-01,22.671,0.759,Dominican Republic,23.275,0.828,18.48N,69.30W,Spring,1850-1899,1866,25.976776619845918,1.3191865802064948,-2.048062541254024,1
Belo Horizonte,1962-07-01,22.679000000000002,0.292,Brazil,17.099,0.327,20.09S,44.36W,Summer,1950-1999,1962,21.071396469465675,1.9392794852659099,-2.048387816014559,1
Kinshasa,1930-07-01,22.709,0.586,Congo (Democratic Republic Of The),21.505,0.8059999999999999,4.02S,15.27E,Summer,1900-1949,1930,23.87144177881803,1.155259797078266,-2.0484065876809106,1
Calcutta,1908-01-01,16.417,0.45,India,17.385,0.4370000000000001,23.31N,88.25E,Winter,1900-1949,1908,26.046089712918633,4.228135310671929,-2.048441943439654,1
Brasília,1899-07-01,22.932,0.8420000000000001,Brazil,19.078,1.016,15.27S,47.50W,Summer,1850-1899,1899,21.727594942748073,1.29338785325707,-2.04856952697966,1
Bangkok,1971-01-01,21.914,0.179,Thailand,23.659000000000002,0.305,13.66N,99.91E,Winter,1950-1999,1971,27.164733303650955,1.7112234411641587,-2.0486706874854255,1
Bangkok,1944-12-01,21.509,0.527,Thailand,23.658,0.6679999999999999,13.66N,99.91E,Winter,1900-1949,1944,27.164733303650955,1.7112234411641587,-2.049255064706977,1
Fortaleza,1911-03-01,24.230999999999998,0.428,Brazil,24.586,1.304,4.02S,40.98W,Spring,1900-1949,1911,27.008639541892673,1.1821881896846826,-2.0492841689941512,1
Jakarta,1893-01-01,24.273000000000003,0.778,Indonesia,25.180999999999997,1.057,5.63S,106.55E,Winter,1850-1899,1893,26.50820968600322,0.6476391669901195,-2.049304232434525,1
Belo Horizonte,1887-07-01,22.895,0.81,Brazil,17.096999999999998,1.044,20.09S,44.36W,Summer,1850-1899,1887,21.071396469465675,1.9392794852659099,-2.0494191268777935,1
Belo Horizonte,1981-07-01,22.819000000000003,0.444,Brazil,17.096999999999998,0.354,20.09S,44.36W,Summer,1950-1999,1981,21.071396469465675,1.9392794852659099,-2.0494191268777935,1
Bombay,1832-01-01,16.078,1.742,India,23.334,1.942,18.48N,72.68E,Winter,1800-1849,1832,26.631452153110118,1.6088910655520077,-2.0495185930930435,1
Durban,1968-06-01,8.834999999999997,0.251,South Africa,16.319000000000003,0.396,29.74S,31.38E,Summer,1950-1999,1968,20.35129204484785,1.9672889176472226,-2.0496694759355747,1
Dhaka,1888-01-01,17.201,1.364,Bangladesh,17.545,1.285,23.31N,90.00E,Winter,1850-1899,1888,25.49650177935943,3.8792347810678254,-2.049760385260993,1
Kano,2008-01-01,23.874,0.408,Nigeria,19.848,0.5479999999999999,12.05N,8.22E,Winter,2000+,2008,26.14053689715283,3.0692316203702887,-2.0501994230053144,1
Belo Horizonte,1953-07-01,22.596,0.224,Brazil,17.095,0.04,20.09S,44.36W,Summer,1950-1999,1953,21.071396469465675,1.9392794852659099,-2.0504504377410258,1
Bogotá,1825-10-01,23.436,1.304,Colombia,18.514000000000006,1.561,4.02N,74.73W,Autumn,1800-1849,1825,20.002264618434126,0.725749869395096,-2.050657783341484,1
Rio De Janeiro,1862-09-01,23.994,1.14,Brazil,19.989,1.693,23.31S,42.82W,Autumn,1850-1899,1862,23.788915553435086,1.8528177099687193,-2.0508847324755104,1
Kinshasa,1882-06-01,22.273000000000003,0.6779999999999999,Congo (Democratic Republic Of The),21.502,0.96,4.02S,15.27E,Summer,1850-1899,1882,23.87144177881803,1.155259797078266,-2.051003406169347,1
Paris,1763-01-01,3.2410000000000005,5.989,France,-1.7079999999999995,6.7620000000000005,49.03N,2.45E,Winter,Pre-1800,1763,10.402644346178128,5.904354503273548,-2.0511377390134062,1
Brasília,1882-06-01,22.518,0.77,Brazil,19.074,1.1740000000000002,15.27S,47.50W,Summer,1850-1899,1882,21.727594942748073,1.29338785325707,-2.0516621801153185,1
Hyderabad,1819-01-01,14.385000000000002,2.081,India,20.061,2.649,16.87N,78.70E,Winter,1800-1849,1819,26.869334928229677,3.3184209293223277,-2.0516791188452523,1
Paris,1942-02-01,3.810000000000001,0.508,France,-1.7129999999999992,0.797,49.03N,2.45E,Winter,1900-1949,1942,10.402644346178128,5.904354503273548,-2.051984571634521,1
Bogotá,1893-11-01,23.822,0.778,Colombia,18.513,0.959,4.02N,74.73W,Autumn,1850-1899,1893,20.002264618434126,0.725749869395096,-2.05203566853606,1
Mashhad,1972-01-01,2.539,0.262,Iran,-5.401,0.455,36.17N,59.67E,Winter,1950-1999,1972,12.593995752713525,8.768714588035229,-2.052181716265165,1
Salvador,1859-07-01,22.819000000000003,1.161,Brazil,21.906,1.651,13.66S,38.81W,Summer,1850-1899,1859,24.65697137404586,1.3404275594524262,-2.052308873125267,1
Rangoon,1844-01-01,17.805,1.179,Burma,22.941999999999997,1.503,16.87N,95.44E,Winter,1800-1849,1844,26.7657128227961,1.8628121863915033,-2.052656113552224,1
Fortaleza,1897-06-01,22.590999999999998,1.012,Brazil,24.581999999999997,2.6460000000000004,4.02S,40.98W,Summer,1850-1899,1897,27.008639541892673,1.1821881896846826,-2.0526677250429293,1
Fortaleza,1847-03-01,23.865,1.622,Brazil,24.581999999999997,1.96,4.02S,40.98W,Spring,1800-1849,1847,27.008639541892673,1.1821881896846826,-2.0526677250429293,1
Belo Horizonte,1897-06-01,22.590999999999998,1.012,Brazil,17.09,1.236,20.09S,44.36W,Summer,1850-1899,1897,21.071396469465675,1.9392794852659099,-2.053028714899108,1
Brasília,1964-07-01,22.883000000000003,0.23,Brazil,19.072,0.431,15.27S,47.50W,Summer,1950-1999,1964,21.727594942748073,1.29338785325707,-2.0532085066831502,1
Bombay,1938-02-01,18.346,0.272,India,23.328000000000003,0.608,18.48N,72.68E,Winter,1900-1949,1938,26.631452153110118,1.6088910655520077,-2.0532478698156647,1
Jaipur,1813-01-01,14.479,2.782,India,12.779000000000002,2.783,26.52N,75.22E,Winter,1800-1849,1813,25.393057940808653,6.1432018518077625,-2.0533360688932447,1
Moscow,1969-01-01,-29.789,0.155,Russia,-16.939,0.464,55.45N,36.85E,Winter,1950-1999,1969,4.063435758835766,10.227504601600486,-2.0535249385807295,1
Nairobi,1890-07-01,21.947,1.029,Kenya,13.922,1.149,0.80S,36.16E,Summer,1850-1899,1890,16.08139511323004,1.051538853334252,-2.0535571333222387,1
Calcutta,1796-12-01,15.485,3.734,India,17.363,3.612,23.31N,88.25E,Winter,Pre-1800,1796,26.046089712918633,4.228135310671929,-2.0536451827835966,1
Durban,1965-06-01,9.41,0.43,South Africa,16.31,0.622,29.74S,31.38E,Summer,1950-1999,1965,20.35129204484785,1.9672889176472226,-2.054244299653266,1
Singapore,1901-12-01,24.998,0.514,Singapore,24.998,0.561,0.80N,103.66E,Winter,1900-1949,1901,26.523102826510698,0.7423962997429765,-2.054297451426818,1
Cali,1933-11-01,24.191,0.338,Colombia,20.329,0.7609999999999999,4.02N,76.34W,Autumn,1900-1949,1933,21.797027204030183,0.7145867350297902,-2.0543723134868745,1
Madras,1815-12-01,15.372,1.904,India,22.521,2.359,13.66N,80.09E,Winter,1800-1849,1815,28.417858452950547,2.870018020479011,-2.054641612308187,1
Ahmadabad,1964-01-01,16.468,0.266,India,17.775,0.426,23.31N,72.52E,Winter,1950-1999,1964,26.52985294117648,4.2609333299501255,-2.054679635477647,1
Kiev,1954-01-01,-12.232,0.315,Ukraine,-13.036,0.519,50.63N,31.69E,Winter,1950-1999,1954,7.041032849020818,9.770855476921923,-2.0547876177721967,1
London,1763-01-01,0.524,5.707000000000002,United Kingdom,-1.1330000000000005,6.461,52.24N,0.00W,Winter,Pre-1800,1763,9.459037902716338,5.154544624143942,-2.0548930458576535,1
Bombay,1845-02-01,18.51,2.085,India,23.325,2.392,18.48N,72.68E,Winter,1800-1849,1845,26.631452153110118,1.6088910655520077,-2.055112508176979,1
Jiddah,1959-02-01,15.294,0.409,Saudi Arabia,20.889,0.764,21.70N,38.94E,Winter,1950-1999,1959,27.69206601731603,3.310181275854513,-2.05519439885051,1
Belo Horizonte,1874-07-01,23.057,1.039,Brazil,17.084999999999994,1.852,20.09S,44.36W,Summer,1850-1899,1874,21.071396469465675,1.9392794852659099,-2.0556069920571947,1
Singapore,1884-12-01,24.997,0.86,Singapore,24.997,0.8809999999999999,0.80N,103.66E,Winter,1850-1899,1884,26.523102826510698,0.7423962997429765,-2.0556444408990817,1
Moscow,1917-02-01,-24.19,0.993,Russia,-16.964000000000002,0.6759999999999999,55.45N,36.85E,Winter,1900-1949,1917,4.063435758835766,10.227504601600486,-2.0559693276056037,1
Belo Horizonte,1839-07-01,23.155,2.079,Brazil,17.084,3.3,20.09S,44.36W,Summer,1800-1849,1839,21.071396469465675,1.9392794852659099,-2.056122647488808,1
Paris,1776-01-01,3.335,6.2970000000000015,France,-1.7380000000000002,7.1320000000000014,49.03N,2.45E,Winter,Pre-1800,1776,10.402644346178128,5.904354503273548,-2.056218734740097,1
Ankara,1813-01-01,-4.523,2.838,Turkey,-6.2799999999999985,2.959,39.38N,33.29E,Winter,1800-1849,1813,10.405232558139542,8.114406342464495,-2.0562480918440085,1
Brasília,1964-06-01,22.976000000000006,0.336,Brazil,19.067999999999998,0.514,15.27S,47.50W,Summer,1950-1999,1964,21.727594942748073,1.29338785325707,-2.0563011598188115,1
Umm Durman,1887-01-01,20.75,1.61,Sudan,21.397,1.953,15.27N,32.50E,Winter,1850-1899,1887,29.099991258741223,3.745608496838044,-2.056539348745047,1
Istanbul,1813-01-01,-4.523,2.838,Turkey,-0.09000000000000075,3.089,40.99N,29.82E,Winter,1800-1849,1813,13.532854474982388,6.6230230938728605,-2.0568936997343803,1
Dhaka,2011-01-01,17.227,0.324,Bangladesh,17.516000000000002,0.388,23.31N,90.00E,Winter,2000+,2011,25.49650177935943,3.8792347810678254,-2.0572360864331753,1
Rome,1755-01-01,-0.8010000000000002,5.9670000000000005,Italy,-2.1189999999999998,5.956,42.59N,13.09E,Winter,Pre-1800,1755,11.965501895135823,6.84629114200544,-2.057245536743291,1
Paris,1767-01-01,2.41,6.982,France,-1.7449999999999997,7.984,49.03N,2.45E,Winter,Pre-1800,1767,10.402644346178128,5.904354503273548,-2.057404300409658,1
Madras,1883-12-01,15.32,0.748,India,22.511,0.863,13.66N,80.09E,Winter,1850-1899,1883,28.417858452950547,2.870018020479011,-2.058125910988072,1
Mogadishu,1912-08-01,26.616999999999997,0.772,Somalia,25.022,0.73,2.41N,45.80E,Summer,1900-1949,1912,27.151963668850545,1.0348068808055226,-2.0583199709616573,1
Singapore,1875-02-01,24.995,1.958,Singapore,24.995,1.985,0.80N,103.66E,Winter,1850-1899,1875,26.523102826510698,0.7423962997429765,-2.058338419843604,1
Jakarta,1882-10-01,25.195,0.578,Indonesia,25.175,0.418,5.63S,106.55E,Autumn,1850-1899,1882,26.50820968600322,0.6476391669901195,-2.0585686505021994,1
Surat,1935-01-01,15.888000000000002,0.238,India,18.453000000000007,0.355,21.70N,73.56E,Winter,1900-1949,1935,26.33085645933014,3.8260724084002984,-2.0589930399733096,1
Luanda,1955-08-01,19.832,0.431,Angola,19.622,0.398,8.84S,13.78E,Summer,1950-1999,1955,23.693624999999972,1.9772898443441755,-2.059194817414562,1
São Paulo,1904-06-01,22.471999999999998,0.8109999999999999,Brazil,14.526,0.967,23.31S,46.31W,Summer,1900-1949,1904,19.699367843511446,2.5120828714300134,-2.0593937812913334,1
Bombay,1903-02-01,18.644000000000002,0.532,India,23.318,0.578,18.48N,72.68E,Winter,1900-1949,1903,26.631452153110118,1.6088910655520077,-2.059463331020038,1
Lagos,1905-08-01,24.627,0.459,Nigeria,24.768,0.547,5.63N,3.23E,Summer,1900-1949,1905,26.578698431144726,0.8791503828306382,-2.0596003442718667,1
Singapore,1867-01-01,24.994,1.256,Singapore,24.994,1.368,0.80N,103.66E,Winter,1850-1899,1867,26.523102826510698,0.7423962997429765,-2.0596854093158674,1
Berlin,1755-01-01,-5.9700000000000015,6.107,Germany,-6.032000000000001,6.072,52.24N,13.14E,Winter,Pre-1800,1755,8.916233733417537,7.25593231206241,-2.060139633409657,1
Rangoon,1892-01-01,18.521,0.954,Burma,22.928,1.112,16.87N,95.44E,Winter,1850-1899,1892,26.7657128227961,1.8628121863915033,-2.0601716323480908,1
Ho Chi Minh City,1873-01-01,18.024,1.348,Vietnam,24.737,1.558,10.45N,107.18E,Winter,1850-1899,1873,27.193983566940545,1.1924610325051177,-2.0604309071458085,1
Pune,1879-12-01,15.948,0.97,India,18.452,1.232,18.48N,74.37E,Winter,1850-1899,1879,24.644615231259973,3.0054054098543914,-2.060492474976944,1
Santo Domingo,1923-01-01,22.865,0.735,Dominican Republic,23.258000000000003,0.8009999999999999,18.48N,69.30W,Winter,1900-1949,1923,25.976776619845918,1.3191865802064948,-2.0609492702846777,1
Calcutta,1815-12-01,15.372,1.904,India,17.332,1.985,23.31N,88.25E,Winter,1800-1849,1815,26.046089712918633,4.228135310671929,-2.0609770200409696,1
Bangkok,1835-11-01,22.316999999999997,1.39,Thailand,23.636999999999997,1.534,13.66N,99.91E,Autumn,1800-1849,1835,27.164733303650955,1.7112234411641587,-2.061526986359545,1
Santo Domingo,1888-01-01,22.897,1.13,Dominican Republic,23.256999999999998,1.211,18.48N,69.30W,Winter,1850-1899,1888,25.976776619845918,1.3191865802064948,-2.0617073131688377,1
Karachi,1925-01-01,7.0760000000000005,0.961,Pakistan,16.254,0.723,24.92N,67.39E,Winter,1900-1949,1925,26.07719693978284,4.764104583671367,-2.0619188280314322,1
Berlin,1861-01-01,-5.9350000000000005,1.134,Germany,-6.045,1.188,52.24N,13.14E,Winter,1850-1899,1861,8.916233733417537,7.25593231206241,-2.0619312708507045,1
Berlin,1812-12-01,-5.566,4.458,Germany,-6.047999999999999,4.785,52.24N,13.14E,Winter,1800-1849,1812,8.916233733417537,7.25593231206241,-2.0623447256447927,1
Manila,1880-01-01,23.985000000000007,1.101,Philippines,23.773000000000003,1.33,15.27N,120.83E,Winter,1850-1899,1880,26.48771164021164,1.316208504306938,-2.06252400841392,1
Bombay,1857-01-01,16.039,1.239,India,23.313,1.422,18.48N,72.68E,Winter,1850-1899,1857,26.631452153110118,1.6088910655520077,-2.062571061622226,1
Calcutta,1883-12-01,15.32,0.748,India,17.325000000000006,0.623,23.31N,88.25E,Winter,1850-1899,1883,26.046089712918633,4.228135310671929,-2.062632596195859,1
Belo Horizonte,1856-07-01,22.881999999999998,0.921,Brazil,17.070999999999998,1.833,20.09S,44.36W,Summer,1850-1899,1856,21.071396469465675,1.9392794852659099,-2.0628261680998246,1
Luanda,1919-07-01,18.479,0.701,Angola,19.614,0.5329999999999999,8.84S,13.78E,Summer,1900-1949,1919,23.693624999999972,1.9772898443441755,-2.0632407594007014,1
São Paulo,1897-07-01,22.197,0.8290000000000001,Brazil,14.515999999999998,0.787,23.31S,46.31W,Summer,1850-1899,1897,19.699367843511446,2.5120828714300134,-2.0633745416849223,1
Salvador,1835-08-01,22.891,0.973,Brazil,21.891,1.497,13.66S,38.81W,Summer,1800-1849,1835,24.65697137404586,1.3404275594524262,-2.0634993323889725,1
Dhaka,1878-01-01,16.87,1.4340000000000002,Bangladesh,17.491,1.412,23.31N,90.00E,Winter,1850-1899,1878,25.49650177935943,3.8792347810678254,-2.063680656409195,1
Rangoon,1887-01-01,17.345,0.7290000000000001,Burma,22.921,0.835,16.87N,95.44E,Winter,1850-1899,1887,26.7657128227961,1.8628121863915033,-2.0639293917460266,1
Jiddah,1920-02-01,15.187999999999999,0.831,Saudi Arabia,20.859,1.216,21.70N,38.94E,Winter,1900-1949,1920,27.69206601731603,3.310181275854513,-2.064257346616793,1
Belo Horizonte,1918-07-01,22.71,0.339,Brazil,17.067,0.821,20.09S,44.36W,Summer,1900-1949,1918,21.071396469465675,1.9392794852659099,-2.06488878982629,1
Guangzhou,1933-01-01,-10.678999999999998,0.698,China,9.704,1.12,23.31N,112.72E,Winter,1900-1949,1933,21.608684261036466,5.76498405864825,-2.0649986435223253,1
Abidjan,1879-07-01,23.456999999999997,2.006,Côte D'Ivoire,23.265,1.804,5.63N,3.23W,Summer,1850-1899,1879,26.163737197523968,1.4037149934407556,-2.065046830068151,1
Abidjan,1857-08-01,23.589000000000002,0.877,Côte D'Ivoire,23.264,1.274,5.63N,3.23W,Summer,1850-1899,1857,26.163737197523968,1.4037149934407556,-2.065759225393893,1
Saint Petersburg,1966-02-01,-27.705,0.219,Russia,-14.244000000000002,0.354,60.27N,29.19E,Winter,1950-1999,1966,4.009562577962576,8.834361114671651,-2.0662006387363996,1
Brasília,1839-07-01,23.155,2.079,Brazil,19.055,2.669,15.27S,47.50W,Summer,1800-1849,1839,21.727594942748073,1.29338785325707,-2.0663522825097047,1
Moscow,1838-01-01,-30.577,2.449,Russia,-17.072000000000006,3.537,55.45N,36.85E,Winter,1800-1849,1838,4.063435758835766,10.227504601600486,-2.0665290881930596,1
Rangoon,1883-01-01,17.724,0.474,Burma,22.916,0.52,16.87N,95.44E,Winter,1850-1899,1883,26.7657128227961,1.8628121863915033,-2.0666135056016937,1
Santo Domingo,1838-03-01,22.654,1.359,Dominican Republic,23.25,1.685,18.48N,69.30W,Spring,1800-1849,1838,25.976776619845918,1.3191865802064948,-2.06701361335793,1
Belo Horizonte,1988-07-01,22.924,0.277,Brazil,17.061999999999998,0.489,20.09S,44.36W,Summer,1950-1999,1988,21.071396469465675,1.9392794852659099,-2.067467066984374,1
Saint Petersburg,1855-02-01,-21.982,2.14,Russia,-14.257,1.649,60.27N,29.19E,Winter,1850-1899,1855,4.009562577962576,8.834361114671651,-2.06767216563362,1
Nairobi,1942-07-01,22.228,0.161,Kenya,13.907,0.261,0.80S,36.16E,Summer,1900-1949,1942,16.08139511323004,1.051538853334252,-2.0678219414674044,1
Kano,1944-01-01,23.599,0.436,Nigeria,19.793,0.42,12.05N,8.22E,Winter,1900-1949,1944,26.14053689715283,3.0692316203702887,-2.068119217534658,1
Santo Domingo,1871-01-01,22.774,1.176,Dominican Republic,23.248,1.217,18.48N,69.30W,Winter,1850-1899,1871,25.976776619845918,1.3191865802064948,-2.068529699126242,1
Bogotá,1897-11-01,23.741,0.828,Colombia,18.501,0.915,4.02N,74.73W,Autumn,1850-1899,1897,20.002264618434126,0.725749869395096,-2.0685702908708903,1
Manila,1935-01-01,24.511999999999997,0.535,Philippines,23.765,0.476,15.27N,120.83E,Winter,1900-1949,1935,26.48771164021164,1.316208504306938,-2.068602072773651,1
Moscow,1963-01-01,-23.855,0.174,Russia,-17.094,0.337,55.45N,36.85E,Winter,1950-1999,1963,4.063435758835766,10.227504601600486,-2.068680150534948,1
Ibadan,1890-06-01,25.438,1.516,Nigeria,23.345,1.796,7.23N,4.05E,Summer,1850-1899,1890,26.37310517141197,1.4635332652808781,-2.0690374747517786,1
Karachi,1899-01-01,7.476,0.537,Pakistan,16.220000000000002,0.555,24.92N,67.39E,Winter,1850-1899,1899,26.07719693978284,4.764104583671367,-2.0690555311417147,1
Moscow,1813-01-01,-30.351,4.698,Russia,-17.098,2.894,55.45N,36.85E,Winter,1800-1849,1813,4.063435758835766,10.227504601600486,-2.0690712527789277,1
Pune,1838-01-01,14.552,2.209,India,18.425,2.432,18.48N,74.37E,Winter,1800-1849,1838,24.644615231259973,3.0054054098543914,-2.0694762879132855,1
Luanda,1892-07-01,17.864,0.632,Angola,19.601000000000006,0.5489999999999999,8.84S,13.78E,Summer,1850-1899,1892,23.693624999999972,1.9772898443441755,-2.069815415128176,1
Dhaka,1835-12-01,17.019000000000002,1.163,Bangladesh,17.467,1.196,23.31N,90.00E,Winter,1800-1849,1835,25.49650177935943,3.8792347810678254,-2.0698674435861744,1
Karachi,1943-01-01,7.7189999999999985,0.355,Pakistan,16.215999999999998,0.696,24.92N,67.39E,Winter,1900-1949,1943,26.07719693978284,4.764104583671367,-2.0698951432723374,1
Bombay,1814-02-01,18.596,1.16,India,23.301,1.256,18.48N,72.68E,Winter,1800-1849,1814,26.631452153110118,1.6088910655520077,-2.0700296150674733,1
Manila,1883-12-01,24.295,0.983,Philippines,23.763,1.178,15.27N,120.83E,Winter,1850-1899,1883,26.48771164021164,1.316208504306938,-2.070121588863582,1
Dhaka,1864-01-01,16.979,1.252,Bangladesh,17.465999999999998,1.599,23.31N,90.00E,Winter,1850-1899,1864,25.49650177935943,3.8792347810678254,-2.0701252263852155,1
Dhaka,1873-01-01,16.982,0.953,Bangladesh,17.465,1.082,23.31N,90.00E,Winter,1850-1899,1873,25.49650177935943,3.8792347810678254,-2.0703830091842557,1
Bangkok,1860-12-01,21.867,1.206,Thailand,23.621,1.314,13.66N,99.91E,Winter,1850-1899,1860,27.164733303650955,1.7112234411641587,-2.0708770219043555,1
Rangoon,1818-01-01,17.558,2.823,Burma,22.906,3.004,16.87N,95.44E,Winter,1800-1849,1818,26.7657128227961,1.8628121863915033,-2.07198173331303,1
Mexico,1863-12-01,13.981,1.014,Mexico,10.981,1.376,20.09N,98.96W,Winter,1850-1899,1863,15.717422377622361,2.285341681739848,-2.072522640910521,1
Kano,1904-01-01,23.226000000000006,1.274,Nigeria,19.779,1.531,12.05N,8.22E,Winter,1900-1949,1904,26.14053689715283,3.0692316203702887,-2.072680619778491,1
Rangoon,1857-01-01,17.625999999999998,1.215,Burma,22.904,1.516,16.87N,95.44E,Winter,1850-1899,1857,26.7657128227961,1.8628121863915033,-2.073055378855296,1
Santo Domingo,1857-02-01,22.735,1.086,Dominican Republic,23.241999999999997,1.215,18.48N,69.30W,Winter,1850-1899,1857,25.976776619845918,1.3191865802064948,-2.0730779564311823,1
Salvador,1832-09-01,23.56,1.996,Brazil,21.878,2.355,13.66S,38.81W,Autumn,1800-1849,1832,24.65697137404586,1.3404275594524262,-2.0731977304175158,1
Paris,1929-02-01,3.858000000000001,0.598,France,-1.8389999999999995,0.86,49.03N,2.45E,Winter,1900-1949,1929,10.402644346178128,5.904354503273548,-2.0733247536866224,1
Ahmadabad,1945-01-01,15.918,0.271,India,17.695,0.42,23.31N,72.52E,Winter,1900-1949,1945,26.52985294117648,4.2609333299501255,-2.073454864706811,1
Belo Horizonte,1933-06-01,22.733,0.478,Brazil,17.049,0.6409999999999999,20.09S,44.36W,Summer,1900-1949,1933,21.071396469465675,1.9392794852659099,-2.074170587595389,1
Mexico,1864-01-01,13.879000000000001,1.332,Mexico,10.977,1.778,20.09N,98.96W,Winter,1850-1899,1864,15.717422377622361,2.285341681739848,-2.0742729262319504,1
Moscow,1850-01-01,-29.389,1.993,Russia,-17.154,1.804,55.45N,36.85E,Winter,1850-1899,1850,4.063435758835766,10.227504601600486,-2.074546684194645,1
Ahmadabad,1925-01-01,15.629,0.545,India,17.684,0.475,23.31N,72.52E,Winter,1900-1949,1925,26.52985294117648,4.2609333299501255,-2.0760364587258207,1
Pune,1813-01-01,14.479,2.782,India,18.405,3.268,18.48N,74.37E,Winter,1800-1849,1813,24.644615231259973,3.0054054098543914,-2.076130964162427,1
Dhaka,1819-12-01,17.039,1.551,Bangladesh,17.442,1.591,23.31N,90.00E,Winter,1800-1849,1819,25.49650177935943,3.8792347810678254,-2.0763120135621933,1
Jiddah,1957-02-01,15.949000000000002,0.813,Saudi Arabia,20.819000000000003,1.064,21.70N,38.94E,Winter,1950-1999,1957,27.69206601731603,3.310181275854513,-2.076341276971838,1
Ho Chi Minh City,1845-12-01,18.432,1.764,Vietnam,24.718000000000004,2.073,10.45N,107.18E,Winter,1800-1849,1845,27.193983566940545,1.1924610325051177,-2.076364341851075,1
Karachi,1900-01-01,7.055999999999999,0.626,Pakistan,16.185000000000002,0.715,24.92N,67.39E,Winter,1900-1949,1900,26.07719693978284,4.764104583671367,-2.076402137284653,1
Mexico,1956-01-01,15.092,0.192,Mexico,10.972000000000001,0.35,20.09N,98.96W,Winter,1950-1999,1956,15.717422377622361,2.285341681739848,-2.0764607828837365,1
Toronto,1875-02-01,-23.964000000000002,1.6369999999999998,Canada,-14.987,0.795,44.20N,80.50W,Winter,1850-1899,1875,5.830152555910538,10.025282517855246,-2.0764654281647164,1
Dhaka,1881-01-01,16.895,0.5529999999999999,Bangladesh,17.441000000000006,0.5,23.31N,90.00E,Winter,1850-1899,1881,25.49650177935943,3.8792347810678254,-2.0765697963612326,1
Manila,1872-02-01,23.825,1.311,Philippines,23.754,1.923,15.27N,120.83E,Winter,1850-1899,1872,26.48771164021164,1.316208504306938,-2.076959411268277,1
Addis Abeba,1908-12-01,20.314,0.8740000000000001,Ethiopia,14.983999999999998,1.236,8.84N,38.11E,Winter,1900-1949,1908,17.525072662298964,1.2233385447027414,-2.0771622649365797,1
Brasília,1955-07-01,22.531999999999996,0.258,Brazil,19.041,1.035,15.27S,47.50W,Summer,1950-1999,1955,21.727594942748073,1.29338785325707,-2.0771765684845143,1
Kano,1993-01-01,23.587000000000003,0.473,Nigeria,19.765,0.72,12.05N,8.22E,Winter,1950-1999,1993,26.14053689715283,3.0692316203702887,-2.0772420220223236,1
Rangoon,1870-01-01,17.840999999999998,0.975,Burma,22.896,1.0659999999999998,16.87N,95.44E,Winter,1850-1899,1870,26.7657128227961,1.8628121863915033,-2.077349961024364,1
Mexico,1893-01-01,14.116,0.912,Mexico,10.969000000000001,0.929,20.09N,98.96W,Winter,1850-1899,1893,15.717422377622361,2.285341681739848,-2.0777734968748085,1
Mexico,1905-12-01,13.646,0.862,Mexico,10.969000000000001,0.718,20.09N,98.96W,Winter,1900-1949,1905,15.717422377622361,2.285341681739848,-2.0777734968748085,1
Calcutta,1918-01-01,15.769000000000002,0.426,India,17.258000000000006,0.536,23.31N,88.25E,Winter,1900-1949,1918,26.046089712918633,4.228135310671929,-2.078478825106956,1
Singapore,1894-01-01,24.98,0.76,Singapore,24.98,0.7959999999999999,0.80N,103.66E,Winter,1850-1899,1894,26.523102826510698,0.7423962997429765,-2.0785432619275337,1
Kinshasa,1890-08-01,22.721,0.679,Congo (Democratic Republic Of The),21.47,0.659,4.02S,15.27E,Summer,1850-1899,1890,23.87144177881803,1.155259797078266,-2.078702803379334,1
Kano,1995-01-01,23.798,0.66,Nigeria,19.76,0.545,12.05N,8.22E,Winter,1950-1999,1995,26.14053689715283,3.0692316203702887,-2.0788710942522632,1
Rio De Janeiro,1889-09-01,24.316999999999997,0.802,Brazil,19.937,0.877,23.31S,42.82W,Autumn,1850-1899,1889,23.788915553435086,1.8528177099687193,-2.078950094610287,1
Surat,1925-01-01,15.629,0.545,India,18.375999999999998,0.522,21.70N,73.56E,Winter,1900-1949,1925,26.33085645933014,3.8260724084002984,-2.079118116495895,1
Dhaka,1815-01-01,16.977,1.936,Bangladesh,17.430999999999997,2.209,23.31N,90.00E,Winter,1800-1849,1815,25.49650177935943,3.8792347810678254,-2.0791476243516427,1
Manila,1893-02-01,23.948,0.6990000000000001,Philippines,23.751,0.747,15.27N,120.83E,Winter,1850-1899,1893,26.48771164021164,1.316208504306938,-2.0792386854031757,1
Brasília,1944-07-01,23.215999999999998,0.355,Brazil,19.038,0.473,15.27S,47.50W,Summer,1900-1949,1944,21.727594942748073,1.29338785325707,-2.079496058336259,1
Bogotá,1910-10-01,23.471999999999998,0.433,Colombia,18.493,0.5589999999999999,4.02N,74.73W,Autumn,1900-1949,1910,20.002264618434126,0.725749869395096,-2.079593372427447,1
Calcutta,1848-01-01,15.931,1.7,India,17.253,1.403,23.31N,88.25E,Winter,1800-1849,1848,26.046089712918633,4.228135310671929,-2.079661379503308,1
Belo Horizonte,1858-07-01,22.399,0.915,Brazil,17.037999999999997,1.275,20.09S,44.36W,Summer,1850-1899,1858,21.071396469465675,1.9392794852659099,-2.079842797343173,1
Chicago,1885-02-01,-4.119,0.672,United States,-7.356,0.753,42.59N,87.27W,Winter,1850-1899,1885,10.103165592264308,8.39423628181349,-2.0798992315823197,1
Jakarta,1917-12-01,24.646,0.56,Indonesia,25.160999999999998,0.504,5.63S,106.55E,Winter,1900-1949,1917,26.50820968600322,0.6476391669901195,-2.0801856259934555,1
Addis Abeba,1967-12-01,20.655,0.342,Ethiopia,14.98,0.465,8.84N,38.11E,Winter,1950-1999,1967,17.525072662298964,1.2233385447027414,-2.080432005775956,1
Manila,1882-12-01,24.404,1.372,Philippines,23.749,1.479,15.27N,120.83E,Winter,1850-1899,1882,26.48771164021164,1.316208504306938,-2.0807582014931096,1
Bangkok,1932-12-01,22.039,0.231,Thailand,23.604,0.334,13.66N,99.91E,Winter,1900-1949,1932,27.164733303650955,1.7112234411641587,-2.080811434670718,1
Dhaka,1908-01-01,17.061,0.494,Bangladesh,17.424,0.515,23.31N,90.00E,Winter,1900-1949,1908,25.49650177935943,3.8792347810678254,-2.0809521039449272,1
Belo Horizonte,1901-06-01,23.406999999999996,0.556,Brazil,17.035,1.03,20.09S,44.36W,Summer,1900-1949,1901,21.071396469465675,1.9392794852659099,-2.081389763638021,1
Ho Chi Minh City,1884-12-01,18.349,0.8859999999999999,Vietnam,24.712,0.95,10.45N,107.18E,Winter,1850-1899,1884,27.193983566940545,1.1924610325051177,-2.081395952810637,1
Rangoon,1939-12-01,18.256,0.375,Burma,22.888,0.8759999999999999,16.87N,95.44E,Winter,1900-1949,1939,26.7657128227961,1.8628121863915033,-2.081644543193432,1
Brasília,1933-06-01,22.733,0.478,Brazil,19.035,1.406,15.27S,47.50W,Summer,1900-1949,1933,21.727594942748073,1.29338785325707,-2.081815548188004,1
Bombay,1870-02-01,18.711,1.411,India,23.281999999999996,1.5019999999999998,18.48N,72.68E,Winter,1850-1899,1870,26.631452153110118,1.6088910655520077,-2.081838991355782,1
Karachi,1945-01-01,7.244999999999999,0.329,Pakistan,16.159000000000002,0.61,24.92N,67.39E,Winter,1900-1949,1945,26.07719693978284,4.764104583671367,-2.0818596161336926,1
Belo Horizonte,1985-06-01,23.035999999999998,0.297,Brazil,17.034000000000002,0.439,20.09S,44.36W,Summer,1950-1999,1985,21.071396469465675,1.9392794852659099,-2.081905419069636,1
Luanda,1954-08-01,19.926,0.218,Angola,19.577,0.404,8.84S,13.78E,Summer,1950-1999,1954,23.693624999999972,1.9772898443441755,-2.0819532410865977,1
Umm Durman,1875-01-01,20.862,1.518,Sudan,21.3,2.074,15.27N,32.50E,Winter,1850-1899,1875,29.099991258741223,3.745608496838044,-2.082436342539749,1
Kinshasa,1891-08-01,22.819000000000003,0.915,Congo (Democratic Republic Of The),21.465,1.383,4.02S,15.27E,Summer,1850-1899,1891,23.87144177881803,1.155259797078266,-2.083030834193394,1
Harare,1930-06-01,14.73,0.445,Zimbabwe,14.227,0.605,18.48S,30.42E,Summer,1900-1949,1930,20.207842011834323,2.8706748260071024,-2.0834271989465396,1
Mogadishu,1890-07-01,26.252,1.776,Somalia,24.996,1.76,2.41N,45.80E,Summer,1850-1899,1890,27.151963668850545,1.0348068808055226,-2.0834454320329643,1
Belo Horizonte,1911-06-01,22.706,0.496,Brazil,17.031,0.715,20.09S,44.36W,Summer,1900-1949,1911,21.071396469465675,1.9392794852659099,-2.083452385364488,1
Cali,1887-02-01,23.415,1.105,Colombia,20.308,1.266,4.02N,76.34W,Winter,1850-1899,1887,21.797027204030183,0.7145867350297902,-2.0837599286923614,1
Harare,1954-06-01,14.905,0.285,Zimbabwe,14.226,0.28800000000000003,18.48S,30.42E,Summer,1950-1999,1954,20.207842011834323,2.8706748260071024,-2.0837755490943657,1
Singapore,1840-10-01,24.976000000000006,1.121,Singapore,24.976000000000006,1.329,0.80N,103.66E,Autumn,1800-1849,1840,26.523102826510698,0.7423962997429765,-2.0839312198165736,1
Manila,1862-02-01,23.586,1.153,Philippines,23.744,1.551,15.27N,120.83E,Winter,1850-1899,1862,26.48771164021164,1.316208504306938,-2.0845569917179394,1
Ho Chi Minh City,1901-12-01,19.044,0.838,Vietnam,24.708000000000002,0.67,10.45N,107.18E,Winter,1900-1949,1901,27.193983566940545,1.1924610325051177,-2.0847503601170083,1
Jakarta,1872-02-01,24.569000000000006,1.041,Indonesia,25.158,1.368,5.63S,106.55E,Winter,1850-1899,1872,26.50820968600322,0.6476391669901195,-2.0848178350272897,1
Brasília,1939-07-01,22.923000000000002,0.271,Brazil,19.031,0.622,15.27S,47.50W,Summer,1900-1949,1939,21.727594942748073,1.29338785325707,-2.0849082013236653,1
Nairobi,1956-07-01,21.981,0.132,Kenya,13.888,0.215,0.80S,36.16E,Summer,1950-1999,1956,16.08139511323004,1.051538853334252,-2.08589069845128,1
Jiddah,1992-01-01,12.759,0.298,Saudi Arabia,20.787,0.263,21.70N,38.94E,Winter,1950-1999,1992,27.69206601731603,3.310181275854513,-2.086008421255875,1
Abidjan,1887-07-01,23.748,0.5489999999999999,Côte D'Ivoire,23.235,0.6679999999999999,5.63N,3.23W,Summer,1850-1899,1887,26.163737197523968,1.4037149934407556,-2.086418689840387,1
Ho Chi Minh City,1876-01-01,18.178,1.05,Vietnam,24.706,1.208,10.45N,107.18E,Winter,1850-1899,1876,27.193983566940545,1.1924610325051177,-2.086427563770197,1
Luanda,1887-08-01,19.55,0.6970000000000001,Angola,19.567999999999998,0.648,8.84S,13.78E,Summer,1850-1899,1887,23.693624999999972,1.9772898443441755,-2.086504925821007,1
Cali,1909-12-01,23.559,0.573,Colombia,20.306,0.82,4.02N,76.34W,Winter,1900-1949,1909,21.797027204030183,0.7145867350297902,-2.0865587491881206,1
Nagpur,1883-12-01,15.32,0.748,India,15.880999999999998,0.954,21.70N,78.75E,Winter,1850-1899,1883,25.655016347687376,4.684171109830494,-2.086605317891786,1
Calcutta,1937-01-01,16.143,0.21600000000000005,India,17.223000000000006,0.257,23.31N,88.25E,Winter,1900-1949,1937,26.046089712918633,4.228135310671929,-2.08675670588141,1
Dhaka,1836-01-01,16.953,1.14,Bangladesh,17.401,1.268,23.31N,90.00E,Winter,1800-1849,1836,25.49650177935943,3.8792347810678254,-2.0868811083228653,1
Brasília,1934-07-01,23.088,0.175,Brazil,19.028,0.518,15.27S,47.50W,Summer,1900-1949,1934,21.727594942748073,1.29338785325707,-2.08722769117541,1
Ho Chi Minh City,1853-02-01,18.921,1.436,Vietnam,24.705,1.388,10.45N,107.18E,Winter,1850-1899,1853,27.193983566940545,1.1924610325051177,-2.0872661655967906,1
Paris,1945-01-01,2.8060000000000005,0.515,France,-1.9230000000000005,0.28600000000000003,49.03N,2.45E,Winter,1900-1949,1945,10.402644346178128,5.904354503273548,-2.0875515417213566,1
Jakarta,1867-01-01,25.056,1.139,Indonesia,25.156,1.449,5.63S,106.55E,Winter,1850-1899,1867,26.50820968600322,0.6476391669901195,-2.0879059743831867,1
Calcutta,1874-01-01,16.268,1.287,India,17.215000000000003,2.342,23.31N,88.25E,Winter,1850-1899,1874,26.046089712918633,4.228135310671929,-2.0886487929155715,1
Bombay,1884-02-01,18.258,0.583,India,23.271,0.8640000000000001,18.48N,72.68E,Winter,1850-1899,1884,26.631452153110118,1.6088910655520077,-2.088675998680589,1
Mashhad,1934-01-01,1.7830000000000004,1.098,Iran,-5.735,2.404,36.17N,59.67E,Winter,1900-1949,1934,12.593995752713525,8.768714588035229,-2.090271677643967,1
Surat,1861-01-01,15.27,1.3630000000000002,India,18.333,1.784,21.70N,73.56E,Winter,1850-1899,1861,26.33085645933014,3.8260724084002984,-2.0903567955929216,1
Mexico,1847-12-01,14.034,1.7719999999999998,Mexico,10.94,2.096,20.09N,98.96W,Winter,1800-1849,1847,15.717422377622361,2.285341681739848,-2.090463065455172,1
Ho Chi Minh City,1871-01-01,18.626,1.759,Vietnam,24.701,1.586,10.45N,107.18E,Winter,1850-1899,1871,27.193983566940545,1.1924610325051177,-2.0906205729031617,1
Bombay,1883-12-01,15.32,0.748,India,23.267,1.308,18.48N,72.68E,Winter,1850-1899,1883,26.631452153110118,1.6088910655520077,-2.0911621831623393,1
Kano,1900-01-01,23.369000000000003,0.7390000000000001,Nigeria,19.722,1.251,12.05N,8.22E,Winter,1900-1949,1900,26.14053689715283,3.0692316203702887,-2.09125204319981,1
Los Angeles,1949-01-01,-5.2589999999999995,0.181,United States,4.463,0.617,34.56N,118.70W,Winter,1900-1949,1949,15.878038442083941,5.4580479427802295,-2.0914141029456275,1
Bombay,1935-01-01,15.888000000000002,0.238,India,23.266,0.52,18.48N,72.68E,Winter,1900-1949,1935,26.631452153110118,1.6088910655520077,-2.0917837292827772,1
Salvador,1886-08-01,23.316999999999997,0.784,Brazil,21.853,1.15,13.66S,38.81W,Summer,1850-1899,1886,24.65697137404586,1.3404275594524262,-2.091848495857023,1
São Paulo,1886-06-01,22.171,0.779,Brazil,14.444,1.4240000000000002,23.31S,46.31W,Summer,1850-1899,1886,19.699367843511446,2.5120828714300134,-2.092036016518757,1
Cali,1893-11-01,23.822,0.778,Colombia,20.302,1.056,4.02N,76.34W,Autumn,1850-1899,1893,21.797027204030183,0.7145867350297902,-2.0921563901796434,1
Rio De Janeiro,1924-10-01,24.516,0.237,Brazil,19.912,0.386,23.31S,42.82W,Autumn,1900-1949,1924,23.788915553435086,1.8528177099687193,-2.092443057175085,1
Nairobi,1920-07-01,21.804000000000002,0.841,Kenya,13.880999999999998,0.503,0.80S,36.16E,Summer,1900-1949,1920,16.08139511323004,1.051538853334252,-2.092547608919025,1
London,1788-12-01,0.023000000000000576,4.226,United Kingdom,-1.3279999999999994,5.17,52.24N,0.00W,Winter,Pre-1800,1788,9.459037902716338,5.154544624143942,-2.0927237397828966,1
Dhaka,1857-01-01,16.904,1.3219999999999998,Bangladesh,17.377000000000002,1.625,23.31N,90.00E,Winter,1850-1899,1857,25.49650177935943,3.8792347810678254,-2.093067895499843,1
Manila,1885-02-01,23.999000000000002,1.644,Philippines,23.732,2.325,15.27N,120.83E,Winter,1850-1899,1885,26.48771164021164,1.316208504306938,-2.0936740882575333,1
Bombay,1972-02-01,18.156,0.237,India,23.261999999999997,0.39,18.48N,72.68E,Winter,1950-1999,1972,26.631452153110118,1.6088910655520077,-2.094269913764527,1
Taipei,1968-02-01,13.203999999999995,0.236,Taiwan,13.5,0.308,24.92N,122.36E,Winter,1950-1999,1968,22.20984637681165,4.158411379148874,-2.0945129239701017,1
Dhaka,1918-01-01,17.043,0.614,Bangladesh,17.369,0.603,23.31N,90.00E,Winter,1900-1949,1918,25.49650177935943,3.8792347810678254,-2.09513015789217,1
Harare,1968-06-01,14.453,0.23,Zimbabwe,14.193,0.331,18.48S,30.42E,Summer,1950-1999,1968,20.207842011834323,2.8706748260071024,-2.0952711039726246,1
Ahmadabad,1899-01-01,15.345,0.622,India,17.602,0.7709999999999999,23.31N,72.52E,Winter,1850-1899,1899,26.52985294117648,4.2609333299501255,-2.0952810686857144,1
Belo Horizonte,1835-06-01,21.975,1.47,Brazil,17.008,1.8,20.09S,44.36W,Summer,1800-1849,1835,21.071396469465675,1.9392794852659099,-2.0953124602916695,1
Harare,1939-06-01,14.874,0.327,Zimbabwe,14.191,0.313,18.48S,30.42E,Summer,1900-1949,1939,20.207842011834323,2.8706748260071024,-2.0959678042682763,1
Bangalore,1820-01-01,14.902,4.208,India,20.943,4.533,12.05N,77.26E,Winter,1800-1849,1820,24.85589593301432,1.86683919647516,-2.096000523452896,1
Singapore,1863-12-01,24.967,0.974,Singapore,24.967,1.296,0.80N,103.66E,Winter,1850-1899,1863,26.523102826510698,0.7423962997429765,-2.096054125066941,1
Rangoon,1822-12-01,17.544,1.915,Burma,22.861,2.13,16.87N,95.44E,Winter,1800-1849,1822,26.7657128227961,1.8628121863915033,-2.0961387580140376,1
Harare,1927-06-01,14.767999999999999,0.276,Zimbabwe,14.19,0.276,18.48S,30.42E,Summer,1900-1949,1927,20.207842011834323,2.8706748260071024,-2.096316154416103,1
London,1986-02-01,0.202,0.198,United Kingdom,-1.3489999999999998,0.401,52.24N,0.00W,Winter,1950-1999,1986,9.459037902716338,5.154544624143942,-2.096797814513308,1
Mexico,1841-01-01,13.550999999999998,1.784,Mexico,10.925,2.172,20.09N,98.96W,Winter,1800-1849,1841,15.717422377622361,2.285341681739848,-2.097026635410532,1
Luanda,1898-07-01,17.877,0.877,Angola,19.546000000000006,1.179,8.84S,13.78E,Summer,1850-1899,1898,23.693624999999972,1.9772898443441755,-2.097631266282887,1
Harare,1911-06-01,14.725,0.998,Zimbabwe,14.186,1.045,18.48S,30.42E,Summer,1900-1949,1911,20.207842011834323,2.8706748260071024,-2.0977095550074067,1
Saint Petersburg,1966-01-01,-27.345,0.243,Russia,-14.528,0.527,60.27N,29.19E,Winter,1950-1999,1966,4.009562577962576,8.834361114671651,-2.098347841721836,1
Brasília,1893-06-01,22.398000000000003,0.7959999999999999,Brazil,19.012999999999998,1.169,15.27S,47.50W,Summer,1850-1899,1893,21.727594942748073,1.29338785325707,-2.0988251404341356,1
Dhaka,2010-01-01,17.404,0.285,Bangladesh,17.354000000000006,0.374,23.31N,90.00E,Winter,2000+,2010,25.49650177935943,3.8792347810678254,-2.09899689987778,1
Ho Chi Minh City,1892-01-01,18.612000000000002,0.6559999999999999,Vietnam,24.691,0.809,10.45N,107.18E,Winter,1850-1899,1892,27.193983566940545,1.1924610325051177,-2.099006591169095,1
Abidjan,1911-08-01,23.638,0.628,Côte D'Ivoire,23.217,0.948,5.63N,3.23W,Summer,1900-1949,1911,26.163737197523968,1.4037149934407556,-2.0992418057037288,1
Harare,1911-07-01,14.837,0.94,Zimbabwe,14.181,1.181,18.48S,30.42E,Summer,1900-1949,1911,20.207842011834323,2.8706748260071024,-2.099451305746537,1
Ahmadabad,1934-01-01,15.991,0.388,India,17.583,0.395,23.31N,72.52E,Winter,1900-1949,1934,26.52985294117648,4.2609333299501255,-2.0997401856276414,1
Manila,1873-01-01,24.125,0.945,Philippines,23.724,1.406,15.27N,120.83E,Winter,1850-1899,1873,26.48771164021164,1.316208504306938,-2.0997521526172616,1
Bombay,1934-01-01,15.991,0.388,India,23.253,0.463,18.48N,72.68E,Winter,1900-1949,1934,26.631452153110118,1.6088910655520077,-2.09986382884846,1
Bombay,1905-01-01,15.754,0.591,India,23.253,0.777,18.48N,72.68E,Winter,1900-1949,1905,26.631452153110118,1.6088910655520077,-2.09986382884846,1
Fortaleza,1849-05-01,22.768,0.87,Brazil,24.526,1.329,4.02S,40.98W,Spring,1800-1849,1849,27.008639541892673,1.1821881896846826,-2.100037509725801,1
Bangkok,1875-01-01,21.406999999999996,0.835,Thailand,23.571,0.979,13.66N,99.91E,Winter,1850-1899,1875,27.164733303650955,1.7112234411641587,-2.1000958829818908,1
Ho Chi Minh City,1976-01-01,18.297,0.23,Vietnam,24.689,0.282,10.45N,107.18E,Winter,1950-1999,1976,27.193983566940545,1.1924610325051177,-2.1006837948222805,1
Salvador,1897-07-01,22.197,0.8290000000000001,Brazil,21.840999999999998,1.557,13.66S,38.81W,Summer,1850-1899,1897,24.65697137404586,1.3404275594524262,-2.10080086326799,1
Umm Durman,1969-01-01,21.22,0.281,Sudan,21.23,0.335,15.27N,32.50E,Winter,1950-1999,1969,29.099991258741223,3.745608496838044,-2.10112489476273,1
Santo Domingo,1862-12-01,22.745,1.5619999999999998,Dominican Republic,23.205,1.771,18.48N,69.30W,Winter,1850-1899,1862,25.976776619845918,1.3191865802064948,-2.1011255431449642,1
Brasília,1951-07-01,23.203000000000003,0.474,Brazil,19.01,1.372,15.27S,47.50W,Summer,1950-1999,1951,21.727594942748073,1.29338785325707,-2.101144630285878,1
Dhaka,1815-12-01,16.908,1.859,Bangladesh,17.345,1.961,23.31N,90.00E,Winter,1800-1849,1815,25.49650177935943,3.8792347810678254,-2.101316945069149,1
Ho Chi Minh City,1898-01-01,18.206,0.752,Vietnam,24.688000000000002,0.6559999999999999,10.45N,107.18E,Winter,1850-1899,1898,27.193983566940545,1.1924610325051177,-2.1015223966488716,1
Lagos,1898-09-01,25.008000000000003,0.6629999999999999,Nigeria,24.731,0.588,5.63N,3.23E,Autumn,1850-1899,1898,26.578698431144726,0.8791503828306382,-2.1016864318429924,1
Kinshasa,1980-07-01,22.901,0.366,Congo (Democratic Republic Of The),21.443,0.18600000000000005,4.02S,15.27E,Summer,1950-1999,1980,23.87144177881803,1.155259797078266,-2.1020741697752587,1
Ho Chi Minh City,1888-02-01,18.468,2.2030000000000003,Vietnam,24.687,1.6840000000000002,10.45N,107.18E,Winter,1850-1899,1888,27.193983566940545,1.1924610325051177,-2.102360998475466,1
Dhaka,1796-12-01,16.883,3.4360000000000004,Bangladesh,17.34,3.535,23.31N,90.00E,Winter,Pre-1800,1796,25.49650177935943,3.8792347810678254,-2.1026058590643526,1
Bombay,1893-01-01,15.642999999999999,0.5589999999999999,India,23.247,0.463,18.48N,72.68E,Winter,1850-1899,1893,26.631452153110118,1.6088910655520077,-2.103593105571084,1
Surat,1899-01-01,15.345,0.622,India,18.282,0.755,21.70N,73.56E,Winter,1850-1899,1899,26.33085645933014,3.8260724084002984,-2.1036863917312556,1
Ho Chi Minh City,1857-01-01,18.238,1.361,Vietnam,24.685,1.626,10.45N,107.18E,Winter,1850-1899,1857,27.193983566940545,1.1924610325051177,-2.1040382021286543,1
Saint Petersburg,1838-01-01,-30.577,2.449,Russia,-14.58,3.472,60.27N,29.19E,Winter,1800-1849,1838,4.009562577962576,8.834361114671651,-2.104233949310719,1
Brasília,1962-07-01,22.679000000000002,0.292,Brazil,19.006,0.475,15.27S,47.50W,Summer,1950-1999,1962,21.727594942748073,1.29338785325707,-2.104237283421539,1
Berlin,1941-01-01,-5.664,0.208,Germany,-6.353,0.306,52.24N,13.14E,Winter,1900-1949,1941,8.916233733417537,7.25593231206241,-2.1043792963770693,1
Karachi,1878-01-01,7.5920000000000005,1.384,Pakistan,16.05,1.574,24.92N,67.39E,Winter,1850-1899,1878,26.07719693978284,4.764104583671367,-2.1047390466931293,1
Cali,1884-05-01,23.363000000000003,0.675,Colombia,20.293,0.8029999999999999,4.02N,76.34W,Spring,1850-1899,1884,21.797027204030183,0.7145867350297902,-2.1047510824105666,1
Chicago,1857-01-01,-7.097,1.372,United States,-7.568,1.271,42.59N,87.27W,Winter,1850-1899,1857,10.103165592264308,8.39423628181349,-2.105154656004826,1
Bogotá,1916-11-01,23.601,0.361,Colombia,18.474,0.529,4.02N,74.73W,Autumn,1900-1949,1916,20.002264618434126,0.725749869395096,-2.1057731911242588,1
Surabaya,1891-08-01,24.590999999999998,0.457,Indonesia,25.289,0.85,7.23S,112.70E,Summer,1850-1899,1891,26.809904204363992,0.7222059652253093,-2.10591476337295,1
Belo Horizonte,1858-06-01,22.480999999999998,1.11,Brazil,16.987000000000002,1.711,20.09S,44.36W,Summer,1850-1899,1858,21.071396469465675,1.9392794852659099,-2.106141224355617,1
Kinshasa,1950-07-01,22.799,0.325,Congo (Democratic Republic Of The),21.438000000000002,0.293,4.02S,15.27E,Summer,1950-1999,1950,23.87144177881803,1.155259797078266,-2.106402200589318,1
Dhaka,1925-01-01,16.739,0.593,Bangladesh,17.325000000000006,0.569,23.31N,90.00E,Winter,1900-1949,1925,25.49650177935943,3.8792347810678254,-2.1064726010499624,1
Luanda,1857-08-01,19.705,1.004,Angola,19.528,1.211,8.84S,13.78E,Summer,1850-1899,1857,23.693624999999972,1.9772898443441755,-2.106734635751706,1
Kano,1967-01-01,23.42,0.253,Nigeria,19.674,0.269,12.05N,8.22E,Winter,1950-1999,1967,26.14053689715283,3.0692316203702887,-2.1068911366072376,1
Mexico,1986-01-01,15.335,0.261,Mexico,10.902000000000001,0.58,20.09N,98.96W,Winter,1950-1999,1986,15.717422377622361,2.285341681739848,-2.107090776008751,1
São Paulo,1911-06-01,22.706,0.496,Brazil,14.406,0.329,23.31S,46.31W,Summer,1900-1949,1911,19.699367843511446,2.5120828714300134,-2.107162906014392,1
Saint Petersburg,1844-02-01,-25.182,2.189,Russia,-14.610999999999999,1.653,60.27N,29.19E,Winter,1800-1849,1844,4.009562577962576,8.834361114671651,-2.1077429749887067,1
Luanda,1956-07-01,18.245,0.247,Angola,19.526,0.276,8.84S,13.78E,Summer,1950-1999,1956,23.693624999999972,1.9772898443441755,-2.10774612124824,1
Calcutta,1861-01-01,15.27,1.3630000000000002,India,17.134,1.69,23.31N,88.25E,Winter,1850-1899,1861,26.046089712918633,4.228135310671929,-2.1078061741364507,1
Jakarta,1903-12-01,24.840999999999998,0.5660000000000001,Indonesia,25.143,0.645,5.63S,106.55E,Winter,1900-1949,1903,26.50820968600322,0.6476391669901195,-2.1079788801964887,1
Chicago,1918-01-01,-6.737,0.359,United States,-7.596,0.466,42.59N,87.27W,Winter,1900-1949,1918,10.103165592264308,8.39423628181349,-2.108490278098365,1
Dhaka,1998-01-01,17.133000000000006,0.201,Bangladesh,17.317,0.298,23.31N,90.00E,Winter,1950-1999,1998,25.49650177935943,3.8792347810678254,-2.1085348634422902,1
Dhaka,1818-01-01,16.837,3.2430000000000003,Bangladesh,17.317,3.3710000000000004,23.31N,90.00E,Winter,1800-1849,1818,25.49650177935943,3.8792347810678254,-2.1085348634422902,1
Karachi,1834-01-01,7.247999999999998,1.981,Pakistan,16.03,2.017,24.92N,67.39E,Winter,1800-1849,1834,26.07719693978284,4.764104583671367,-2.108937107346237,1
Cali,1893-10-01,23.686,0.8759999999999999,Colombia,20.29,1.393,4.02N,76.34W,Autumn,1850-1899,1893,21.797027204030183,0.7145867350297902,-2.1089493131542074,1
Bombay,1944-02-01,18.788,0.17800000000000002,India,23.238000000000003,0.399,18.48N,72.68E,Winter,1900-1949,1944,26.631452153110118,1.6088910655520077,-2.109187020655017,1
Abidjan,1892-07-01,23.605999999999998,0.862,Côte D'Ivoire,23.203000000000007,1.155,5.63N,3.23W,Summer,1850-1899,1892,26.163737197523968,1.4037149934407556,-2.1092153402640994,1
Jakarta,1871-12-01,24.675,0.779,Indonesia,25.142,0.773,5.63S,106.55E,Winter,1850-1899,1871,26.50820968600322,0.6476391669901195,-2.109522949874437,1
Jakarta,1869-12-01,24.516,0.945,Indonesia,25.142,1.063,5.63S,106.55E,Winter,1850-1899,1869,26.50820968600322,0.6476391669901195,-2.109522949874437,1
Jakarta,1880-12-01,24.759,0.878,Indonesia,25.142,0.79,5.63S,106.55E,Winter,1850-1899,1880,26.50820968600322,0.6476391669901195,-2.109522949874437,1
Berlin,1827-02-01,-6.097999999999999,1.129,Germany,-6.391000000000001,1.167,52.24N,13.14E,Winter,1800-1849,1827,8.916233733417537,7.25593231206241,-2.1096163904355167,1
Brasília,1861-06-01,22.688,1.136,Brazil,18.999000000000002,1.5630000000000002,15.27S,47.50W,Summer,1850-1899,1861,21.727594942748073,1.29338785325707,-2.1096494264089425,1
Calcutta,1849-12-01,15.966,1.385,India,17.125999999999998,1.998,23.31N,88.25E,Winter,1800-1849,1849,26.046089712918633,4.228135310671929,-2.109698261170612,1
Belo Horizonte,1968-06-01,23.16,0.35,Brazil,16.98,0.458,20.09S,44.36W,Summer,1950-1999,1968,21.071396469465675,1.9392794852659099,-2.1097508123769333,1
Bogotá,1884-05-01,23.363000000000003,0.675,Colombia,18.471,0.818,4.02N,74.73W,Spring,1850-1899,1884,20.002264618434126,0.725749869395096,-2.1099068467079665,1
Santo Domingo,1918-01-01,22.681,0.438,Dominican Republic,23.193,0.391,18.48N,69.30W,Winter,1900-1949,1918,25.976776619845918,1.3191865802064948,-2.1102220577548376,1
Manila,1876-01-01,24.103,0.878,Philippines,23.71,1.305,15.27N,120.83E,Winter,1850-1899,1876,26.48771164021164,1.316208504306938,-2.1103887652467863,1
Saint Petersburg,1940-01-01,-28.861,0.28,Russia,-14.637,0.406,60.27N,29.19E,Winter,1900-1949,1940,4.009562577962576,8.834361114671651,-2.1106860287831486,1
São Paulo,1917-06-01,22.166,0.4970000000000001,Brazil,14.396999999999998,0.472,23.31S,46.31W,Summer,1900-1949,1917,19.699367843511446,2.5120828714300134,-2.1107455903686225,1
Mogadishu,1932-08-01,26.761000000000006,0.72,Somalia,24.967,2.072,2.41N,45.80E,Summer,1900-1949,1932,27.151963668850545,1.0348068808055226,-2.1114699847663454,1
Kano,1902-12-01,22.735,3.05,Nigeria,19.657,3.391,12.05N,8.22E,Winter,1900-1949,1902,26.14053689715283,3.0692316203702887,-2.1124299821890347,1
Kinshasa,1879-06-01,22.49,0.767,Congo (Democratic Republic Of The),21.431,0.966,4.02S,15.27E,Summer,1850-1899,1879,23.87144177881803,1.155259797078266,-2.1124614437290044,1
Saint Petersburg,1947-02-01,-24.225,0.251,Russia,-14.654000000000002,0.122,60.27N,29.19E,Winter,1900-1949,1947,4.009562577962576,8.834361114671651,-2.112610333187207,1
Brasília,1839-06-01,22.56,1.014,Brazil,18.995,1.269,15.27S,47.50W,Summer,1800-1849,1839,21.727594942748073,1.29338785325707,-2.1127420795446032,1
Pune,1884-01-01,16.230999999999998,0.527,India,18.294,0.938,18.48N,74.37E,Winter,1850-1899,1884,24.644615231259973,3.0054054098543914,-2.113064417345164,1
Brasília,1988-07-01,22.924,0.277,Brazil,18.994,0.252,15.27S,47.50W,Summer,1950-1999,1988,21.727594942748073,1.29338785325707,-2.113515242828519,1
Saint Petersburg,1850-01-01,-29.389,1.993,Russia,-14.664000000000001,1.621,60.27N,29.19E,Winter,1850-1899,1850,4.009562577962576,8.834361114671651,-2.1137422769542993,1
Luanda,1880-08-01,19.699,0.794,Angola,19.514000000000006,0.6459999999999999,8.84S,13.78E,Summer,1850-1899,1880,23.693624999999972,1.9772898443441755,-2.1138150342274464,1
Ho Chi Minh City,1867-01-01,18.236,1.088,Vietnam,24.673000000000002,1.217,10.45N,107.18E,Winter,1850-1899,1867,27.193983566940545,1.1924610325051177,-2.11410142404777,1
Bangkok,1920-01-01,22.006,0.799,Thailand,23.546999999999997,1.027,13.66N,99.91E,Winter,1900-1949,1920,27.164733303650955,1.7112234411641587,-2.114120936299111,1
Ibadan,1894-08-01,24.434,0.6940000000000001,Nigeria,23.279,0.606,7.23N,4.05E,Summer,1850-1899,1894,26.37310517141197,1.4635332652808781,-2.1141338190342793,1
Bombay,1916-02-01,18.953,0.512,India,23.23,0.617,18.48N,72.68E,Winter,1900-1949,1916,26.631452153110118,1.6088910655520077,-2.1141593896185165,1
Dhaka,1905-01-01,16.775000000000002,0.711,Bangladesh,17.295,0.716,23.31N,90.00E,Winter,1900-1949,1905,25.49650177935943,3.8792347810678254,-2.1142060850211872,1
Salvador,1840-08-01,23.29,1.001,Brazil,21.823,1.233,13.66S,38.81W,Summer,1800-1849,1840,24.65697137404586,1.3404275594524262,-2.1142294143844342,1
Kinshasa,1977-07-01,23.201999999999998,0.163,Congo (Democratic Republic Of The),21.428,0.342,4.02S,15.27E,Summer,1950-1999,1977,23.87144177881803,1.155259797078266,-2.1150582622174405,1
Brasília,1916-07-01,22.572,0.5479999999999999,Brazil,18.992,0.648,15.27S,47.50W,Summer,1900-1949,1916,21.727594942748073,1.29338785325707,-2.1150615693963486,1
Dhaka,1887-01-01,16.684,1.131,Bangladesh,17.291,1.101,23.31N,90.00E,Winter,1850-1899,1887,25.49650177935943,3.8792347810678254,-2.1152372162173507,1
Lagos,1859-09-01,24.946,0.982,Nigeria,24.719,1.108,5.63N,3.23E,Autumn,1850-1899,1859,26.578698431144726,0.8791503828306382,-2.115335973757953,1
Saint Petersburg,1956-02-01,-24.462,0.171,Russia,-14.678999999999998,0.378,60.27N,29.19E,Winter,1950-1999,1956,4.009562577962576,8.834361114671651,-2.115440192604938,1
Ho Chi Minh City,1864-01-01,18.018,1.068,Vietnam,24.671,1.271,10.45N,107.18E,Winter,1850-1899,1864,27.193983566940545,1.1924610325051177,-2.1157786277009585,1
Kinshasa,1961-07-01,23.065,0.14300000000000002,Congo (Democratic Republic Of The),21.427,0.523,4.02S,15.27E,Summer,1950-1999,1961,23.87144177881803,1.155259797078266,-2.115923868380254,1
Rangoon,1904-01-01,17.609,0.35700000000000004,Burma,22.824,0.695,16.87N,95.44E,Winter,1900-1949,1904,26.7657128227961,1.8628121863915033,-2.116001200545978,1
Calcutta,1849-01-01,16.002000000000002,0.947,India,17.096,2.083,23.31N,88.25E,Winter,1800-1849,1849,26.046089712918633,4.228135310671929,-2.116793587548715,1
Harare,1932-07-01,14.589,0.219,Zimbabwe,14.130999999999998,0.267,18.48S,30.42E,Summer,1900-1949,1932,20.207842011834323,2.8706748260071024,-2.116868813137838,1
Cali,1883-10-01,23.673,0.905,Colombia,20.284000000000002,1.1840000000000002,4.02N,76.34W,Autumn,1850-1899,1883,21.797027204030183,0.7145867350297902,-2.1173457746414845,1
Ho Chi Minh City,1886-01-01,18.233,0.752,Vietnam,24.669,0.938,10.45N,107.18E,Winter,1850-1899,1886,27.193983566940545,1.1924610325051177,-2.117455831354144,1
Dhaka,1868-01-01,16.825,1.652,Bangladesh,17.281000000000002,1.902,23.31N,90.00E,Winter,1850-1899,1868,25.49650177935943,3.8792347810678254,-2.1178150442077577,1
Paris,1987-01-01,3.134,0.252,France,-2.102,0.158,49.03N,2.45E,Winter,1950-1999,1987,10.402644346178128,5.904354503273548,-2.1178681495572778,1
Berlin,1826-01-01,-6.377000000000002,1.13,Germany,-6.4510000000000005,1.225,52.24N,13.14E,Winter,1800-1849,1826,8.916233733417537,7.25593231206241,-2.1178854863172765,1
Bangalore,1860-12-01,15.548000000000002,1.154,India,20.902,1.4340000000000002,12.05N,77.26E,Winter,1850-1899,1860,24.85589593301432,1.86683919647516,-2.117962779268723,1
Rangoon,1874-01-01,17.163,2.38,Burma,22.82,1.903,16.87N,95.44E,Winter,1850-1899,1874,26.7657128227961,1.8628121863915033,-2.1181484916305124,1
Kano,1912-12-01,23.19,0.609,Nigeria,19.639000000000006,0.919,12.05N,8.22E,Winter,1900-1949,1912,26.14053689715283,3.0692316203702887,-2.1182946422168176,1
Luanda,1906-07-01,17.903000000000006,0.6,Angola,19.505000000000006,0.8270000000000001,8.84S,13.78E,Summer,1900-1949,1906,23.693624999999972,1.9772898443441755,-2.118366718961854,1
Paris,1986-02-01,3.771,0.254,France,-2.106,0.305,49.03N,2.45E,Winter,1950-1999,1986,10.402644346178128,5.904354503273548,-2.11854561565417,1
Dhaka,1933-01-01,16.955000000000002,0.304,Bangladesh,17.278000000000002,0.321,23.31N,90.00E,Winter,1900-1949,1933,25.49650177935943,3.8792347810678254,-2.11858839260488,1
Brasília,1893-07-01,22.955,0.6609999999999999,Brazil,18.987000000000002,1.261,15.27S,47.50W,Summer,1850-1899,1893,21.727594942748073,1.29338785325707,-2.1189273858159225,1
Dar Es Salaam,1911-07-01,19.477,0.466,Tanzania,22.398000000000003,0.478,7.23S,39.73E,Summer,1900-1949,1911,25.7446715006305,1.579105464110453,-2.1193464126955917,1
Kinshasa,1887-08-01,22.615,0.682,Congo (Democratic Republic Of The),21.423000000000002,0.84,4.02S,15.27E,Summer,1850-1899,1887,23.87144177881803,1.155259797078266,-2.1193862930315004,1
Karachi,1927-01-01,7.151999999999999,0.378,Pakistan,15.979,0.487,24.92N,67.39E,Winter,1900-1949,1927,26.07719693978284,4.764104583671367,-2.1196421620116612,1
Lagos,1903-09-01,25.631,2.794,Nigeria,24.715,1.135,5.63N,3.23E,Autumn,1900-1949,1903,26.578698431144726,0.8791503828306382,-2.119885821062941,1
Ho Chi Minh City,1932-01-01,18.785,0.39,Vietnam,24.666,0.484,10.45N,107.18E,Winter,1900-1949,1932,27.193983566940545,1.1924610325051177,-2.119971636833924,1
Calcutta,1803-01-01,15.603000000000002,1.764,India,17.076,2.089,23.31N,88.25E,Winter,1800-1849,1803,26.046089712918633,4.228135310671929,-2.121523805134117,1
Brasília,1866-06-01,22.616999999999997,0.78,Brazil,18.983,1.225,15.27S,47.50W,Summer,1850-1899,1866,21.727594942748073,1.29338785325707,-2.1220200389515838,1
Belo Horizonte,1862-07-01,22.665,0.967,Brazil,16.956,1.347,20.09S,44.36W,Summer,1850-1899,1862,21.071396469465675,1.9392794852659099,-2.122126542735732,1
Ho Chi Minh City,1915-12-01,19.35,0.5539999999999999,Vietnam,24.663,0.407,10.45N,107.18E,Winter,1900-1949,1915,27.193983566940545,1.1924610325051177,-2.1224874423137035,1
Guangzhou,1968-02-01,-7.5729999999999995,0.193,China,9.37,0.325,23.31N,112.72E,Winter,1950-1999,1968,21.608684261036466,5.76498405864825,-2.122934623327674,1
Nairobi,1910-07-01,22.093000000000004,0.455,Kenya,13.849,0.465,0.80S,36.16E,Summer,1900-1949,1910,16.08139511323004,1.051538853334252,-2.122979199628709,1
Rangoon,1816-12-01,17.588,1.389,Burma,22.811,1.666,16.87N,95.44E,Winter,1800-1849,1816,26.7657128227961,1.8628121863915033,-2.1229798965707145,1
Karachi,1964-01-01,6.203999999999999,0.318,Pakistan,15.96,0.327,24.92N,67.39E,Winter,1950-1999,1964,26.07719693978284,4.764104583671367,-2.123630319632113,1
Fortaleza,1849-04-01,23.405,1.182,Brazil,24.498,1.54,4.02S,40.98W,Spring,1800-1849,1849,27.008639541892673,1.1821881896846826,-2.1237224020672367,1
Paris,1829-12-01,3.1889999999999996,4.8660000000000005,France,-2.138,5.015,49.03N,2.45E,Winter,1800-1849,1829,10.402644346178128,5.904354503273548,-2.1239653444293065,1
Bangkok,1883-12-01,21.816,0.8240000000000001,Thailand,23.53,0.929,13.66N,99.91E,Winter,1850-1899,1883,27.164733303650955,1.7112234411641587,-2.124055349065471,1
Bombay,1957-02-01,18.576,0.314,India,23.214000000000002,0.339,18.48N,72.68E,Winter,1950-1999,1957,26.631452153110118,1.6088910655520077,-2.1241041275455115,1
São Paulo,1988-07-01,22.924,0.277,Brazil,14.363,0.359,23.31S,46.31W,Summer,1950-1999,1988,19.699367843511446,2.5120828714300134,-2.1242801757068217,1
Jakarta,1839-09-01,24.486,1.144,Indonesia,25.131999999999998,1.276,5.63S,106.55E,Autumn,1800-1849,1839,26.50820968600322,0.6476391669901195,-2.124963646653905,1
Belo Horizonte,1893-07-01,22.955,0.6609999999999999,Brazil,16.95,1.197,20.09S,44.36W,Summer,1850-1899,1893,21.071396469465675,1.9392794852659099,-2.125220475325432,1
Kinshasa,1948-07-01,22.788,0.171,Congo (Democratic Republic Of The),21.416,0.34600000000000003,4.02S,15.27E,Summer,1900-1949,1948,23.87144177881803,1.155259797078266,-2.125445536171186,1
Luanda,1904-08-01,19.597,0.962,Angola,19.49,1.198,8.84S,13.78E,Summer,1900-1949,1904,23.693624999999972,1.9772898443441755,-2.12595286018587,1
Santo Domingo,1951-02-01,22.503,0.519,Dominican Republic,23.171999999999997,0.55,18.48N,69.30W,Winter,1950-1999,1951,25.976776619845918,1.3191865802064948,-2.126140958322123,1
Salvador,1839-09-01,23.761,1.153,Brazil,21.807,1.3030000000000002,13.66S,38.81W,Autumn,1800-1849,1839,24.65697137404586,1.3404275594524262,-2.126165904265721,1
Saint Petersburg,1895-02-01,-27.476,0.863,Russia,-14.775,0.608,60.27N,29.19E,Winter,1850-1899,1895,4.009562577962576,8.834361114671651,-2.1263068527690296,1
Rangoon,1884-12-01,17.951999999999995,0.565,Burma,22.804000000000002,1.141,16.87N,95.44E,Winter,1850-1899,1884,26.7657128227961,1.8628121863915033,-2.126737655968648,1
Kinshasa,1941-07-01,23.131,0.289,Congo (Democratic Republic Of The),21.414,0.378,4.02S,15.27E,Summer,1900-1949,1941,23.87144177881803,1.155259797078266,-2.1271767484968094,1
Rome,1767-01-01,-1.2170000000000003,6.653,Italy,-2.5979999999999994,6.585,42.59N,13.09E,Winter,Pre-1800,1767,11.965501895135823,6.84629114200544,-2.1272104257707376,1
Chicago,1977-01-01,-5.601,0.111,United States,-7.757000000000001,0.408,42.59N,87.27W,Winter,1950-1999,1977,10.103165592264308,8.39423628181349,-2.1276701051362115,1
Umm Durman,1953-12-01,20.936,0.265,Sudan,21.13,0.302,15.27N,32.50E,Winter,1950-1999,1953,29.099991258741223,3.745608496838044,-2.1278228265098464,1
Toronto,1934-02-01,-21.188000000000002,0.544,Canada,-15.502,0.528,44.20N,80.50W,Winter,1900-1949,1934,5.830152555910538,10.025282517855246,-2.1278355515585234,1
Kiev,1956-02-01,-12.422,0.402,Ukraine,-13.751,0.468,50.63N,31.69E,Winter,1950-1999,1956,7.041032849020818,9.770855476921923,-2.127964424213432,1
London,1940-01-01,0.3080000000000003,0.466,United Kingdom,-1.5119999999999998,0.4320000000000001,52.24N,0.00W,Winter,1900-1949,1940,9.459037902716338,5.154544624143942,-2.1284203945636397,1
Bogotá,1855-11-01,23.729,0.861,Colombia,18.457,1.153,4.02N,74.73W,Autumn,1850-1899,1855,20.002264618434126,0.725749869395096,-2.1291972394319334,1
Singapore,1917-01-01,24.941000000000006,0.892,Singapore,24.941000000000006,0.898,0.80N,103.66E,Winter,1900-1949,1917,26.523102826510698,0.7423962997429765,-2.1310758513457415,1
Calcutta,1814-01-01,15.45,2.818,India,17.035,2.888,23.31N,88.25E,Winter,1800-1849,1814,26.046089712918633,4.228135310671929,-2.131220751184191,1
Santo Domingo,1893-01-01,22.642,0.669,Dominican Republic,23.165,0.82,18.48N,69.30W,Winter,1850-1899,1893,25.976776619845918,1.3191865802064948,-2.131447258511215,1
Bombay,1945-01-01,15.918,0.271,India,23.201999999999998,0.5870000000000001,18.48N,72.68E,Winter,1900-1949,1945,26.631452153110118,1.6088910655520077,-2.131562680990761,1
Belo Horizonte,1837-07-01,22.546999999999997,1.14,Brazil,16.936999999999998,1.446,20.09S,44.36W,Summer,1800-1849,1837,21.071396469465675,1.9392794852659099,-2.1319239959364484,1
Bogotá,1908-12-01,23.706,0.6679999999999999,Colombia,18.455,0.831,4.02N,74.73W,Winter,1900-1949,1908,20.002264618434126,0.725749869395096,-2.1319530098210753,1
Luanda,1907-07-01,17.665,0.522,Angola,19.477999999999998,0.424,8.84S,13.78E,Summer,1900-1949,1907,23.693624999999972,1.9772898443441755,-2.1320217731650803,1
London,1881-01-01,-0.6589999999999998,0.741,United Kingdom,-1.5319999999999996,0.603,52.24N,0.00W,Winter,1850-1899,1881,9.459037902716338,5.154544624143942,-2.1323004657354594,1
Bombay,1961-02-01,18.335,0.19,India,23.2,0.364,18.48N,72.68E,Winter,1950-1999,1961,26.631452153110118,1.6088910655520077,-2.132805773231635,1
Mexico,1890-12-01,15.374,1.067,Mexico,10.843,1.356,20.09N,98.96W,Winter,1850-1899,1890,15.717422377622361,2.285341681739848,-2.132907484499835,1
Rangoon,1869-01-01,17.723,1.614,Burma,22.791,1.957,16.87N,95.44E,Winter,1850-1899,1869,26.7657128227961,1.8628121863915033,-2.133716351993385,1
Abidjan,1895-08-01,23.531999999999996,0.8740000000000001,Côte D'Ivoire,23.168000000000003,0.815,5.63N,3.23W,Summer,1850-1899,1895,26.163737197523968,1.4037149934407556,-2.1341491766650433,1
Kiev,1803-01-01,-12.001,3.992,Ukraine,-13.812,4.019,50.63N,31.69E,Winter,1800-1849,1803,7.041032849020818,9.770855476921923,-2.1342074804272992,1
Ibadan,1896-08-01,24.503,0.8440000000000001,Nigeria,23.249,0.847,7.23N,4.05E,Summer,1850-1899,1896,26.37310517141197,1.4635332652808781,-2.134632157344508,1
Saint Petersburg,1893-01-01,-30.497,1.5590000000000002,Russia,-14.849,0.741,60.27N,29.19E,Winter,1850-1899,1893,4.009562577962576,8.834361114671651,-2.134683236645517,1
Saint Petersburg,1940-02-01,-22.904,0.214,Russia,-14.85,0.276,60.27N,29.19E,Winter,1900-1949,1940,4.009562577962576,8.834361114671651,-2.1347964310222265,1
Harare,1937-07-01,14.7,0.292,Zimbabwe,14.079,0.429,18.48S,30.42E,Summer,1900-1949,1937,20.207842011834323,2.8706748260071024,-2.13498302082479,1
Surabaya,1850-01-01,24.324,1.008,Indonesia,25.268,1.449,7.23S,112.70E,Winter,1850-1899,1850,26.809904204363992,0.7222059652253093,-2.134992340977075,1
Mexico,1869-12-01,13.45,1.202,Mexico,10.838,1.681,20.09N,98.96W,Winter,1850-1899,1869,15.717422377622361,2.285341681739848,-2.135095341151622,1
Singapore,1888-01-01,24.938,0.836,Singapore,24.938,0.87,0.80N,103.66E,Winter,1850-1899,1888,26.523102826510698,0.7423962997429765,-2.135116819762537,1
Addis Abeba,1875-11-01,20.412,0.893,Ethiopia,14.913,1.249,8.84N,38.11E,Autumn,1850-1899,1875,17.525072662298964,1.2233385447027414,-2.1352001648355405,1
Karachi,1895-01-01,6.808,0.996,Pakistan,15.903000000000002,0.8809999999999999,24.92N,67.39E,Winter,1850-1899,1895,26.07719693978284,4.764104583671367,-2.1355947924934693,1
Jakarta,1893-12-01,24.956000000000003,0.557,Indonesia,25.125,0.687,5.63S,106.55E,Winter,1850-1899,1893,26.50820968600322,0.6476391669901195,-2.1357721343995273,1
Rangoon,1905-01-01,17.637,0.6970000000000001,Burma,22.787,0.7040000000000001,16.87N,95.44E,Winter,1900-1949,1905,26.7657128227961,1.8628121863915033,-2.13586364307792,1
Brasília,1979-06-01,23.081,0.127,Brazil,18.965,0.184,15.27S,47.50W,Summer,1950-1999,1979,21.727594942748073,1.29338785325707,-2.135936978062054,1
Dar Es Salaam,1859-08-01,19.965,1.151,Tanzania,22.371,1.386,7.23S,39.73E,Summer,1850-1899,1859,25.7446715006305,1.579105464110453,-2.1364447006906966,1
Bombay,1826-02-01,18.351,1.895,India,23.194000000000003,2.116,18.48N,72.68E,Winter,1800-1849,1826,26.631452153110118,1.6088910655520077,-2.136535049954256,1
Mexico,1905-01-01,14.603,0.504,Mexico,10.834000000000001,0.6779999999999999,20.09N,98.96W,Winter,1900-1949,1905,15.717422377622361,2.285341681739848,-2.13684562647305,1
Rangoon,1870-12-01,17.575,0.95,Burma,22.785,1.077,16.87N,95.44E,Winter,1850-1899,1870,26.7657128227961,1.8628121863915033,-2.1369372886201865,1
Ahmadabad,1820-01-01,14.902,4.208,India,17.422,4.273,23.31N,72.52E,Winter,1800-1849,1820,26.52985294117648,4.2609333299501255,-2.137525334451334,1
Kinshasa,1918-07-01,22.877,0.555,Congo (Democratic Republic Of The),21.401999999999997,0.691,4.02S,15.27E,Summer,1900-1949,1918,23.87144177881803,1.155259797078266,-2.137564022450558,1
Abidjan,1936-08-01,23.901,0.536,Côte D'Ivoire,23.163,0.693,5.63N,3.23W,Summer,1900-1949,1936,26.163737197523968,1.4037149934407556,-2.137711153293751,1
Manila,1876-12-01,24.061,1.063,Philippines,23.674000000000003,1.396,15.27N,120.83E,Winter,1850-1899,1876,26.48771164021164,1.316208504306938,-2.1377400548655645,1
Manila,1887-02-01,23.756,1.159,Philippines,23.674,1.62,15.27N,120.83E,Winter,1850-1899,1887,26.48771164021164,1.316208504306938,-2.137740054865567,1
Karachi,1819-01-01,7.141,2.346,Pakistan,15.891000000000002,2.396,24.92N,67.39E,Winter,1800-1849,1819,26.07719693978284,4.764104583671367,-2.1381136288853337,1
Mexico,1853-01-01,13.572000000000001,1.3969999999999998,Mexico,10.831,1.672,20.09N,98.96W,Winter,1850-1899,1853,15.717422377622361,2.285341681739848,-2.138158340464123,1
Kano,1861-01-01,23.018,1.803,Nigeria,19.578,2.182,12.05N,8.22E,Winter,1850-1899,1861,26.14053689715283,3.0692316203702887,-2.138169323422092,1
Saint Petersburg,1985-01-01,-27.011999999999997,0.261,Russia,-14.88,0.503,60.27N,29.19E,Winter,1950-1999,1985,4.009562577962576,8.834361114671651,-2.138192262323505,1
Belo Horizonte,1899-06-01,22.288,0.71,Brazil,16.922,0.938,20.09S,44.36W,Summer,1850-1899,1899,21.071396469465675,1.9392794852659099,-2.139658827410696,1
Fortaleza,1899-04-01,24.625,0.966,Brazil,24.479,2.768,4.02S,40.98W,Spring,1850-1899,1899,27.008639541892673,1.1821881896846826,-2.1397942932989276,1
Kano,1890-01-01,23.034,0.846,Nigeria,19.572,1.22,12.05N,8.22E,Winter,1850-1899,1890,26.14053689715283,3.0692316203702887,-2.1401242100980205,1
Bombay,1871-02-01,18.913,1.758,India,23.188000000000002,1.682,18.48N,72.68E,Winter,1850-1899,1871,26.631452153110118,1.6088910655520077,-2.14026432667688,1
Dhaka,1807-01-01,16.687,1.975,Bangladesh,17.192,2.237,23.31N,90.00E,Winter,1800-1849,1807,25.49650177935943,3.8792347810678254,-2.1407577133223876,1
Manila,1887-01-01,23.781999999999996,0.84,Philippines,23.67,1.09,15.27N,120.83E,Winter,1850-1899,1887,26.48771164021164,1.316208504306938,-2.1407790870454297,1
Luanda,1905-07-01,17.815,0.975,Angola,19.46,0.975,8.84S,13.78E,Summer,1900-1949,1905,23.693624999999972,1.9772898443441755,-2.1411251426338933,1
Rangoon,1819-12-01,17.467,1.48,Burma,22.776999999999997,1.592,16.87N,95.44E,Winter,1800-1849,1819,26.7657128227961,1.8628121863915033,-2.141231870789256,1
Karachi,1905-01-01,7.16,0.733,Pakistan,15.876,0.809,24.92N,67.39E,Winter,1900-1949,1905,26.07719693978284,4.764104583671367,-2.141262174375165,1
Brasília,1957-07-01,22.859,0.438,Brazil,18.958,0.682,15.27S,47.50W,Summer,1950-1999,1957,21.727594942748073,1.29338785325707,-2.14134912104946,1
São Paulo,1886-07-01,22.555999999999997,0.851,Brazil,14.32,1.047,23.31S,46.31W,Summer,1850-1899,1886,19.699367843511446,2.5120828714300134,-2.141397445399251,1
Bangkok,1818-12-01,21.738000000000003,1.581,Thailand,23.5,1.916,13.66N,99.91E,Winter,1800-1849,1818,27.164733303650955,1.7112234411641587,-2.1415866657119937,1
Rangoon,1820-12-01,17.444000000000003,1.253,Burma,22.776,1.6880000000000002,16.87N,95.44E,Winter,1800-1849,1820,26.7657128227961,1.8628121863915033,-2.141768693560388,1
Kinshasa,1860-07-01,22.682,0.878,Congo (Democratic Republic Of The),21.397,1.256,4.02S,15.27E,Summer,1850-1899,1860,23.87144177881803,1.155259797078266,-2.1418920532646175,1
Luanda,1890-08-01,19.634,0.782,Angola,19.458,0.574,8.84S,13.78E,Summer,1850-1899,1890,23.693624999999972,1.9772898443441755,-2.1421366281304297,1
Moscow,1848-01-01,-28.814,2.047,Russia,-17.849,2.209,55.45N,36.85E,Winter,1800-1849,1848,4.063435758835766,10.227504601600486,-2.142500699086141,1
Brasília,1895-07-01,22.949,0.625,Brazil,18.956,1.015,15.27S,47.50W,Summer,1850-1899,1895,21.727594942748073,1.29338785325707,-2.1428954476172892,1
Nairobi,1922-08-01,21.754,0.35100000000000003,Kenya,13.828,0.344,0.80S,36.16E,Summer,1900-1949,1922,16.08139511323004,1.051538853334252,-2.142949931031941,1
Bangkok,1871-12-01,21.64,0.949,Thailand,23.497,1.043,13.66N,99.91E,Winter,1850-1899,1871,27.164733303650955,1.7112234411641587,-2.143339797376646,1
Ho Chi Minh City,1853-01-01,17.875,1.111,Vietnam,24.638,1.32,10.45N,107.18E,Winter,1850-1899,1853,27.193983566940545,1.1924610325051177,-2.143452487978532,1
Dhaka,1834-01-01,16.634,1.7819999999999998,Bangladesh,17.18,1.908,23.31N,90.00E,Winter,1800-1849,1834,25.49650177935943,3.8792347810678254,-2.1438511069108768,1
Belo Horizonte,1896-07-01,23.225,0.519,Brazil,16.912999999999997,0.7340000000000001,20.09S,44.36W,Summer,1850-1899,1896,21.071396469465675,1.9392794852659099,-2.1442997262952472,1
Dhaka,1849-12-01,16.854,1.715,Bangladesh,17.178,1.91,23.31N,90.00E,Winter,1800-1849,1849,25.49650177935943,3.8792347810678254,-2.144366672508958,1
Kiev,1950-01-01,-12.392000000000001,0.255,Ukraine,-13.913,0.219,50.63N,31.69E,Winter,1950-1999,1950,7.041032849020818,9.770855476921923,-2.1445443439945233,1
Dhaka,1930-01-01,16.619,0.326,Bangladesh,17.174,0.36,23.31N,90.00E,Winter,1900-1949,1930,25.49650177935943,3.8792347810678254,-2.1453978037051216,1
Moscow,1950-01-01,-27.335,0.238,Russia,-17.882,0.743,55.45N,36.85E,Winter,1950-1999,1950,4.063435758835766,10.227504601600486,-2.1457272925989748,1
Jakarta,1894-01-01,24.479,0.594,Indonesia,25.118,0.495,5.63S,106.55E,Winter,1850-1899,1894,26.50820968600322,0.6476391669901195,-2.1465806221451555,1
Jakarta,1850-01-01,24.324,1.008,Indonesia,25.118,1.414,5.63S,106.55E,Winter,1850-1899,1850,26.50820968600322,0.6476391669901195,-2.1465806221451555,1
Jakarta,1870-12-01,24.269,0.965,Indonesia,25.118,1.129,5.63S,106.55E,Winter,1850-1899,1870,26.50820968600322,0.6476391669901195,-2.1465806221451555,1
Mashhad,1977-01-01,1.955,0.299,Iran,-6.2410000000000005,0.481,36.17N,59.67E,Winter,1950-1999,1977,12.593995752713525,8.768714588035229,-2.147976828714847,1
Cali,1917-11-01,23.836,0.596,Colombia,20.262,0.89,4.02N,76.34W,Autumn,1900-1949,1917,21.797027204030183,0.7145867350297902,-2.1481328000948534,1
Bombay,1923-02-01,18.654,0.269,India,23.175,0.838,18.48N,72.68E,Winter,1900-1949,1923,26.631452153110118,1.6088910655520077,-2.148344426242565,1
Dhaka,1828-01-01,16.623,2.297,Bangladesh,17.159000000000002,2.556,23.31N,90.00E,Winter,1800-1849,1828,25.49650177935943,3.8792347810678254,-2.1492645456907327,1
Lagos,1904-01-01,23.226000000000006,1.274,Nigeria,24.689,1.751,5.63N,3.23E,Winter,1900-1949,1904,26.578698431144726,0.8791503828306382,-2.1494598285453543,1
Calcutta,1862-01-01,15.332,1.307,India,16.952,1.777,23.31N,88.25E,Winter,1850-1899,1862,26.046089712918633,4.228135310671929,-2.1508511541636097,1
Guangzhou,2011-01-01,-10.498,0.198,China,9.208,0.35600000000000004,23.31N,112.72E,Winter,2000+,2011,21.608684261036466,5.76498405864825,-2.1510353081434412,1
Rangoon,1868-01-01,17.752,1.961,Burma,22.758000000000003,2.783,16.87N,95.44E,Winter,1850-1899,1868,26.7657128227961,1.8628121863915033,-2.1514315034407905,1
Mashhad,1972-02-01,2.28,0.448,Iran,-6.275,0.935,36.17N,59.67E,Winter,1950-1999,1972,12.593995752713525,8.768714588035229,-2.151854249933048,1
Umm Durman,1903-01-01,21.584,2.4930000000000003,Sudan,21.038,4.346,15.27N,32.50E,Winter,1900-1949,1903,29.099991258741223,3.745608496838044,-2.152384923717193,1
Bombay,1853-02-01,18.969,2.382,India,23.168000000000003,1.776,18.48N,72.68E,Winter,1850-1899,1853,26.631452153110118,1.6088910655520077,-2.1526952490856246,1
Jakarta,1918-02-01,24.813,0.5589999999999999,Indonesia,25.114,0.309,5.63S,106.55E,Winter,1900-1949,1918,26.50820968600322,0.6476391669901195,-2.152756900856938,1
Manila,1932-01-01,24.455,0.407,Philippines,23.654,0.494,15.27N,120.83E,Winter,1900-1949,1932,26.48771164021164,1.316208504306938,-2.152935215764889,1
Mogadishu,1909-08-01,26.296,2.211,Somalia,24.924,1.763,2.41N,45.80E,Summer,1900-1949,1909,27.151963668850545,1.0348068808055226,-2.1530236319227374,1
Harare,1935-06-01,14.61,0.6809999999999999,Zimbabwe,14.027000000000001,0.68,18.48S,30.42E,Summer,1900-1949,1935,20.207842011834323,2.8706748260071024,-2.153097228511743,1
Fortaleza,1917-05-01,22.322,0.402,Brazil,24.463,1.188,4.02S,40.98W,Spring,1900-1949,1917,27.008639541892673,1.1821881896846826,-2.153328517494033,1
Taipei,1963-01-01,13.065,0.331,Taiwan,13.255,0.253,24.92N,122.36E,Winter,1950-1999,1963,22.20984637681165,4.158411379148874,-2.153429653860867,1
Rangoon,1904-12-01,17.628,0.531,Burma,22.754,0.883,16.87N,95.44E,Winter,1900-1949,1904,26.7657128227961,1.8628121863915033,-2.153578794525325,1
Manila,1855-12-01,23.932,1.54,Philippines,23.653,1.852,15.27N,120.83E,Winter,1850-1899,1855,26.48771164021164,1.316208504306938,-2.153694973809856,1
Luanda,1882-08-01,19.75,1.06,Angola,19.434,1.255,8.84S,13.78E,Summer,1850-1899,1882,23.693624999999972,1.9772898443441755,-2.154274454088848,1
Bogotá,1853-11-01,23.713,1.405,Colombia,18.438,1.589,4.02N,74.73W,Autumn,1850-1899,1853,20.002264618434126,0.725749869395096,-2.1553770581287504,1
Bogotá,1880-04-01,23.45,0.93,Colombia,18.438,1.268,4.02N,74.73W,Spring,1850-1899,1880,20.002264618434126,0.725749869395096,-2.1553770581287504,1
Surat,1820-01-01,14.902,4.208,India,18.084,4.295,21.70N,73.56E,Winter,1800-1849,1820,26.33085645933014,3.8260724084002984,-2.1554365885036124,1
Nairobi,1916-07-01,21.68,0.359,Kenya,13.814,0.338,0.80S,36.16E,Summer,1900-1949,1916,16.08139511323004,1.051538853334252,-2.156263751967428,1
Singapore,1839-11-01,24.922,1.943,Singapore,24.922,1.991,0.80N,103.66E,Autumn,1800-1849,1839,26.523102826510698,0.7423962997429765,-2.1566686513187254,1
Bombay,1861-02-01,18.336,1.177,India,23.159000000000002,1.383,18.48N,72.68E,Winter,1850-1899,1861,26.631452153110118,1.6088910655520077,-2.15828916416956,1
Brasília,1947-07-01,22.818,0.318,Brazil,18.936,0.375,15.27S,47.50W,Summer,1900-1949,1947,21.727594942748073,1.29338785325707,-2.1583587132955886,1
Taipei,1918-01-01,12.725,0.315,Taiwan,13.231999999999998,0.493,24.92N,122.36E,Winter,1900-1949,1918,22.20984637681165,4.158411379148874,-2.1589606121771436,1
Kano,1907-01-01,23.697000000000006,0.911,Nigeria,19.514,1.954,12.05N,8.22E,Winter,1900-1949,1907,26.14053689715283,3.0692316203702887,-2.1590214479653285,1
Bogotá,1857-12-01,23.622,1.464,Colombia,18.435,1.781,4.02N,74.73W,Winter,1850-1899,1857,20.002264618434126,0.725749869395096,-2.1595107137124576,1
Mogadishu,1887-08-01,26.248,1.177,Somalia,24.916999999999998,1.245,2.41N,45.80E,Summer,1850-1899,1887,27.151963668850545,1.0348068808055226,-2.1597881791342446,1
Kiev,1985-02-01,-12.116,0.236,Ukraine,-14.063,0.455,50.63N,31.69E,Winter,1950-1999,1985,7.041032849020818,9.770855476921923,-2.1598961215696075,1
Dhaka,2013-01-01,16.922,0.585,Bangladesh,17.116,0.6609999999999999,23.31N,90.00E,Winter,2000+,2013,25.49650177935943,3.8792347810678254,-2.160349206049487,1
Singapore,1868-01-01,24.919,1.32,Singapore,24.919,1.414,0.80N,103.66E,Winter,1850-1899,1868,26.523102826510698,0.7423962997429765,-2.160709619735511,1
Umm Durman,1862-01-01,20.688000000000002,1.418,Sudan,21.006,1.967,15.27N,32.50E,Winter,1850-1899,1862,29.099991258741223,3.745608496838044,-2.16092826187627,1
Kinshasa,1943-06-01,22.642,0.354,Congo (Democratic Republic Of The),21.375,0.71,4.02S,15.27E,Summer,1900-1949,1943,23.87144177881803,1.155259797078266,-2.1609353888464824,1
Harare,1964-07-01,14.52,0.38,Zimbabwe,14.004000000000001,0.426,18.48S,30.42E,Summer,1950-1999,1964,20.207842011834323,2.8706748260071024,-2.1611092819117412,1
Ahmadabad,1935-01-01,15.888000000000002,0.238,India,17.32,0.508,23.31N,72.52E,Winter,1900-1949,1935,26.52985294117648,4.2609333299501255,-2.1614637517185185,1
Calcutta,1899-01-01,15.345,0.622,India,16.907,0.654,23.31N,88.25E,Winter,1850-1899,1899,26.046089712918633,4.228135310671929,-2.161494143730765,1
Abidjan,1896-09-01,23.8,0.967,Côte D'Ivoire,23.127,1.36,5.63N,3.23W,Autumn,1850-1899,1896,26.163737197523968,1.4037149934407556,-2.1633573850204346,1
Singapore,1850-01-01,24.916999999999998,1.318,Singapore,24.916999999999998,1.48,0.80N,103.66E,Winter,1850-1899,1850,26.523102826510698,0.7423962997429765,-2.163403598680038,1
Harare,1945-06-01,14.405,0.455,Zimbabwe,13.996,0.583,18.48S,30.42E,Summer,1900-1949,1945,20.207842011834323,2.8706748260071024,-2.16389608309435,1
Dhaka,1875-01-01,16.526,0.611,Bangladesh,17.102,0.53,23.31N,90.00E,Winter,1850-1899,1875,25.49650177935943,3.8792347810678254,-2.1639581652360573,1
Kiev,1954-02-01,-13.32,0.487,Ukraine,-14.107999999999999,0.458,50.63N,31.69E,Winter,1950-1999,1954,7.041032849020818,9.770855476921923,-2.1645016548421325,1
Brasília,1896-07-01,23.225,0.519,Brazil,18.928,0.7120000000000001,15.27S,47.50W,Summer,1850-1899,1896,21.727594942748073,1.29338785325707,-2.164544019566908,1
Kano,1962-01-01,23.408,0.232,Nigeria,19.497,0.391,12.05N,8.22E,Winter,1950-1999,1962,26.14053689715283,3.0692316203702887,-2.164560293547125,1
Ahmadabad,1819-01-01,14.385000000000002,2.081,India,17.305,2.314,23.31N,72.52E,Winter,1800-1849,1819,26.52985294117648,4.2609333299501255,-2.164984107198987,1
Surabaya,1929-07-01,25.099,0.257,Indonesia,25.246,0.525,7.23S,112.70E,Summer,1900-1949,1929,26.809904204363992,0.7222059652253093,-2.165454565133779,1
Brasília,1884-06-01,22.373,0.892,Brazil,18.926,1.517,15.27S,47.50W,Summer,1850-1899,1884,21.727594942748073,1.29338785325707,-2.16609034613474,1
Bangkok,1909-12-01,21.915,0.4320000000000001,Thailand,23.458000000000002,0.506,13.66N,99.91E,Winter,1900-1949,1909,27.164733303650955,1.7112234411641587,-2.166130509017124,1
Dhaka,1893-01-01,16.54,0.688,Bangladesh,17.090999999999998,0.637,23.31N,90.00E,Winter,1850-1899,1893,25.49650177935943,3.8792347810678254,-2.1667937760255067,1
Luanda,1908-07-01,17.914,0.556,Angola,19.409,0.605,8.84S,13.78E,Summer,1900-1949,1908,23.693624999999972,1.9772898443441755,-2.1669180227955356,1
Belo Horizonte,1964-07-01,22.883000000000003,0.23,Brazil,16.869,0.5539999999999999,20.09S,44.36W,Summer,1950-1999,1964,21.071396469465675,1.9392794852659099,-2.166988565286376,1
Bombay,1815-01-01,15.915,2.2,India,23.144,2.456,18.48N,72.68E,Winter,1800-1849,1815,26.631452153110118,1.6088910655520077,-2.167612355976121,1
Mexico,1981-01-01,14.321,0.253,Mexico,10.763,0.182,20.09N,98.96W,Winter,1950-1999,1981,15.717422377622361,2.285341681739848,-2.1679131909284224,1
Luanda,1891-08-01,19.856,1.306,Angola,19.406,1.695,8.84S,13.78E,Summer,1850-1899,1891,23.693624999999972,1.9772898443441755,-2.1684352510403384,1
Rangoon,1975-12-01,17.782,0.222,Burma,22.725,0.746,16.87N,95.44E,Winter,1950-1999,1975,26.7657128227961,1.8628121863915033,-2.1691466548881975,1
Bogotá,1851-11-01,23.671,0.976,Colombia,18.428,1.321,4.02N,74.73W,Autumn,1850-1899,1851,20.002264618434126,0.725749869395096,-2.169155910074439,1
Mashhad,1900-01-01,1.6989999999999998,1.1,Iran,-6.4289999999999985,1.4,36.17N,59.67E,Winter,1900-1949,1900,12.593995752713525,8.768714588035229,-2.16941668721549,1
Ho Chi Minh City,1869-12-01,18.609,1.131,Vietnam,24.607,1.232,10.45N,107.18E,Winter,1850-1899,1869,27.193983566940545,1.1924610325051177,-2.169449144602923,1
Umm Durman,1974-01-01,21.093000000000004,0.4370000000000001,Sudan,20.97,0.313,15.27N,32.50E,Winter,1950-1999,1974,29.099991258741223,3.745608496838044,-2.170539517305232,1
Mexico,1919-01-01,13.679,0.508,Mexico,10.755999999999998,0.465,20.09N,98.96W,Winter,1900-1949,1919,15.717422377622361,2.285341681739848,-2.1709761902409244,1
Fortaleza,1899-06-01,22.288,0.71,Brazil,24.441999999999997,1.817,4.02S,40.98W,Summer,1850-1899,1899,27.008639541892673,1.1821881896846826,-2.1710921867501147,1
Nairobi,1859-08-01,21.818,1.077,Kenya,13.798,1.214,0.80S,36.16E,Summer,1850-1899,1859,16.08139511323004,1.051538853334252,-2.1714795473222703,1
Brasília,1909-07-01,22.903000000000002,0.703,Brazil,18.919,1.577,15.27S,47.50W,Summer,1900-1949,1909,21.727594942748073,1.29338785325707,-2.171502489122143,1
Jakarta,1866-10-01,24.759,0.6709999999999999,Indonesia,25.101,0.611,5.63S,106.55E,Autumn,1850-1899,1866,26.50820968600322,0.6476391669901195,-2.172829806670246,1
Santo Domingo,1907-02-01,22.584,0.506,Dominican Republic,23.11,0.453,18.48N,69.30W,Winter,1900-1949,1907,25.976776619845918,1.3191865802064948,-2.1731396171398107,1
Los Angeles,1937-01-01,-4.735,0.185,United States,4.016,0.514,34.56N,118.70W,Winter,1900-1949,1937,15.878038442083941,5.4580479427802295,-2.173311514746724,1
Mogadishu,1912-07-01,26.36,0.563,Somalia,24.903000000000002,0.916,2.41N,45.80E,Summer,1900-1949,1912,27.151963668850545,1.0348068808055226,-2.173317273557252,1
Berlin,1784-01-01,-6.615,11.757,Germany,-6.855,11.499,52.24N,13.14E,Winter,Pre-1800,1784,8.916233733417537,7.25593231206241,-2.173564065254456,1
Berlin,1986-02-01,-6.281000000000001,0.2,Germany,-6.855,0.28300000000000003,52.24N,13.14E,Winter,1950-1999,1986,8.916233733417537,7.25593231206241,-2.173564065254456,1
Umm Durman,2002-01-01,20.539,0.695,Sudan,20.956,1.554,15.27N,32.50E,Winter,2000+,2002,29.099991258741223,3.745608496838044,-2.1742772277498283,1
Berlin,1940-02-01,-4.598,0.157,Germany,-6.8610000000000015,0.376,52.24N,13.14E,Winter,1900-1949,1940,8.916233733417537,7.25593231206241,-2.174390974842632,1
Luanda,1891-07-01,18.652,1.426,Angola,19.394,0.799,8.84S,13.78E,Summer,1850-1899,1891,23.693624999999972,1.9772898443441755,-2.1745041640195484,1
Cali,1855-11-01,23.729,0.861,Colombia,20.243,1.222,4.02N,76.34W,Autumn,1850-1899,1855,21.797027204030183,0.7145867350297902,-2.1747215948045815,1
Cali,1882-04-01,23.395,0.695,Colombia,20.243,0.906,4.02N,76.34W,Spring,1850-1899,1882,21.797027204030183,0.7145867350297902,-2.1747215948045815,1
Kiev,1861-01-01,-12.107,1.239,Ukraine,-14.218,1.3019999999999998,50.63N,31.69E,Winter,1850-1899,1861,7.041032849020818,9.770855476921923,-2.1757596250638613,1
Jakarta,1867-12-01,25.22,1.329,Indonesia,25.098000000000006,1.744,5.63S,106.55E,Winter,1850-1899,1867,26.50820968600322,0.6476391669901195,-2.1774620157040747,1
Mexico,1881-01-01,13.005999999999998,0.96,Mexico,10.741,0.789,20.09N,98.96W,Winter,1850-1899,1881,15.717422377622361,2.285341681739848,-2.177539760196284,1
Surat,1883-12-01,15.32,0.748,India,17.998,1.078,21.70N,73.56E,Winter,1850-1899,1883,26.33085645933014,3.8260724084002984,-2.177913946697666,1
Singapore,1890-12-01,24.906,0.7190000000000001,Singapore,24.906,0.747,0.80N,103.66E,Winter,1850-1899,1890,26.523102826510698,0.7423962997429765,-2.1782204828749188,1
Rangoon,1915-12-01,18.636,0.5,Burma,22.708000000000002,1.3030000000000002,16.87N,95.44E,Winter,1900-1949,1915,26.7657128227961,1.8628121863915033,-2.1782726419974674,1
Luanda,1943-07-01,18.25,0.616,Angola,19.386000000000006,1.746,8.84S,13.78E,Summer,1900-1949,1943,23.693624999999972,1.9772898443441755,-2.178550106005684,1
Luanda,1895-07-01,18.055999999999997,1.102,Angola,19.386000000000006,1.329,8.84S,13.78E,Summer,1850-1899,1895,23.693624999999972,1.9772898443441755,-2.178550106005684,1
Bangkok,1893-01-01,21.41,1.063,Thailand,23.436,1.257,13.66N,99.91E,Winter,1850-1899,1893,27.164733303650955,1.7112234411641587,-2.178986807891241,1
Nairobi,1859-07-01,21.896,0.946,Kenya,13.79,1.087,0.80S,36.16E,Summer,1850-1899,1859,16.08139511323004,1.051538853334252,-2.1790874449996926,1
Salvador,1892-07-01,22.366999999999997,0.941,Brazil,21.735,1.21,13.66S,38.81W,Summer,1850-1899,1892,24.65697137404586,1.3404275594524262,-2.1798801087315045,1
Manila,1939-12-01,24.767,0.264,Philippines,23.616999999999997,0.327,15.27N,120.83E,Winter,1900-1949,1939,26.48771164021164,1.316208504306938,-2.181046263428637,1
Bogotá,1916-12-01,23.502,0.5660000000000001,Colombia,18.419,0.6409999999999999,4.02N,74.73W,Winter,1900-1949,1916,20.002264618434126,0.725749869395096,-2.181556876825562,1
Harare,1928-07-01,14.579999999999998,0.305,Zimbabwe,13.944,0.413,18.48S,30.42E,Summer,1900-1949,1928,20.207842011834323,2.8706748260071024,-2.1820102907813026,1
Rangoon,1869-12-01,17.747999999999994,1.443,Burma,22.701,1.927,16.87N,95.44E,Winter,1850-1899,1869,26.7657128227961,1.8628121863915033,-2.182030401395403,1
Mexico,1906-01-01,14.042,0.688,Mexico,10.729000000000001,1.064,20.09N,98.96W,Winter,1900-1949,1906,15.717422377622361,2.285341681739848,-2.1827906161605717,1
Moscow,1861-01-01,-29.46,2.182,Russia,-18.266,1.418,55.45N,36.85E,Winter,1850-1899,1861,4.063435758835766,10.227504601600486,-2.183273108021038,1
Cali,1908-12-01,23.706,0.6679999999999999,Colombia,20.236,0.754,4.02N,76.34W,Winter,1900-1949,1908,21.797027204030183,0.7145867350297902,-2.1845174665397407,1
Ho Chi Minh City,1904-02-01,19.664,0.784,Vietnam,24.589000000000002,0.604,10.45N,107.18E,Winter,1900-1949,1904,27.193983566940545,1.1924610325051177,-2.1845439774815985,1
Nairobi,1964-07-01,21.991,0.159,Kenya,13.784,0.32299999999999995,0.80S,36.16E,Summer,1950-1999,1964,16.08139511323004,1.051538853334252,-2.184793368257757,1
Ibadan,1892-07-01,24.624,0.753,Nigeria,23.175,0.55,7.23N,4.05E,Summer,1850-1899,1892,26.37310517141197,1.4635332652808781,-2.185194725176402,1
Rangoon,1918-01-01,17.487000000000002,0.633,Burma,22.694000000000003,0.7240000000000001,16.87N,95.44E,Winter,1900-1949,1918,26.7657128227961,1.8628121863915033,-2.1857881607933365,1
Ibadan,1907-08-01,24.573,0.478,Nigeria,23.174,0.836,7.23N,4.05E,Summer,1900-1949,1907,26.37310517141197,1.4635332652808781,-2.1858780031200773,1
Kinshasa,1900-07-01,22.706999999999997,0.754,Congo (Democratic Republic Of The),21.346,1.053,4.02S,15.27E,Summer,1900-1949,1900,23.87144177881803,1.155259797078266,-2.186037967568033,1
Harare,1953-07-01,14.477,0.22,Zimbabwe,13.932,0.259,18.48S,30.42E,Summer,1950-1999,1953,20.207842011834323,2.8706748260071024,-2.1861904925552147,1
Ho Chi Minh City,1855-12-01,18.564,1.794,Vietnam,24.587,1.923,10.45N,107.18E,Winter,1850-1899,1855,27.193983566940545,1.1924610325051177,-2.1862211811347865,1
Rio De Janeiro,1858-10-01,24.339,1.026,Brazil,19.738,3.011,23.31S,42.82W,Autumn,1850-1899,1858,23.788915553435086,1.8528177099687193,-2.1863540766260683,1
Nairobi,1890-08-01,21.698,1.281,Kenya,13.782,1.3,0.80S,36.16E,Summer,1850-1899,1890,16.08139511323004,1.051538853334252,-2.186695342677113,1
Paris,1830-01-01,2.5170000000000003,3.597,France,-2.509,3.483,49.03N,2.45E,Winter,1800-1849,1830,10.402644346178128,5.904354503273548,-2.1868003249160486,1
Bangalore,1847-12-01,15.558000000000002,1.132,India,20.773000000000003,1.544,12.05N,77.26E,Winter,1800-1849,1847,24.85589593301432,1.86683919647516,-2.1870635353721766,1
São Paulo,1889-06-01,22.464,0.913,Brazil,14.204999999999998,2.13,23.31S,46.31W,Summer,1850-1899,1889,19.699367843511446,2.5120828714300134,-2.1871761899255167,1
Kiev,1848-01-01,-12.584000000000001,1.989,Ukraine,-14.334000000000001,1.996,50.63N,31.69E,Winter,1800-1849,1848,7.041032849020818,9.770855476921923,-2.1876316663885933,1
Brasília,1856-07-01,22.881999999999998,0.921,Brazil,18.898,1.485,15.27S,47.50W,Summer,1850-1899,1856,21.727594942748073,1.29338785325707,-2.1877389180843587,1
Sydney,1859-07-01,13.462000000000002,1.36,Australia,12.231,0.952,34.56S,151.78E,Summer,1850-1899,1859,17.028288601036255,2.1925151132074188,-2.1880298895720394,1
Bogotá,1829-11-01,23.678,2.02,Colombia,18.414,2.16,4.02N,74.73W,Autumn,1800-1849,1829,20.002264618434126,0.725749869395096,-2.1884463027984062,1
Brasília,1891-07-01,22.776,0.5670000000000001,Brazil,18.897000000000002,0.952,15.27S,47.50W,Summer,1850-1899,1891,21.727594942748073,1.29338785325707,-2.188512081368272,1
Brasília,1875-06-01,22.525,1.025,Brazil,18.897,1.383,15.27S,47.50W,Summer,1850-1899,1875,21.727594942748073,1.29338785325707,-2.1885120813682746,1
Bangalore,1813-12-01,15.815999999999999,1.602,India,20.77,1.808,12.05N,77.26E,Winter,1800-1849,1813,24.85589593301432,1.86683919647516,-2.188670529700166,1
Mogadishu,1911-07-01,26.4,0.6859999999999999,Somalia,24.886999999999997,0.6970000000000001,2.41N,45.80E,Summer,1900-1949,1911,27.151963668850545,1.0348068808055226,-2.1887790957549846,1
Salvador,1863-09-01,24.019000000000002,1.124,Brazil,21.723000000000003,1.727,13.66S,38.81W,Autumn,1850-1899,1863,24.65697137404586,1.3404275594524262,-2.1888324761424665,1
Pune,1819-01-01,14.385000000000002,2.081,India,18.066000000000006,2.467,18.48N,74.37E,Winter,1800-1849,1819,24.644615231259973,3.0054054098543914,-2.1889277265853773,1
Singapore,1887-02-01,24.898000000000003,1.131,Singapore,24.898000000000003,1.155,0.80N,103.66E,Winter,1850-1899,1887,26.523102826510698,0.7423962997429765,-2.188996398653008,1
Rangoon,1903-12-01,17.896,0.529,Burma,22.688000000000002,0.845,16.87N,95.44E,Winter,1900-1949,1903,26.7657128227961,1.8628121863915033,-2.1890090974201377,1
Ibadan,1857-08-01,24.089,1.136,Nigeria,23.166999999999998,1.186,7.23N,4.05E,Summer,1850-1899,1857,26.37310517141197,1.4635332652808781,-2.190660948725798,1
São Paulo,1964-07-01,22.883000000000003,0.23,Brazil,14.194,0.6809999999999999,23.31S,46.31W,Summer,1950-1999,1964,19.699367843511446,2.5120828714300134,-2.1915550263584627,1
Kinshasa,1922-07-01,22.648000000000003,0.604,Congo (Democratic Republic Of The),21.339000000000002,0.5479999999999999,4.02S,15.27E,Summer,1900-1949,1922,23.87144177881803,1.155259797078266,-2.192097210707716,1
Santo Domingo,1861-01-01,22.685,1.369,Dominican Republic,23.084,1.429,18.48N,69.30W,Winter,1850-1899,1861,25.976776619845918,1.3191865802064948,-2.192848732127874,1
Berlin,1850-01-01,-6.307,1.492,Germany,-6.997000000000001,1.548,52.24N,13.14E,Winter,1850-1899,1850,8.916233733417537,7.25593231206241,-2.1931342588412868,1
Chicago,1875-02-01,-4.215999999999998,1.019,United States,-8.309,0.94,42.59N,87.27W,Winter,1850-1899,1875,10.103165592264308,8.39423628181349,-2.1934295121231147,1
Kano,1918-01-01,23.201,0.446,Nigeria,19.407,1.111,12.05N,8.22E,Winter,1900-1949,1918,26.14053689715283,3.0692316203702887,-2.193883593686051,1
Bombay,1962-01-01,15.838,0.206,India,23.101,0.526,18.48N,72.68E,Winter,1950-1999,1962,26.631452153110118,1.6088910655520077,-2.1943388391549226,1
Ho Chi Minh City,1870-01-01,18.378,1.0659999999999998,Vietnam,24.577,1.214,10.45N,107.18E,Winter,1850-1899,1870,27.193983566940545,1.1924610325051177,-2.194607199400717,1
Kinshasa,1857-08-01,22.348000000000003,0.8109999999999999,Congo (Democratic Republic Of The),21.335,1.15,4.02S,15.27E,Summer,1850-1899,1857,23.87144177881803,1.155259797078266,-2.1955596353589657,1
Sydney,1896-07-01,12.761,0.4,Australia,12.214,0.271,34.56S,151.78E,Summer,1850-1899,1896,17.028288601036255,2.1925151132074188,-2.195783541940314,1
Nairobi,1907-08-01,22.016,0.38,Kenya,13.772,0.695,0.80S,36.16E,Summer,1900-1949,1907,16.08139511323004,1.051538853334252,-2.1962052147738897,1
São Paulo,1892-07-01,22.366999999999997,0.941,Brazil,14.182,2.382,23.31S,46.31W,Summer,1850-1899,1892,19.699367843511446,2.5120828714300134,-2.1963319388307685,1
Luanda,1884-07-01,17.493000000000002,0.65,Angola,19.35,0.5760000000000001,8.84S,13.78E,Summer,1850-1899,1884,23.693624999999972,1.9772898443441755,-2.196756844943316,1
Jakarta,1885-01-01,24.962,1.072,Indonesia,25.085,1.046,5.63S,106.55E,Winter,1850-1899,1885,26.50820968600322,0.6476391669901195,-2.197534921517388,1
Hyderabad,1883-12-01,15.32,0.748,India,19.576,1.007,16.87N,78.70E,Winter,1850-1899,1883,26.869334928229677,3.3184209293223277,-2.197832970430031,1
Bombay,1983-02-01,19.090999999999998,0.264,India,23.095,0.642,18.48N,72.68E,Winter,1950-1999,1983,26.631452153110118,1.6088910655520077,-2.198068115877546,1
Brasília,1887-07-01,22.895,0.81,Brazil,18.884,1.141,15.27S,47.50W,Summer,1850-1899,1887,21.727594942748073,1.29338785325707,-2.1985632040591683,1
Bombay,1817-01-01,15.915999999999999,4.174,India,23.094,4.185,18.48N,72.68E,Winter,1800-1849,1817,26.631452153110118,1.6088910655520077,-2.1986896619979817,1
Dhaka,1861-01-01,16.468,1.386,Bangladesh,16.967000000000002,1.665,23.31N,90.00E,Winter,1850-1899,1861,25.49650177935943,3.8792347810678254,-2.1987588431065617,1
Bangkok,1816-10-01,22.416,4.303,Thailand,23.402,4.323,13.66N,99.91E,Autumn,1800-1849,1816,27.164733303650955,1.7112234411641587,-2.1988556334239653,1
Bogotá,1898-03-01,23.5,1.132,Colombia,18.406,1.399,4.02N,74.73W,Spring,1850-1899,1898,20.002264618434126,0.725749869395096,-2.199469384354963,1
Taipei,1886-02-01,12.836,2.406,Taiwan,13.063,2.135,24.92N,122.36E,Winter,1850-1899,1886,22.20984637681165,4.158411379148874,-2.1996011319793443,1
Dhaka,1849-01-01,16.54,1.882,Bangladesh,16.962,2.017,23.31N,90.00E,Winter,1800-1849,1849,25.49650177935943,3.8792347810678254,-2.2000477571017663,1
Kinshasa,1936-07-01,22.653,0.789,Congo (Democratic Republic Of The),21.329,0.727,4.02S,15.27E,Summer,1900-1949,1936,23.87144177881803,1.155259797078266,-2.2007532723358385,1
Cali,1828-01-01,23.381,1.423,Colombia,20.224,1.843,4.02N,76.34W,Winter,1800-1849,1828,21.797027204030183,0.7145867350297902,-2.2013103895143047,1
Cali,1853-11-01,23.713,1.405,Colombia,20.224,1.616,4.02N,76.34W,Autumn,1850-1899,1853,21.797027204030183,0.7145867350297902,-2.2013103895143047,1
Mashhad,1964-01-01,-0.014999999999999682,0.426,Iran,-6.709,1.682,36.17N,59.67E,Winter,1950-1999,1964,12.593995752713525,8.768714588035229,-2.201348391365384,1
Singapore,1856-12-01,24.888,1.5619999999999998,Singapore,24.888,1.656,0.80N,103.66E,Winter,1850-1899,1856,26.523102826510698,0.7423962997429765,-2.2024662933756294,1
Mexico,1958-01-01,13.677999999999999,0.225,Mexico,10.684000000000001,0.358,20.09N,98.96W,Winter,1950-1999,1958,15.717422377622361,2.285341681739848,-2.2024813260266525,1
Bangkok,1863-12-01,21.687,1.235,Thailand,23.395,1.41,13.66N,99.91E,Winter,1850-1899,1863,27.164733303650955,1.7112234411641587,-2.2029462739748213,1
Belo Horizonte,1879-06-01,22.655,1.063,Brazil,16.798,2.535,20.09S,44.36W,Summer,1850-1899,1879,21.071396469465675,1.9392794852659099,-2.2036001009311548,1
Mashhad,1904-01-01,2.077,0.8109999999999999,Iran,-6.729,1.5219999999999998,36.17N,59.67E,Winter,1900-1949,1904,12.593995752713525,8.768714588035229,-2.2036292273760902,1
Jakarta,1866-12-01,25.314,1.027,Indonesia,25.081,1.36,5.63S,106.55E,Winter,1850-1899,1866,26.50820968600322,0.6476391669901195,-2.203711200229176,1
Surabaya,1840-03-01,24.353,0.836,Indonesia,25.218000000000004,1.295,7.23S,112.70E,Spring,1800-1849,1840,26.809904204363992,0.7222059652253093,-2.2042246686059372,1
Luanda,1932-07-01,17.227,0.377,Angola,19.335,0.46,8.84S,13.78E,Summer,1900-1949,1932,23.693624999999972,1.9772898443441755,-2.2043429861673283,1
Luanda,1904-07-01,17.819000000000003,0.603,Angola,19.334000000000003,0.507,8.84S,13.78E,Summer,1900-1949,1904,23.693624999999972,1.9772898443441755,-2.2048487289155947,1
Salvador,1904-08-01,23.415,0.931,Brazil,21.7,1.26,13.66S,38.81W,Summer,1900-1949,1904,24.65697137404586,1.3404275594524262,-2.2059911803468166,1
Belo Horizonte,1834-06-01,22.409,1.829,Brazil,16.793,2.5580000000000003,20.09S,44.36W,Summer,1800-1849,1834,21.071396469465675,1.9392794852659099,-2.2061783780892372,1
Lagos,1892-07-01,24.624,0.753,Nigeria,24.639000000000006,0.536,5.63N,3.23E,Summer,1850-1899,1892,26.578698431144726,0.8791503828306382,-2.206332919857681,1
Santo Domingo,1887-02-01,22.7,1.432,Dominican Republic,23.065,1.426,18.48N,69.30W,Winter,1850-1899,1887,25.976776619845918,1.3191865802064948,-2.2072515469268423,1
Bombay,1803-02-01,18.271,2.605,India,23.08,2.794,18.48N,72.68E,Winter,1800-1849,1803,26.631452153110118,1.6088910655520077,-2.207391307684105,1
Berlin,1987-01-01,-5.984,0.335,Germany,-7.102,0.344,52.24N,13.14E,Winter,1950-1999,1987,8.916233733417537,7.25593231206241,-2.207605176634366,1
Kinshasa,1953-07-01,22.726999999999997,0.127,Congo (Democratic Republic Of The),21.321,0.297,4.02S,15.27E,Summer,1950-1999,1953,23.87144177881803,1.155259797078266,-2.2076781216383345,1
Karachi,1935-01-01,6.5760000000000005,0.5670000000000001,Pakistan,15.558000000000002,0.8,24.92N,67.39E,Winter,1900-1949,1935,26.07719693978284,4.764104583671367,-2.208011338759574,1
Bangkok,1917-12-01,21.761,0.667,Thailand,23.386,0.757,13.66N,99.91E,Winter,1900-1949,1917,27.164733303650955,1.7112234411641587,-2.208205668968778,1
Lagos,1907-08-01,24.573,0.478,Nigeria,24.636999999999997,0.6829999999999999,5.63N,3.23E,Summer,1900-1949,1907,26.578698431144726,0.8791503828306382,-2.208607843510185,1
Lagos,1892-10-01,25.451999999999998,0.902,Nigeria,24.636999999999997,0.537,5.63N,3.23E,Autumn,1850-1899,1892,26.578698431144726,0.8791503828306382,-2.208607843510185,1
Lagos,1888-09-01,25.086,0.62,Nigeria,24.636,0.621,5.63N,3.23E,Autumn,1850-1899,1888,26.578698431144726,0.8791503828306382,-2.209745305336429,1
Belo Horizonte,1882-07-01,22.371,0.8,Brazil,16.785,1.006,20.09S,44.36W,Summer,1850-1899,1882,21.071396469465675,1.9392794852659099,-2.2103036215421694,1
Brasília,1963-06-01,23.136000000000006,0.38,Brazil,18.868,0.507,15.27S,47.50W,Summer,1950-1999,1963,21.727594942748073,1.29338785325707,-2.2109338166018095,1
Guangzhou,1930-01-01,-11.212,0.6459999999999999,China,8.861999999999998,1.145,23.31N,112.72E,Winter,1900-1949,1930,21.608684261036466,5.76498405864825,-2.211052820157365,1
São Paulo,1911-07-01,22.505,0.391,Brazil,14.145,0.562,23.31S,46.31W,Summer,1900-1949,1911,19.699367843511446,2.5120828714300134,-2.2110607522870454,1
Bombay,1968-02-01,18.659000000000002,0.225,India,23.074,0.7609999999999999,18.48N,72.68E,Winter,1950-1999,1968,26.631452153110118,1.6088910655520077,-2.2111205844067268,1
Jakarta,1870-09-01,25.02,0.8909999999999999,Indonesia,25.076,1.166,5.63S,106.55E,Autumn,1850-1899,1870,26.50820968600322,0.6476391669901195,-2.2114315486189073,1
Santo Domingo,1857-01-01,22.55,1.245,Dominican Republic,23.059,1.3869999999999998,18.48N,69.30W,Winter,1850-1899,1857,25.976776619845918,1.3191865802064948,-2.21179980423178,1
Mashhad,1930-01-01,2.0730000000000004,0.93,Iran,-6.801,2.7260000000000004,36.17N,59.67E,Winter,1900-1949,1930,12.593995752713525,8.768714588035229,-2.211840237014635,1
Rio De Janeiro,1839-09-01,23.761,1.153,Brazil,19.689,1.7480000000000002,23.31S,42.82W,Autumn,1800-1849,1839,23.788915553435086,1.8528177099687193,-2.2128002832530695,1
Abidjan,1903-08-01,23.429000000000002,0.514,Côte D'Ivoire,23.057,0.787,5.63N,3.23W,Summer,1900-1949,1903,26.163737197523968,1.4037149934407556,-2.213225057822317,1
Rio De Janeiro,1839-10-01,24.186,1.386,Brazil,19.688,2.662,23.31S,42.82W,Autumn,1800-1849,1839,23.788915553435086,1.8528177099687193,-2.213340001755662,1
Fortaleza,1899-02-01,24.313,1.077,Brazil,24.392,3.23,4.02S,40.98W,Winter,1850-1899,1899,27.008639541892673,1.1821881896846826,-2.213386637359821,1
London,1947-02-01,-0.5460000000000007,0.171,United Kingdom,-1.956,0.219,52.24N,0.00W,Winter,1900-1949,1947,9.459037902716338,5.154544624143942,-2.2145579745780406,1
Lagos,1895-08-01,24.711,0.7809999999999999,Nigeria,24.631,0.38,5.63N,3.23E,Summer,1850-1899,1895,26.578698431144726,0.8791503828306382,-2.2154326144676615,1
Manila,1893-01-01,23.906,0.936,Philippines,23.571,1.269,15.27N,120.83E,Winter,1850-1899,1893,26.48771164021164,1.316208504306938,-2.215995133497074,1
Brasília,1918-07-01,22.71,0.339,Brazil,18.859,0.815,15.27S,47.50W,Summer,1900-1949,1918,21.727594942748073,1.29338785325707,-2.217892286157042,1
Salvador,1858-08-01,23.519,0.934,Brazil,21.684,1.535,13.66S,38.81W,Summer,1850-1899,1858,24.65697137404586,1.3404275594524262,-2.2179276702281006,1
Ho Chi Minh City,1870-02-01,18.938,1.279,Vietnam,24.549,1.375,10.45N,107.18E,Winter,1850-1899,1870,27.193983566940545,1.1924610325051177,-2.218088050545328,1
Bombay,1964-01-01,16.468,0.266,India,23.061,0.5710000000000001,18.48N,72.68E,Winter,1950-1999,1964,26.631452153110118,1.6088910655520077,-2.219200683972412,1
Singapore,1864-12-01,24.875,1.371,Singapore,24.875,1.615,0.80N,103.66E,Winter,1850-1899,1864,26.523102826510698,0.7423962997429765,-2.2199771565150366,1
Salvador,1904-07-01,22.774,0.99,Brazil,21.680999999999997,1.009,13.66S,38.81W,Summer,1900-1949,1904,24.65697137404586,1.3404275594524262,-2.2201657620808444,1
São Paulo,1837-06-01,21.866,1.405,Brazil,14.122,2.613,23.31S,46.31W,Summer,1800-1849,1837,19.699367843511446,2.5120828714300134,-2.220216501192298,1
Surabaya,1950-07-01,25.401,0.301,Indonesia,25.206,1.151,7.23S,112.70E,Summer,1950-1999,1950,26.809904204363992,0.7222059652253093,-2.2208404272368703,1
Belo Horizonte,1925-07-01,22.811,0.34700000000000003,Brazil,16.764,0.507,20.09S,44.36W,Summer,1900-1949,1925,21.071396469465675,1.9392794852659099,-2.2211323856061185,1
Luanda,1888-07-01,17.632,1.107,Angola,19.301,0.7340000000000001,8.84S,13.78E,Summer,1850-1899,1888,23.693624999999972,1.9772898443441755,-2.221538239608424,1
Brasília,1879-06-01,22.655,1.063,Brazil,18.854,1.886,15.27S,47.50W,Summer,1850-1899,1879,21.727594942748073,1.29338785325707,-2.2217581025766187,1
Dhaka,1937-01-01,16.457,0.229,Bangladesh,16.875,0.235,23.31N,90.00E,Winter,1900-1949,1937,25.49650177935943,3.8792347810678254,-2.222474860618314,1
Mogadishu,1904-01-01,23.721,1.233,Somalia,24.851999999999997,1.263,2.41N,45.80E,Winter,1900-1949,1904,27.151963668850545,1.0348068808055226,-2.222601831812514,1
Ho Chi Minh City,1861-02-01,18.455,1.265,Vietnam,24.543000000000003,1.3869999999999998,10.45N,107.18E,Winter,1850-1899,1861,27.193983566940545,1.1924610325051177,-2.2231196615048847,1
Dhaka,1848-01-01,16.352999999999998,1.3130000000000002,Bangladesh,16.87,1.4269999999999998,23.31N,90.00E,Winter,1800-1849,1848,25.49650177935943,3.8792347810678254,-2.2237637746135177,1
Singapore,1870-02-01,24.872,1.171,Singapore,24.872,1.215,0.80N,103.66E,Winter,1850-1899,1870,26.523102826510698,0.7423962997429765,-2.2240181249318227,1
Surat,1819-01-01,14.385000000000002,2.081,India,17.820999999999998,2.302,21.70N,73.56E,Winter,1800-1849,1819,26.33085645933014,3.8260724084002984,-2.2241754862365917,1
Luanda,1914-07-01,17.973,0.638,Angola,19.295,0.479,8.84S,13.78E,Summer,1900-1949,1914,23.693624999999972,1.9772898443441755,-2.224572696098027,1
London,1890-12-01,0.8470000000000004,0.665,United Kingdom,-2.008,0.5539999999999999,52.24N,0.00W,Winter,1850-1899,1890,9.459037902716338,5.154544624143942,-2.224646159624773,1
Ho Chi Minh City,1909-12-01,19.204,0.326,Vietnam,24.541,0.362,10.45N,107.18E,Winter,1900-1949,1909,27.193983566940545,1.1924610325051177,-2.224796865158073,1
London,1795-01-01,0.00199999999999978,6.485,United Kingdom,-2.011000000000001,6.723,52.24N,0.00W,Winter,Pre-1800,1795,9.459037902716338,5.154544624143942,-2.2252281703005456,1
Brasília,1836-06-01,22.469,1.081,Brazil,18.848,1.394,15.27S,47.50W,Summer,1800-1849,1836,21.727594942748073,1.29338785325707,-2.226397082280109,1
Umm Durman,1861-01-01,20.535999999999998,1.75,Sudan,20.76,2.189,15.27N,32.50E,Winter,1850-1899,1861,29.099991258741223,3.745608496838044,-2.2266051739741752,1
Chicago,1912-01-01,-5.591,0.624,United States,-8.59,0.828,42.59N,87.27W,Winter,1900-1949,1912,10.103165592264308,8.39423628181349,-2.2269048624189836,1
Ahmadabad,1838-01-01,14.552,2.209,India,17.041,2.395,23.31N,72.52E,Winter,1800-1849,1838,26.52985294117648,4.2609333299501255,-2.2269423636552292,1
Ho Chi Minh City,1871-12-01,18.261000000000006,1.171,Vietnam,24.538,1.253,10.45N,107.18E,Winter,1850-1899,1871,27.193983566940545,1.1924610325051177,-2.2273126706378528,1
Belo Horizonte,1975-07-01,22.693,0.292,Brazil,16.752,0.487,20.09S,44.36W,Summer,1950-1999,1975,21.071396469465675,1.9392794852659099,-2.227320250785518,1
São Paulo,1925-07-01,22.811,0.34700000000000003,Brazil,14.103000000000002,0.289,23.31S,46.31W,Summer,1900-1949,1925,19.699367843511446,2.5120828714300134,-2.227779945940115,1
Umm Durman,1930-01-01,20.892,0.951,Sudan,20.752,1.2009999999999998,15.27N,32.50E,Winter,1900-1949,1930,29.099991258741223,3.745608496838044,-2.2287410085139454,1
Surat,1838-01-01,14.552,2.209,India,17.803,2.396,21.70N,73.56E,Winter,1800-1849,1838,26.33085645933014,3.8260724084002984,-2.2288800495795327,1
Brasília,1843-06-01,22.427,1.086,Brazil,18.844,1.361,15.27S,47.50W,Summer,1800-1849,1843,21.727594942748073,1.29338785325707,-2.229489735415767,1
Ibadan,1887-07-01,24.541999999999998,0.912,Nigeria,23.11,0.6759999999999999,7.23N,4.05E,Summer,1850-1899,1887,26.37310517141197,1.4635332652808781,-2.22960779151523,1
Mogadishu,1883-07-01,25.842,2.251,Somalia,24.844,1.91,2.41N,45.80E,Summer,1850-1899,1883,27.151963668850545,1.0348068808055226,-2.2303327429113735,1
Manila,1963-01-01,24.15,0.16,Philippines,23.551,0.315,15.27N,120.83E,Winter,1950-1999,1963,26.48771164021164,1.316208504306938,-2.231190294396399,1
Rangoon,1916-01-01,17.917,0.366,Burma,22.609,0.502,16.87N,95.44E,Winter,1900-1949,1916,26.7657128227961,1.8628121863915033,-2.231418096339687,1
Belo Horizonte,1859-07-01,22.819000000000003,1.161,Brazil,16.744,2.4290000000000003,20.09S,44.36W,Summer,1850-1899,1859,21.071396469465675,1.9392794852659099,-2.23144549423845,1
Bangkok,1955-12-01,21.603,0.307,Thailand,23.346,0.174,13.66N,99.91E,Winter,1950-1999,1955,27.164733303650955,1.7112234411641587,-2.231580757830807,1
Ibadan,1879-08-01,24.205,1.216,Nigeria,23.107,1.271,7.23N,4.05E,Summer,1850-1899,1879,26.37310517141197,1.4635332652808781,-2.231657625346253,1
Saint Petersburg,1929-02-01,-26.355999999999998,0.63,Russia,-15.710999999999999,0.259,60.27N,29.19E,Winter,1900-1949,1929,4.009562577962576,8.834361114671651,-2.23225678936892,1
Ibadan,1889-07-01,24.872,1.104,Nigeria,23.105,1.666,7.23N,4.05E,Summer,1850-1899,1889,26.37310517141197,1.4635332652808781,-2.233024181233601,1
Rangoon,1914-01-01,17.76,0.799,Burma,22.605999999999998,1.226,16.87N,95.44E,Winter,1900-1949,1914,26.7657128227961,1.8628121863915033,-2.2330285646530896,1
Kinshasa,1894-07-01,22.565,0.477,Congo (Democratic Republic Of The),21.291,0.596,4.02S,15.27E,Summer,1850-1899,1894,23.87144177881803,1.155259797078266,-2.233646306522698,1
Moscow,1940-01-01,-28.861,0.28,Russia,-18.785999999999998,0.282,55.45N,36.85E,Winter,1900-1949,1940,4.063435758835766,10.227504601600486,-2.2341163997384164,1
Dhaka,1874-01-01,16.315,2.617,Bangladesh,16.827,2.599,23.31N,90.00E,Winter,1850-1899,1874,25.49650177935943,3.8792347810678254,-2.2348484349722706,1
Bangkok,1867-12-01,21.838,2.151,Thailand,23.339000000000002,2.603,13.66N,99.91E,Winter,1850-1899,1867,27.164733303650955,1.7112234411641587,-2.235671398381661,1
Lagos,1899-01-01,23.304,0.659,Nigeria,24.613000000000003,1.032,5.63N,3.23E,Winter,1850-1899,1899,26.578698431144726,0.8791503828306382,-2.235906927340098,1
Nairobi,1883-07-01,21.686,1.305,Kenya,13.729,1.356,0.80S,36.16E,Summer,1850-1899,1883,16.08139511323004,1.051538853334252,-2.237097664790031,1
Saint Petersburg,1862-01-01,-28.831999999999997,2.394,Russia,-15.754,1.753,60.27N,29.19E,Winter,1850-1899,1862,4.009562577962576,8.834361114671651,-2.2371241475674193,1
Paris,1890-12-01,3.125,0.8959999999999999,France,-2.8070000000000004,1.075,49.03N,2.45E,Winter,1850-1899,1890,10.402644346178128,5.904354503273548,-2.2372715491345097,1
Bangkok,1855-12-01,21.565,1.82,Thailand,23.336,2.027,13.66N,99.91E,Winter,1850-1899,1855,27.164733303650955,1.7112234411641587,-2.2374245300463156,1
Nairobi,1906-08-01,22.004,0.464,Kenya,13.728,0.391,0.80S,36.16E,Summer,1900-1949,1906,16.08139511323004,1.051538853334252,-2.238048651999708,1
Rangoon,1955-12-01,17.595,0.276,Burma,22.596,0.449,16.87N,95.44E,Winter,1950-1999,1955,26.7657128227961,1.8628121863915033,-2.2383967923644237,1
Rio De Janeiro,1912-09-01,24.349,0.399,Brazil,19.641,0.9,23.31S,42.82W,Autumn,1900-1949,1912,23.788915553435086,1.8528177099687193,-2.2387067713774798,1
Umm Durman,2007-01-01,21.213,0.531,Sudan,20.712,0.512,15.27N,32.50E,Winter,2000+,2007,29.099991258741223,3.745608496838044,-2.2394201812127914,1
Paris,1940-01-01,3.1330000000000005,0.479,France,-2.8289999999999997,0.358,49.03N,2.45E,Winter,1900-1949,1940,10.402644346178128,5.904354503273548,-2.240997612667416,1
Bombay,1803-01-01,15.603000000000002,1.764,India,23.025,1.894,18.48N,72.68E,Winter,1800-1849,1803,26.631452153110118,1.6088910655520077,-2.241576344308154,1
Rangoon,1875-01-01,17.046,0.665,Burma,22.59,0.7290000000000001,16.87N,95.44E,Winter,1850-1899,1875,26.7657128227961,1.8628121863915033,-2.2416177289912254,1
Moscow,1987-01-01,-28.230999999999998,0.238,Russia,-18.87,0.329,55.45N,36.85E,Winter,1950-1999,1987,4.063435758835766,10.227504601600486,-2.242329546861993,1
London,1855-02-01,-0.6720000000000002,1.671,United Kingdom,-2.1,1.625,52.24N,0.00W,Winter,1850-1899,1855,9.459037902716338,5.154544624143942,-2.242494487015144,1
Manila,1878-01-01,24.093000000000004,1.143,Philippines,23.535999999999998,1.555,15.27N,120.83E,Winter,1850-1899,1878,26.48771164021164,1.316208504306938,-2.242586665070891,1
Abidjan,1876-08-01,23.151,1.558,Côte D'Ivoire,23.015,1.5830000000000002,5.63N,3.23W,Summer,1850-1899,1876,26.163737197523968,1.4037149934407556,-2.243145661503445,1
Kiev,1838-01-01,-13.192,2.682,Ukraine,-14.88,2.887,50.63N,31.69E,Winter,1800-1849,1838,7.041032849020818,9.770855476921923,-2.2435121367619,1
Mexico,1850-12-01,12.878,1.2819999999999998,Mexico,10.59,1.5830000000000002,20.09N,98.96W,Winter,1850-1899,1850,15.717422377622361,2.285341681739848,-2.243613031080243,1
Dhaka,1899-01-01,16.335,0.695,Bangladesh,16.793000000000006,0.701,23.31N,90.00E,Winter,1850-1899,1899,25.49650177935943,3.8792347810678254,-2.243613050139656,1
London,1895-02-01,-0.6860000000000004,0.632,United Kingdom,-2.1109999999999998,0.863,52.24N,0.00W,Winter,1850-1899,1895,9.459037902716338,5.154544624143942,-2.244628526159645,1
Lagos,1889-07-01,24.872,1.104,Nigeria,24.605,1.7480000000000002,5.63N,3.23E,Summer,1850-1899,1889,26.578698431144726,0.8791503828306382,-2.2450066219500746,1
Bangalore,1883-12-01,15.32,0.748,India,20.664,0.772,12.05N,77.26E,Winter,1850-1899,1883,24.85589593301432,1.86683919647516,-2.245450995955717,1
Brasília,1917-05-01,22.322,0.402,Brazil,18.823,0.733,15.27S,47.50W,Spring,1900-1949,1917,21.727594942748073,1.29338785325707,-2.2457261643779827,1
Moscow,1929-02-01,-26.355999999999998,0.63,Russia,-18.905,0.76,55.45N,36.85E,Winter,1900-1949,1929,4.063435758835766,10.227504601600486,-2.2457516914968165,1
Calcutta,1853-01-01,15.862000000000002,1.72,India,16.549000000000003,2.932,23.31N,88.25E,Winter,1850-1899,1853,26.046089712918633,4.228135310671929,-2.2461650385094623,1
Bogotá,1828-01-01,23.381,1.423,Colombia,18.372,1.815,4.02N,74.73W,Winter,1800-1849,1828,20.002264618434126,0.725749869395096,-2.246317480970313,1
Mexico,1875-01-01,13.565,1.241,Mexico,10.582999999999998,1.6769999999999998,20.09N,98.96W,Winter,1850-1899,1875,15.717422377622361,2.285341681739848,-2.2466760303927455,1
Saint Petersburg,1820-01-01,-28.645,6.153,Russia,-15.839,8.875,60.27N,29.19E,Winter,1800-1849,1820,4.009562577962576,8.834361114671651,-2.2467456695877086,1
Belo Horizonte,1962-06-01,23.011000000000006,0.552,Brazil,16.714000000000002,0.545,20.09S,44.36W,Summer,1950-1999,1962,21.071396469465675,1.9392794852659099,-2.2469151571869466,1
Singapore,1872-02-01,24.855,1.214,Singapore,24.855,1.256,0.80N,103.66E,Winter,1850-1899,1872,26.523102826510698,0.7423962997429765,-2.2469169459602747,1
Singapore,1867-12-01,24.855,1.505,Singapore,24.855,1.5719999999999998,0.80N,103.66E,Winter,1850-1899,1867,26.523102826510698,0.7423962997429765,-2.2469169459602747,1
Berlin,1803-01-01,-5.48,5.0139999999999985,Germany,-7.388999999999999,6.2360000000000015,52.24N,13.14E,Winter,1800-1849,1803,8.916233733417537,7.25593231206241,-2.2471590186021144,1
Lagos,1887-09-01,24.921,1.475,Nigeria,24.603,1.923,5.63N,3.23E,Autumn,1850-1899,1887,26.578698431144726,0.8791503828306382,-2.2472815456025668,1
Ho Chi Minh City,1917-01-01,17.505,0.85,Vietnam,24.514,0.674,10.45N,107.18E,Winter,1900-1949,1917,27.193983566940545,1.1924610325051177,-2.2474391144760903,1
Kano,1981-01-01,23.162000000000006,0.242,Nigeria,19.239,0.379,12.05N,8.22E,Winter,1950-1999,1981,26.14053689715283,3.0692316203702887,-2.248620420612046,1
Cali,1862-01-01,23.258000000000006,0.969,Colombia,20.19,1.443,4.02N,76.34W,Winter,1850-1899,1862,21.797027204030183,0.7145867350297902,-2.2488903379422327,1
Moscow,1871-02-01,-27.006999999999998,1.964,Russia,-18.94,2.16,55.45N,36.85E,Winter,1850-1899,1871,4.063435758835766,10.227504601600486,-2.2491738361316402,1
Moscow,1956-02-01,-24.462,0.171,Russia,-18.943,0.37,55.45N,36.85E,Winter,1950-1999,1956,4.063435758835766,10.227504601600486,-2.249467162814625,1
Brasília,1927-07-01,22.57,0.627,Brazil,18.818,1.595,15.27S,47.50W,Summer,1900-1949,1927,21.727594942748073,1.29338785325707,-2.249591980797557,1
Dhaka,1814-01-01,16.282,2.615,Bangladesh,16.769000000000002,2.832,23.31N,90.00E,Winter,1800-1849,1814,25.49650177935943,3.8792347810678254,-2.249799837316636,1
Ho Chi Minh City,1945-02-01,17.456,1.835,Vietnam,24.511,2.191,10.45N,107.18E,Winter,1900-1949,1945,27.193983566940545,1.1924610325051177,-2.24995491995587,1
Dhaka,1803-01-01,16.247,1.874,Bangladesh,16.762,2.11,23.31N,90.00E,Winter,1800-1849,1803,25.49650177935943,3.8792347810678254,-2.251604316909922,1
Singapore,1903-12-01,24.851,0.513,Singapore,24.851,0.55,0.80N,103.66E,Winter,1900-1949,1903,26.523102826510698,0.7423962997429765,-2.2523049038493244,1
Ho Chi Minh City,1916-01-01,18.663,0.547,Vietnam,24.508000000000003,0.453,10.45N,107.18E,Winter,1900-1949,1916,27.193983566940545,1.1924610325051177,-2.252470725435647,1
Taipei,1901-02-01,12.682999999999998,0.536,Taiwan,12.841,0.557,24.92N,122.36E,Winter,1900-1949,1901,22.20984637681165,4.158411379148874,-2.2529869035538344,1
Kiev,1893-01-01,-13.298,0.6829999999999999,Ukraine,-14.979000000000001,0.5770000000000001,50.63N,31.69E,Winter,1850-1899,1893,7.041032849020818,9.770855476921923,-2.2536443099614556,1
Surabaya,1894-01-01,24.479,0.594,Indonesia,25.181,0.85,7.23S,112.70E,Winter,1850-1899,1894,26.809904204363992,0.7222059652253093,-2.2554565910513014,1
Harare,1884-07-01,14.259,1.846,Zimbabwe,13.732000000000001,1.823,18.48S,30.42E,Summer,1850-1899,1884,20.207842011834323,2.8706748260071024,-2.2558605221204178,1
Bangkok,1973-12-01,21.418000000000003,0.248,Thailand,23.303,0.299,13.66N,99.91E,Winter,1950-1999,1973,27.164733303650955,1.7112234411641587,-2.2567089783574885,1
Bangkok,1916-01-01,21.761999999999997,0.563,Thailand,23.303,0.518,13.66N,99.91E,Winter,1900-1949,1916,27.164733303650955,1.7112234411641587,-2.2567089783574885,1
Mexico,1884-01-01,13.505999999999998,1.067,Mexico,10.558,0.797,20.09N,98.96W,Winter,1850-1899,1884,15.717422377622361,2.285341681739848,-2.2576153136516783,1
Jakarta,1890-11-01,24.94,0.499,Indonesia,25.046,0.493,5.63S,106.55E,Autumn,1850-1899,1890,26.50820968600322,0.6476391669901195,-2.2577536389573054,1
Kinshasa,1983-07-01,23.551,0.149,Congo (Democratic Republic Of The),21.263,0.38,4.02S,15.27E,Summer,1950-1999,1983,23.87144177881803,1.155259797078266,-2.257883279081436,1
Kinshasa,1891-06-01,22.349,0.737,Congo (Democratic Republic Of The),21.263,1.016,4.02S,15.27E,Summer,1850-1899,1891,23.87144177881803,1.155259797078266,-2.257883279081436,1
Luanda,1858-07-01,17.543,1.097,Angola,19.229000000000006,1.449,8.84S,13.78E,Summer,1850-1899,1858,23.693624999999972,1.9772898443441755,-2.2579517174836785,1
Mexico,1872-01-01,13.151,2.002,Mexico,10.557,2.132,20.09N,98.96W,Winter,1850-1899,1872,15.717422377622361,2.285341681739848,-2.2580528849820354,1
Ho Chi Minh City,1895-01-01,17.808999999999994,1.021,Vietnam,24.501,0.838,10.45N,107.18E,Winter,1850-1899,1895,27.193983566940545,1.1924610325051177,-2.2583409382218003,1
Lagos,1894-09-01,25.253,0.7340000000000001,Nigeria,24.593000000000004,0.446,5.63N,3.23E,Autumn,1850-1899,1894,26.578698431144726,0.8791503828306382,-2.258656163865031,1
Bangkok,1952-12-01,21.645,0.252,Thailand,23.299,0.179,13.66N,99.91E,Winter,1950-1999,1952,27.164733303650955,1.7112234411641587,-2.259046487243692,1
Ibadan,1889-09-01,24.706,1.324,Nigeria,23.066,1.7719999999999998,7.23N,4.05E,Autumn,1850-1899,1889,26.37310517141197,1.4635332652808781,-2.259672021036898,1
Saint Petersburg,1861-01-01,-29.46,2.182,Russia,-15.956,1.297,60.27N,29.19E,Winter,1850-1899,1861,4.009562577962576,8.834361114671651,-2.259989411662695,1
Manila,1884-12-01,24.28,0.931,Philippines,23.513,1.279,15.27N,120.83E,Winter,1850-1899,1884,26.48771164021164,1.316208504306938,-2.2600611001051085,1
Lagos,1892-09-01,24.803,0.725,Nigeria,24.591,0.431,5.63N,3.23E,Autumn,1850-1899,1892,26.578698431144726,0.8791503828306382,-2.2609310875175272,1
Surabaya,1935-07-01,25.061999999999998,0.37,Indonesia,25.176,0.934,7.23S,112.70E,Summer,1900-1949,1935,26.809904204363992,0.7222059652253093,-2.2623798238141917,1
Fortaleza,1917-06-01,22.166,0.4970000000000001,Brazil,24.334,1.419,4.02S,40.98W,Summer,1900-1949,1917,27.008639541892673,1.1821881896846826,-2.2624482000670834,1
Brasília,1858-06-01,22.480999999999998,1.11,Brazil,18.801,1.564,15.27S,47.50W,Summer,1850-1899,1858,21.727594942748073,1.29338785325707,-2.262735756624114,1
Bangalore,1815-12-01,15.372,1.904,India,20.63,2.227,12.05N,77.26E,Winter,1800-1849,1815,24.85589593301432,1.86683919647516,-2.263663598339575,1
Belo Horizonte,1875-07-01,22.75,1.111,Brazil,16.680999999999994,2.468,20.09S,44.36W,Summer,1850-1899,1875,21.071396469465675,1.9392794852659099,-2.2639317864302986,1
Calcutta,1820-01-01,14.902,4.208,India,16.471,4.298,23.31N,88.25E,Winter,1800-1849,1820,26.046089712918633,4.228135310671929,-2.264612887092531,1
Bangkok,1886-12-01,21.588,0.815,Thailand,23.289,0.8490000000000001,13.66N,99.91E,Winter,1850-1899,1886,27.164733303650955,1.7112234411641587,-2.2648902594591984,1
Kiev,1963-01-01,-12.629,0.466,Ukraine,-15.092,0.894,50.63N,31.69E,Winter,1950-1999,1963,7.041032849020818,9.770855476921923,-2.265209315734686,1
Mexico,1873-01-01,13.614,1.287,Mexico,10.539000000000001,1.587,20.09N,98.96W,Winter,1850-1899,1873,15.717422377622361,2.285341681739848,-2.265929168928467,1
Bangkok,1981-12-01,21.656,0.207,Thailand,23.286,0.279,13.66N,99.91E,Winter,1950-1999,1981,27.164733303650955,1.7112234411641587,-2.2666433911238504,1
Mexico,1844-12-01,13.683,1.493,Mexico,10.533,1.882,20.09N,98.96W,Winter,1800-1849,1844,15.717422377622361,2.285341681739848,-2.268554596910612,1
Santo Domingo,1907-01-01,22.569000000000003,0.5,Dominican Republic,22.983,0.546,18.48N,69.30W,Winter,1900-1949,1907,25.976776619845918,1.3191865802064948,-2.269411063427658,1
Surat,1813-01-01,14.479,2.782,India,17.647000000000006,2.911,21.70N,73.56E,Winter,1800-1849,1813,26.33085645933014,3.8260724084002984,-2.2696529318850245,1
Bogotá,1909-12-01,23.559,0.573,Colombia,18.355,0.7709999999999999,4.02N,74.73W,Winter,1900-1949,1909,20.002264618434126,0.725749869395096,-2.269741529277988,1
Cali,1855-12-01,23.49,1.732,Colombia,20.175,1.923,4.02N,76.34W,Winter,1850-1899,1855,21.797027204030183,0.7145867350297902,-2.269881491660438,1
Manila,1944-12-01,24.584,1.193,Philippines,23.5,1.081,15.27N,120.83E,Winter,1900-1949,1944,26.48771164021164,1.316208504306938,-2.2699379546896687,1
Kano,1887-01-01,22.613000000000003,1.165,Nigeria,19.173,1.648,12.05N,8.22E,Winter,1850-1899,1887,26.14053689715283,3.0692316203702887,-2.2701241740472593,1
Salvador,1832-08-01,22.741,1.568,Brazil,21.614,1.944,13.66S,38.81W,Summer,1800-1849,1832,24.65697137404586,1.3404275594524262,-2.270149813458725,1
Bombay,1851-01-01,16.090999999999998,1.211,India,22.979,2.428,18.48N,72.68E,Winter,1850-1899,1851,26.631452153110118,1.6088910655520077,-2.2701674658482665,1
Paris,1963-01-01,2.81,0.275,France,-3.0069999999999997,0.33,49.03N,2.45E,Winter,1950-1999,1963,10.402644346178128,5.904354503273548,-2.271144853979114,1
Singapore,1869-01-01,24.837,1.645,Singapore,24.837,1.673,0.80N,103.66E,Winter,1850-1899,1869,26.523102826510698,0.7423962997429765,-2.27116275646099,1
Nairobi,1924-07-01,21.569000000000003,0.62,Kenya,13.693,0.539,0.80S,36.16E,Summer,1900-1949,1924,16.08139511323004,1.051538853334252,-2.2713332043384264,1
Nairobi,1919-07-01,21.884,0.476,Kenya,13.693,0.398,0.80S,36.16E,Summer,1900-1949,1919,16.08139511323004,1.051538853334252,-2.2713332043384264,1
Bombay,1857-02-01,18.305,1.622,India,22.976,1.865,18.48N,72.68E,Winter,1850-1899,1857,26.631452153110118,1.6088910655520077,-2.2720321042095786,1
Rangoon,1934-12-01,17.811999999999994,0.562,Burma,22.533,0.537,16.87N,95.44E,Winter,1900-1949,1934,26.7657128227961,1.8628121863915033,-2.272216626945836,1
Belo Horizonte,1942-07-01,22.261999999999997,0.307,Brazil,16.662,0.7040000000000001,20.09S,44.36W,Summer,1900-1949,1942,21.071396469465675,1.9392794852659099,-2.2737292396310114,1
Manila,1861-01-01,23.480999999999998,0.95,Philippines,23.495,1.379,15.27N,120.83E,Winter,1850-1899,1861,26.48771164021164,1.316208504306938,-2.273736744914499,1
Ho Chi Minh City,1899-02-01,18.359,0.809,Vietnam,24.482,0.606,10.45N,107.18E,Winter,1850-1899,1899,27.193983566940545,1.1924610325051177,-2.2742743729270725,1
Ho Chi Minh City,1886-02-01,17.912,2.122,Vietnam,24.482,1.784,10.45N,107.18E,Winter,1850-1899,1886,27.193983566940545,1.1924610325051177,-2.2742743729270725,1
Rangoon,1853-01-01,16.875,1.693,Burma,22.529,1.423,16.87N,95.44E,Winter,1850-1899,1853,26.7657128227961,1.8628121863915033,-2.2743639180303705,1
Belo Horizonte,1886-06-01,22.171,0.779,Brazil,16.659000000000002,1.319,20.09S,44.36W,Summer,1850-1899,1886,21.071396469465675,1.9392794852659099,-2.2752762059258593,1
Surabaya,1872-01-01,24.457,1.305,Indonesia,25.166,1.332,7.23S,112.70E,Winter,1850-1899,1872,26.809904204363992,0.7222059652253093,-2.276226289339962,1
Berlin,1830-01-01,-7.692000000000001,3.152,Germany,-7.604,3.115,52.24N,13.14E,Winter,1800-1849,1830,8.916233733417537,7.25593231206241,-2.2767899455117524,1
Nairobi,1923-07-01,21.824,0.457,Kenya,13.687,0.71,0.80S,36.16E,Summer,1900-1949,1923,16.08139511323004,1.051538853334252,-2.2770391275964927,1
Paris,1795-01-01,2.431,5.584,France,-3.0420000000000003,6.477,49.03N,2.45E,Winter,Pre-1800,1795,10.402644346178128,5.904354503273548,-2.2770726823269203,1
Belo Horizonte,1904-07-01,22.774,0.99,Brazil,16.654999999999998,1.648,20.09S,44.36W,Summer,1900-1949,1904,21.071396469465675,1.9392794852659099,-2.2773388276523283,1
Bangkok,1862-01-01,21.182,1.382,Thailand,23.267,1.765,13.66N,99.91E,Winter,1850-1899,1862,27.164733303650955,1.7112234411641587,-2.2777465583333156,1
Bogotá,1871-11-01,23.653000000000002,1.262,Colombia,18.349,1.484,4.02N,74.73W,Autumn,1850-1899,1871,20.002264618434126,0.725749869395096,-2.278008840445403,1
Brasília,1862-07-01,22.665,0.967,Brazil,18.78,1.362,15.27S,47.50W,Summer,1850-1899,1862,21.727594942748073,1.29338785325707,-2.2789721855863267,1
Surabaya,1901-08-01,24.746,0.494,Indonesia,25.164,0.743,7.23S,112.70E,Summer,1900-1949,1901,26.809904204363992,0.7222059652253093,-2.2789955824451154,1
Cali,1829-11-01,23.678,2.02,Colombia,20.168,2.173,4.02N,76.34W,Autumn,1800-1849,1829,21.797027204030183,0.7145867350297902,-2.279677363395602,1
Luanda,1923-07-01,18.081,0.519,Angola,19.186,0.519,8.84S,13.78E,Summer,1900-1949,1923,23.693624999999972,1.9772898443441755,-2.279698655659183,1
Bombay,1838-02-01,18.164,1.283,India,22.963,1.324,18.48N,72.68E,Winter,1800-1849,1838,26.631452153110118,1.6088910655520077,-2.2801122037752615,1
Surabaya,1913-07-01,24.839,0.366,Indonesia,25.163,0.7120000000000001,7.23S,112.70E,Summer,1900-1949,1913,26.809904204363992,0.7222059652253093,-2.280380228997694,1
Jakarta,1875-01-01,24.452,0.6990000000000001,Indonesia,25.031,0.618,5.63S,106.55E,Winter,1850-1899,1875,26.50820968600322,0.6476391669901195,-2.280914684126504,1
Moscow,1893-01-01,-30.497,1.5590000000000002,Russia,-19.266,1.244,55.45N,36.85E,Winter,1850-1899,1893,4.063435758835766,10.227504601600486,-2.281048669015996,1
Luanda,1898-08-01,19.036,0.909,Angola,19.183,1.054,8.84S,13.78E,Summer,1850-1899,1898,23.693624999999972,1.9772898443441755,-2.2812158839039856,1
Umm Durman,1916-01-01,20.805999999999997,1.4780000000000002,Sudan,20.555,1.707,15.27N,32.50E,Winter,1900-1949,1916,29.099991258741223,3.745608496838044,-2.2813359340557637,1
Bangkok,1910-12-01,21.22,0.425,Thailand,23.26,0.376,13.66N,99.91E,Winter,1900-1949,1910,27.164733303650955,1.7112234411641587,-2.2818371988841695,1
Saint Petersburg,1985-02-01,-25.063000000000002,0.194,Russia,-16.153,0.32,60.27N,29.19E,Winter,1950-1999,1985,4.009562577962576,8.834361114671651,-2.282288703874424,1
Bangkok,1901-12-01,21.935,0.643,Thailand,23.259,0.531,13.66N,99.91E,Winter,1900-1949,1901,27.164733303650955,1.7112234411641587,-2.282421576105721,1
Rangoon,1835-12-01,17.227,1.172,Burma,22.511999999999997,1.513,16.87N,95.44E,Winter,1800-1849,1835,26.7657128227961,1.8628121863915033,-2.2834899051396422,1
Kiev,1987-01-01,-11.973,0.277,Ukraine,-15.275,0.442,50.63N,31.69E,Winter,1950-1999,1987,7.041032849020818,9.770855476921923,-2.283938484376289,1
Belo Horizonte,1843-07-01,22.655,1.005,Brazil,16.641,2.131,20.09S,44.36W,Summer,1800-1849,1843,21.071396469465675,1.9392794852659099,-2.28455800369496,1
Bogotá,1887-02-01,23.415,1.105,Colombia,18.344,1.339,4.02N,74.73W,Winter,1850-1899,1887,20.002264618434126,0.725749869395096,-2.2848982664182476,1
Manila,1875-01-01,23.859,0.888,Philippines,23.48,1.328,15.27N,120.83E,Winter,1850-1899,1875,26.48771164021164,1.316208504306938,-2.285133115588991,1
Ahmadabad,1813-01-01,14.479,2.782,India,16.792,2.809,23.31N,72.52E,Winter,1800-1849,1813,26.52985294117648,4.2609333299501255,-2.285380264631003,1
Berlin,1855-02-01,-6.192,1.5930000000000002,Germany,-7.67,1.376,52.24N,13.14E,Winter,1850-1899,1855,8.916233733417537,7.25593231206241,-2.2858859509816876,1
Bombay,1829-02-01,18.199,2.4530000000000003,India,22.953000000000003,2.597,18.48N,72.68E,Winter,1800-1849,1829,26.631452153110118,1.6088910655520077,-2.2863276649796327,1
Kinshasa,1956-07-01,22.336,0.111,Congo (Democratic Republic Of The),21.229,0.193,4.02S,15.27E,Summer,1950-1999,1956,23.87144177881803,1.155259797078266,-2.2873138886170494,1
Cali,1857-11-01,23.561,0.87,Colombia,20.162,1.227,4.02N,76.34W,Autumn,1850-1899,1857,21.797027204030183,0.7145867350297902,-2.288073824882884,1
Kinshasa,1939-07-01,22.715999999999998,0.36,Congo (Democratic Republic Of The),21.226999999999997,0.727,4.02S,15.27E,Summer,1900-1949,1939,23.87144177881803,1.155259797078266,-2.2890451009426758,1
Cali,1884-03-01,23.385,0.949,Colombia,20.160999999999998,1.227,4.02N,76.34W,Spring,1850-1899,1884,21.797027204030183,0.7145867350297902,-2.2894732351307656,1
Saint Petersburg,1893-02-01,-24.73,1.132,Russia,-16.218,0.5820000000000001,60.27N,29.19E,Winter,1850-1899,1893,4.009562577962576,8.834361114671651,-2.289646338360528,1
Sydney,1895-07-01,12.868,0.37,Australia,12.004000000000001,0.621,34.56S,151.78E,Summer,1850-1899,1895,17.028288601036255,2.1925151132074188,-2.29156395354842,1
Bogotá,1882-04-01,23.395,0.695,Colombia,18.339000000000002,0.895,4.02N,74.73W,Spring,1850-1899,1882,20.002264618434126,0.725749869395096,-2.291787692391092,1
Moscow,1942-01-01,-25.05,0.238,Russia,-19.375999999999998,1.465,55.45N,36.85E,Winter,1900-1949,1942,4.063435758835766,10.227504601600486,-2.291803980725441,1
Brasília,1917-07-01,22.389,0.614,Brazil,18.762,1.618,15.27S,47.50W,Summer,1900-1949,1917,21.727594942748073,1.29338785325707,-2.292889124696797,1
Bangkok,1982-12-01,21.465,0.232,Thailand,23.241,0.4320000000000001,13.66N,99.91E,Winter,1950-1999,1982,27.164733303650955,1.7112234411641587,-2.2929403660936347,1
Ibadan,1891-07-01,24.658,0.76,Nigeria,23.015,0.541,7.23N,4.05E,Summer,1850-1899,1891,26.37310517141197,1.4635332652808781,-2.2945191961642846,1
Belo Horizonte,1911-07-01,22.505,0.391,Brazil,16.619,0.625,20.09S,44.36W,Summer,1900-1949,1911,21.071396469465675,1.9392794852659099,-2.2959024231905243,1
Kinshasa,1915-07-01,23.314,0.762,Congo (Democratic Republic Of The),21.218000000000004,0.815,4.02S,15.27E,Summer,1900-1949,1915,23.87144177881803,1.155259797078266,-2.2968355564079785,1
Paris,1895-02-01,3.0669999999999997,1.015,France,-3.1660000000000004,1.227,49.03N,2.45E,Winter,1850-1899,1895,10.402644346178128,5.904354503273548,-2.2980741313305755,1
Umm Durman,1925-01-01,20.219,0.735,Sudan,20.492,1.592,15.27N,32.50E,Winter,1900-1949,1925,29.099991258741223,3.745608496838044,-2.2981556310564466,1
Bogotá,1857-11-01,23.561,0.87,Colombia,18.334,1.18,4.02N,74.73W,Autumn,1850-1899,1857,20.002264618434126,0.725749869395096,-2.298677118363941,1
Manila,1880-12-01,23.963,1.545,Philippines,23.46,1.561,15.27N,120.83E,Winter,1850-1899,1880,26.48771164021164,1.316208504306938,-2.3003282764883126,1
Rangoon,1892-12-01,17.776,0.941,Burma,22.48,0.904,16.87N,95.44E,Winter,1850-1899,1892,26.7657128227961,1.8628121863915033,-2.3006682338159132,1
Bangkok,1834-01-01,21.175,1.669,Thailand,23.226999999999997,1.969,13.66N,99.91E,Winter,1800-1849,1834,27.164733303650955,1.7112234411641587,-2.301121647195347,1
Santo Domingo,1956-01-01,22.14,0.417,Dominican Republic,22.94,0.412,18.48N,69.30W,Winter,1950-1999,1956,25.976776619845918,1.3191865802064948,-2.302006907446378,1
Salvador,1836-09-01,23.565,1.579,Brazil,21.571,1.765,13.66S,38.81W,Autumn,1800-1849,1836,24.65697137404586,1.3404275594524262,-2.3022291300146787,1
Berlin,1788-12-01,-6.971,6.148,Germany,-7.790000000000001,6.523,52.24N,13.14E,Winter,Pre-1800,1788,8.916233733417537,7.25593231206241,-2.302424142745206,1
Ho Chi Minh City,1862-02-01,18.405,1.476,Vietnam,24.448,1.646,10.45N,107.18E,Winter,1850-1899,1862,27.193983566940545,1.1924610325051177,-2.3027868350312404,1
London,1814-01-01,-1.4739999999999993,4.056,United Kingdom,-2.415,4.398,52.24N,0.00W,Winter,1800-1849,1814,9.459037902716338,5.154544624143942,-2.303605607971307,1
Lagos,1890-06-01,25.438,1.516,Nigeria,24.553,1.76,5.63N,3.23E,Summer,1850-1899,1890,26.578698431144726,0.8791503828306382,-2.3041546369149013,1
London,1776-01-01,-1.2249999999999996,6.622000000000001,United Kingdom,-2.4200000000000004,7.148,52.24N,0.00W,Winter,Pre-1800,1776,9.459037902716338,5.154544624143942,-2.304575625764262,1
Kinshasa,1962-07-01,23.088,0.128,Congo (Democratic Republic Of The),21.209,0.4920000000000001,4.02S,15.27E,Summer,1950-1999,1962,23.87144177881803,1.155259797078266,-2.304626011873291,1
Bombay,1832-02-01,18.202,2.006,India,22.923,2.1630000000000003,18.48N,72.68E,Winter,1800-1849,1832,26.631452153110118,1.6088910655520077,-2.304974048592753,1
Saint Petersburg,1968-01-01,-26.045,0.212,Russia,-16.36,0.355,60.27N,29.19E,Winter,1950-1999,1968,4.009562577962576,8.834361114671651,-2.305719939853246,1
Brasília,1968-07-01,23.377,0.192,Brazil,18.745,0.386,15.27S,47.50W,Summer,1950-1999,1968,21.727594942748073,1.29338785325707,-2.3060329005233515,1
Lagos,1904-08-01,24.881,1.361,Nigeria,24.551,0.8190000000000001,5.63N,3.23E,Summer,1900-1949,1904,26.578698431144726,0.8791503828306382,-2.3064295605673975,1
Belo Horizonte,1921-07-01,21.865,0.444,Brazil,16.598,0.493,20.09S,44.36W,Summer,1900-1949,1921,21.071396469465675,1.9392794852659099,-2.3067311872544733,1
Kinshasa,1880-07-01,22.572,0.603,Congo (Democratic Republic Of The),21.206,0.753,4.02S,15.27E,Summer,1850-1899,1880,23.87144177881803,1.155259797078266,-2.3072228303617273,1
Singapore,1934-01-01,24.81,0.612,Singapore,24.81,0.62,0.80N,103.66E,Winter,1900-1949,1934,26.523102826510698,0.7423962997429765,-2.3075314722120637,1
Lagos,1857-09-01,24.743000000000002,0.995,Nigeria,24.55,1.115,5.63N,3.23E,Autumn,1850-1899,1857,26.578698431144726,0.8791503828306382,-2.3075670223936413,1
Belo Horizonte,1894-07-01,22.613000000000003,0.579,Brazil,16.595,1.087,20.09S,44.36W,Summer,1850-1899,1894,21.071396469465675,1.9392794852659099,-2.308278153549323,1
Bombay,1925-01-01,15.629,0.545,India,22.915,0.706,18.48N,72.68E,Winter,1900-1949,1925,26.631452153110118,1.6088910655520077,-2.3099464175562505,1
Bangkok,1916-12-01,21.687,0.455,Thailand,23.211,0.517,13.66N,99.91E,Winter,1900-1949,1916,27.164733303650955,1.7112234411641587,-2.3104716827401575,1
Mexico,1854-12-01,13.902999999999999,2.475,Mexico,10.437000000000001,2.4130000000000003,20.09N,98.96W,Winter,1850-1899,1854,15.717422377622361,2.285341681739848,-2.3105614446249167,1
London,1963-01-01,-0.4699999999999998,0.318,United Kingdom,-2.455,0.397,52.24N,0.00W,Winter,1950-1999,1963,9.459037902716338,5.154544624143942,-2.3113657503149465,1
Jakarta,1870-08-01,24.675,0.716,Indonesia,25.011,0.7040000000000001,5.63S,106.55E,Summer,1850-1899,1870,26.50820968600322,0.6476391669901195,-2.3117960776854343,1
Berlin,1942-01-01,-8.187000000000001,0.342,Germany,-7.867000000000001,0.433,52.24N,13.14E,Winter,1900-1949,1942,8.916233733417537,7.25593231206241,-2.313036149126798,1
Fortaleza,1899-03-01,24.756,0.736,Brazil,24.274,2.73,4.02S,40.98W,Spring,1850-1899,1899,27.008639541892673,1.1821881896846826,-2.3132015407987327,1
Ho Chi Minh City,1886-12-01,18.437,0.873,Vietnam,24.435,0.999,10.45N,107.18E,Winter,1850-1899,1886,27.193983566940545,1.1924610325051177,-2.3136886587769534,1
Nairobi,1882-07-01,21.715,0.908,Kenya,13.648,1.161,0.80S,36.16E,Summer,1850-1899,1882,16.08139511323004,1.051538853334252,-2.314127628773922,1
Kinshasa,1970-07-01,23.229,0.17600000000000002,Congo (Democratic Republic Of The),21.198,0.746,4.02S,15.27E,Summer,1950-1999,1970,23.87144177881803,1.155259797078266,-2.3141476796642233,1
Kinshasa,1929-07-01,22.393,0.598,Congo (Democratic Republic Of The),21.198,0.62,4.02S,15.27E,Summer,1900-1949,1929,23.87144177881803,1.155259797078266,-2.3141476796642233,1
Abidjan,1889-09-01,23.014,1.16,Côte D'Ivoire,22.915,1.123,5.63N,3.23W,Autumn,1850-1899,1889,26.163737197523968,1.4037149934407556,-2.3143851940775635,1
Abidjan,1879-08-01,23.085,1.331,Côte D'Ivoire,22.912,1.3159999999999998,5.63N,3.23W,Summer,1850-1899,1879,26.163737197523968,1.4037149934407556,-2.316522380054787,1
Luanda,1915-07-01,17.983,0.826,Angola,19.113000000000003,0.6859999999999999,8.84S,13.78E,Summer,1900-1949,1915,23.693624999999972,1.9772898443441755,-2.3166178762827077,1
Lagos,1893-09-01,24.95,0.933,Nigeria,24.54,0.7440000000000001,5.63N,3.23E,Autumn,1850-1899,1893,26.578698431144726,0.8791503828306382,-2.3189416406561096,1
Santo Domingo,1844-02-01,22.342,1.933,Dominican Republic,22.916999999999998,2.081,18.48N,69.30W,Winter,1800-1849,1844,25.976776619845918,1.3191865802064948,-2.319441893781975,1
Bombay,1901-02-01,18.506,0.5379999999999999,India,22.899,0.5660000000000001,18.48N,72.68E,Winter,1900-1949,1901,26.631452153110118,1.6088910655520077,-2.3198911554832455,1
Nairobi,1907-07-01,21.918000000000003,0.392,Kenya,13.640999999999998,0.348,0.80S,36.16E,Summer,1900-1949,1907,16.08139511323004,1.051538853334252,-2.320784539241667,1
Singapore,1882-12-01,24.8,0.556,Singapore,24.8,0.603,0.80N,103.66E,Winter,1850-1899,1882,26.523102826510698,0.7423962997429765,-2.3210013669346803,1
Belo Horizonte,1889-06-01,22.464,0.913,Brazil,16.57,1.544,20.09S,44.36W,Summer,1850-1899,1889,21.071396469465675,1.9392794852659099,-2.321169539339737,1
Paris,1838-01-01,2.484,3.423,France,-3.3029999999999995,3.302,49.03N,2.45E,Winter,1800-1849,1838,10.402644346178128,5.904354503273548,-2.3212773451491295,1
Bogotá,1862-01-01,23.258000000000006,0.969,Colombia,18.316000000000006,1.423,4.02N,74.73W,Winter,1850-1899,1862,20.002264618434126,0.725749869395096,-2.323479051866177,1
Kano,1921-01-01,23.33,0.937,Nigeria,19.008000000000006,1.301,12.05N,8.22E,Winter,1900-1949,1921,26.14053689715283,3.0692316203702887,-2.3238835576352876,1
Belo Horizonte,1890-06-01,22.164,0.632,Brazil,16.564,0.895,20.09S,44.36W,Summer,1850-1899,1890,21.071396469465675,1.9392794852659099,-2.324263471929437,1
Ibadan,1888-07-01,24.531,1.036,Nigeria,22.971,0.5479999999999999,7.23N,4.05E,Summer,1850-1899,1888,26.37310517141197,1.4635332652808781,-2.3245834256859523,1
Belo Horizonte,1907-07-01,22.238000000000003,0.494,Brazil,16.558999999999994,1.279,20.09S,44.36W,Summer,1900-1949,1907,21.071396469465675,1.9392794852659099,-2.326841749087523,1
Kinshasa,1914-07-01,22.761,0.885,Congo (Democratic Republic Of The),21.180999999999997,0.94,4.02S,15.27E,Summer,1900-1949,1914,23.87144177881803,1.155259797078266,-2.3288629844320314,1
Brasília,1985-06-01,23.035999999999998,0.297,Brazil,18.714000000000002,0.691,15.27S,47.50W,Summer,1950-1999,1985,21.727594942748073,1.29338785325707,-2.3300009623247155,1
Ho Chi Minh City,1870-12-01,18.361,0.993,Vietnam,24.414,1.098,10.45N,107.18E,Winter,1850-1899,1870,27.193983566940545,1.1924610325051177,-2.3312992971354083,1
Bogotá,1890-02-01,23.468000000000004,1.103,Colombia,18.31,1.57,4.02N,74.73W,Winter,1850-1899,1890,20.002264618434126,0.725749869395096,-2.331746363033602,1
Cali,1890-02-01,23.468000000000004,1.103,Colombia,20.130000000000006,1.533,4.02N,76.34W,Winter,1850-1899,1890,21.797027204030183,0.7145867350297902,-2.332854952815043,1
Umm Durman,1951-12-01,20.337,0.478,Sudan,20.36,0.487,15.27N,32.50E,Winter,1950-1999,1951,29.099991258741223,3.745608496838044,-2.33339690096264,1
Berlin,1795-01-01,-8.176,6.775,Germany,-8.019,6.7429999999999986,52.24N,13.14E,Winter,Pre-1800,1795,8.916233733417537,7.25593231206241,-2.333984525360588,1
Kinshasa,1919-07-01,22.381,0.612,Congo (Democratic Republic Of The),21.175,0.632,4.02S,15.27E,Summer,1900-1949,1919,23.87144177881803,1.155259797078266,-2.334056621408901,1
Rangoon,1884-01-01,17.475,0.5770000000000001,Burma,22.416999999999998,0.8029999999999999,16.87N,95.44E,Winter,1850-1899,1884,26.7657128227961,1.8628121863915033,-2.3344880683973273,1
Berlin,1963-01-01,-7.544,0.269,Germany,-8.026,0.28800000000000003,52.24N,13.14E,Winter,1950-1999,1963,8.916233733417537,7.25593231206241,-2.33494925321346,1
Belo Horizonte,1861-07-01,22.614,1.127,Brazil,16.543,2.365,20.09S,44.36W,Summer,1850-1899,1861,21.071396469465675,1.9392794852659099,-2.335092235993386,1
Kinshasa,1896-07-01,22.776,0.594,Congo (Democratic Republic Of The),21.173000000000002,0.7909999999999999,4.02S,15.27E,Summer,1850-1899,1896,23.87144177881803,1.155259797078266,-2.3357878337345244,1
Bogotá,1855-12-01,23.49,1.732,Colombia,18.307000000000002,1.901,4.02N,74.73W,Winter,1850-1899,1855,20.002264618434126,0.725749869395096,-2.3358800186173045,1
Santo Domingo,1847-12-01,22.405,2.096,Dominican Republic,22.895,2.202,18.48N,69.30W,Winter,1800-1849,1847,25.976776619845918,1.3191865802064948,-2.3361188372334123,1
Mexico,1835-12-01,13.45,1.614,Mexico,10.378,1.921,20.09N,98.96W,Winter,1800-1849,1835,15.717422377622361,2.285341681739848,-2.3363781531160006,1
Brasília,1956-06-01,22.659,0.294,Brazil,18.705,1.186,15.27S,47.50W,Summer,1950-1999,1956,21.727594942748073,1.29338785325707,-2.3369594318799534,1
Lagos,1858-09-01,24.663,1.158,Nigeria,24.524,1.179,5.63N,3.23E,Autumn,1850-1899,1858,26.578698431144726,0.8791503828306382,-2.3371410298760544,1
Umm Durman,1992-02-01,20.517000000000003,0.601,Sudan,20.342,0.527,15.27N,32.50E,Winter,1950-1999,1992,29.099991258741223,3.745608496838044,-2.338202528677121,1
Kiev,1942-01-01,-13.879,0.32,Ukraine,-15.808,0.997,50.63N,31.69E,Winter,1900-1949,1942,7.041032849020818,9.770855476921923,-2.338488467359755,1
Rangoon,1893-01-01,16.878,0.86,Burma,22.409000000000002,0.706,16.87N,95.44E,Winter,1850-1899,1893,26.7657128227961,1.8628121863915033,-2.338782650566393,1
Belo Horizonte,1886-07-01,22.555999999999997,0.851,Brazil,16.534000000000002,1.033,20.09S,44.36W,Summer,1850-1899,1886,21.071396469465675,1.9392794852659099,-2.3397331348779336,1
Rangoon,1876-12-01,17.592,1.048,Burma,22.405,1.197,16.87N,95.44E,Winter,1850-1899,1876,26.7657128227961,1.8628121863915033,-2.340929941650928,1
Berlin,1893-01-01,-7.362000000000001,0.55,Germany,-8.071,0.655,52.24N,13.14E,Winter,1850-1899,1893,8.916233733417537,7.25593231206241,-2.3411510751247793,1
Bangkok,1884-12-01,21.397,0.7859999999999999,Thailand,23.158,0.8690000000000001,13.66N,99.91E,Winter,1850-1899,1884,27.164733303650955,1.7112234411641587,-2.3414436754823447,1
Rangoon,1974-01-01,17.634,0.453,Burma,22.404,0.555,16.87N,95.44E,Winter,1950-1999,1974,26.7657128227961,1.8628121863915033,-2.341466764422062,1
Lagos,1894-08-01,24.434,0.6940000000000001,Nigeria,24.520000000000003,0.6859999999999999,5.63N,3.23E,Summer,1850-1899,1894,26.578698431144726,0.8791503828306382,-2.3416908771810387,1
Rangoon,1834-01-01,17.028,1.554,Burma,22.403000000000002,1.781,16.87N,95.44E,Winter,1800-1849,1834,26.7657128227961,1.8628121863915033,-2.3420035871931946,1
Cali,1871-11-01,23.653000000000002,1.262,Colombia,20.123,1.516,4.02N,76.34W,Autumn,1850-1899,1871,21.797027204030183,0.7145867350297902,-2.342650824550212,1
Lagos,1891-09-01,25.054000000000002,0.7090000000000001,Nigeria,24.519000000000002,0.522,5.63N,3.23E,Autumn,1850-1899,1891,26.578698431144726,0.8791503828306382,-2.342828339007287,1
Pune,1883-12-01,15.32,0.748,India,17.598000000000006,1.59,18.48N,74.37E,Winter,1850-1899,1883,24.644615231259973,3.0054054098543914,-2.344647150815293,1
Brasília,1953-07-01,22.596,0.224,Brazil,18.695,0.354,15.27S,47.50W,Summer,1950-1999,1953,21.727594942748073,1.29338785325707,-2.344691064719102,1
Bangkok,1907-12-01,21.172,0.635,Thailand,23.152,0.6970000000000001,13.66N,99.91E,Winter,1900-1949,1907,27.164733303650955,1.7112234411641587,-2.3449499388116495,1
Kano,1975-01-01,22.835,0.339,Nigeria,18.939,0.251,12.05N,8.22E,Winter,1950-1999,1975,26.14053689715283,3.0692316203702887,-2.3463647544084663,1
Ho Chi Minh City,1893-02-01,17.511,0.688,Vietnam,24.396,0.462,10.45N,107.18E,Winter,1850-1899,1893,27.193983566940545,1.1924610325051177,-2.3463941300140863,1
Bogotá,1909-11-01,23.761999999999997,0.477,Colombia,18.298,0.539,4.02N,74.73W,Autumn,1900-1949,1909,20.002264618434126,0.725749869395096,-2.3482809853684325,1
Luanda,1882-07-01,17.522000000000002,0.7170000000000001,Angola,19.047,0.6509999999999999,8.84S,13.78E,Summer,1850-1899,1882,23.693624999999972,1.9772898443441755,-2.3499968976683623,1
Kinshasa,1859-07-01,22.35,0.862,Congo (Democratic Republic Of The),21.156,1.204,4.02S,15.27E,Summer,1850-1899,1859,23.87144177881803,1.155259797078266,-2.350503138502333,1
Singapore,1845-10-01,24.778,0.927,Singapore,24.778,1.181,0.80N,103.66E,Autumn,1800-1849,1845,26.523102826510698,0.7423962997429765,-2.3506351353244455,1
Salvador,1842-09-01,23.581,1.078,Brazil,21.506,1.4,13.66S,38.81W,Autumn,1800-1849,1842,24.65697137404586,1.3404275594524262,-2.3507211201574014,1
Brasília,1859-07-01,22.819000000000003,1.161,Brazil,18.686,1.846,15.27S,47.50W,Summer,1850-1899,1859,21.727594942748073,1.29338785325707,-2.3516495342743373,1
Brasília,1897-06-01,22.590999999999998,1.012,Brazil,18.685,1.529,15.27S,47.50W,Summer,1850-1899,1897,21.727594942748073,1.29338785325707,-2.352422697558253,1
Santo Domingo,1853-02-01,22.268,1.56,Dominican Republic,22.873,1.5619999999999998,18.48N,69.30W,Winter,1850-1899,1853,25.976776619845918,1.3191865802064948,-2.3527957806848496,1
Karachi,1934-01-01,5.953999999999999,0.557,Pakistan,14.867,0.3670000000000001,24.92N,67.39E,Winter,1900-1949,1934,26.07719693978284,4.764104583671367,-2.3530543343244394,1
São Paulo,1942-07-01,22.261999999999997,0.307,Brazil,13.787,0.452,23.31S,46.31W,Summer,1900-1949,1942,19.699367843511446,2.5120828714300134,-2.3535719743775037,1
Luanda,1911-07-01,17.54,0.535,Angola,19.039,0.449,8.84S,13.78E,Summer,1900-1949,1911,23.693624999999972,1.9772898443441755,-2.3540428396545017,1
Santo Domingo,1848-01-01,22.399,1.298,Dominican Republic,22.868,1.586,18.48N,69.30W,Winter,1800-1849,1848,25.976776619845918,1.3191865802064948,-2.356585995105633,1
Jakarta,1880-01-01,24.496,0.703,Indonesia,24.98,0.659,5.63S,106.55E,Winter,1850-1899,1880,26.50820968600322,0.6476391669901195,-2.3596622377017753,1
Rangoon,1849-12-01,17.27,1.4980000000000002,Burma,22.368000000000002,1.854,16.87N,95.44E,Winter,1800-1849,1849,26.7657128227961,1.8628121863915033,-2.360792384182868,1
Lagos,1887-01-01,22.613000000000003,1.165,Nigeria,24.502,1.237,5.63N,3.23E,Winter,1850-1899,1887,26.578698431144726,0.8791503828306382,-2.3621651900534837,1
Ho Chi Minh City,1899-01-01,17.404,0.679,Vietnam,24.376,0.608,10.45N,107.18E,Winter,1850-1899,1899,27.193983566940545,1.1924610325051177,-2.3631661665459496,1
Luanda,1958-07-01,18.223,0.612,Angola,19.020000000000003,0.8270000000000001,8.84S,13.78E,Summer,1950-1999,1958,23.693624999999972,1.9772898443441755,-2.3636519518715833,1
Brasília,1834-06-01,22.409,1.829,Brazil,18.67,2.255,15.27S,47.50W,Summer,1800-1849,1834,21.727594942748073,1.29338785325707,-2.364020146816976,1
Berlin,1829-12-01,-7.452000000000001,5.517,Germany,-8.242,5.54,52.24N,13.14E,Winter,1800-1849,1829,8.916233733417537,7.25593231206241,-2.364717998387794,1
Bombay,1834-01-01,15.609000000000002,1.725,India,22.826,1.962,18.48N,72.68E,Winter,1800-1849,1834,26.631452153110118,1.6088910655520077,-2.3652640222751646,1
Bogotá,1884-03-01,23.385,0.949,Colombia,18.285,1.2,4.02N,74.73W,Spring,1850-1899,1884,20.002264618434126,0.725749869395096,-2.3661934928978288,1
Berlin,1767-01-01,-7.856000000000001,7.364,Germany,-8.252999999999998,7.235,52.24N,13.14E,Winter,Pre-1800,1767,8.916233733417537,7.25593231206241,-2.366233999299449,1
Kinshasa,1861-07-01,22.448,1.006,Congo (Democratic Republic Of The),21.136999999999997,1.371,4.02S,15.27E,Summer,1850-1899,1861,23.87144177881803,1.155259797078266,-2.3669496555957643,1
Ibadan,1892-08-01,24.5,0.614,Nigeria,22.906999999999996,0.502,7.23N,4.05E,Summer,1850-1899,1892,26.37310517141197,1.4635332652808781,-2.3683132140811076,1
Berlin,1947-02-01,-6.699999999999998,0.342,Germany,-8.272,0.476,52.24N,13.14E,Winter,1900-1949,1947,8.916233733417537,7.25593231206241,-2.368852546328673,1
Brasília,1837-07-01,22.546999999999997,1.14,Brazil,18.663,1.429,15.27S,47.50W,Summer,1800-1849,1837,21.727594942748073,1.29338785325707,-2.3694322898043816,1
Kinshasa,1952-07-01,22.871,0.1,Congo (Democratic Republic Of The),21.134,0.498,4.02S,15.27E,Summer,1950-1999,1952,23.87144177881803,1.155259797078266,-2.3695464740841974,1
Cali,1910-10-01,23.471999999999998,0.433,Colombia,20.102999999999998,0.545,4.02N,76.34W,Autumn,1900-1949,1910,21.797027204030183,0.7145867350297902,-2.3706390295078217,1
Lagos,1857-08-01,24.089,1.136,Nigeria,24.494000000000003,1.203,5.63N,3.23E,Summer,1850-1899,1857,26.578698431144726,0.8791503828306382,-2.371264884663452,1
Ho Chi Minh City,1887-01-01,17.648,0.757,Vietnam,24.366,0.805,10.45N,107.18E,Winter,1850-1899,1887,27.193983566940545,1.1924610325051177,-2.371552184811883,1
Ho Chi Minh City,1872-01-01,18.174,2.088,Vietnam,24.366,2.265,10.45N,107.18E,Winter,1850-1899,1872,27.193983566940545,1.1924610325051177,-2.371552184811883,1
Bangkok,1987-12-01,21.23,0.22,Thailand,23.105,0.161,13.66N,99.91E,Winter,1950-1999,1987,27.164733303650955,1.7112234411641587,-2.3724156682245345,1
Bangkok,1859-12-01,21.48,1.535,Thailand,23.104,1.784,13.66N,99.91E,Winter,1850-1899,1859,27.164733303650955,1.7112234411641587,-2.373000045446086,1
Ho Chi Minh City,1850-01-01,18.027,1.3019999999999998,Vietnam,24.364,1.516,10.45N,107.18E,Winter,1850-1899,1850,27.193983566940545,1.1924610325051177,-2.3732293884650684,1
Kano,1902-01-01,22.459000000000003,2.331,Nigeria,18.855999999999998,2.6180000000000003,12.05N,8.22E,Winter,1900-1949,1902,26.14053689715283,3.0692316203702887,-2.3734073534254763,1
Bangkok,1839-12-01,21.217,1.744,Thailand,23.103,2.047,13.66N,99.91E,Winter,1800-1849,1839,27.164733303650955,1.7112234411641587,-2.3735844226676353,1
London,1838-01-01,-0.6299999999999999,2.9760000000000004,United Kingdom,-2.781,3.071,52.24N,0.00W,Winter,1800-1849,1838,9.459037902716338,5.154544624143942,-2.3746109104156106,1
Madras,1819-01-01,14.385000000000002,2.081,India,21.596,3.079,13.66N,80.09E,Winter,1800-1849,1819,28.417858452950547,2.870018020479011,-2.376939240197512,1
Bangkok,1898-12-01,21.507,0.662,Thailand,23.097,0.816,13.66N,99.91E,Winter,1850-1899,1898,27.164733303650955,1.7112234411641587,-2.3770906859969396,1
Berlin,1776-01-01,-7.164,6.871,Germany,-8.336,6.452000000000001,52.24N,13.14E,Winter,Pre-1800,1776,8.916233733417537,7.25593231206241,-2.3776729152692164,1
Kiev,1929-02-01,-14.724000000000002,0.501,Ukraine,-16.191,0.604,50.63N,31.69E,Winter,1900-1949,1929,7.041032849020818,9.770855476921923,-2.3776866727681374,1
Harare,1907-07-01,14.079,0.541,Zimbabwe,13.380999999999998,0.5,18.48S,30.42E,Summer,1900-1949,1907,20.207842011834323,2.8706748260071024,-2.378131424007351,1
Mogadishu,1922-07-01,26.209,0.5329999999999999,Somalia,24.69,0.679,2.41N,45.80E,Summer,1900-1949,1922,27.151963668850545,1.0348068808055226,-2.3791527815645006,1
Calcutta,1838-01-01,14.552,2.209,India,15.983000000000002,2.498,23.31N,88.25E,Winter,1800-1849,1838,26.046089712918633,4.228135310671929,-2.380030196176342,1
Luanda,1881-07-01,17.538,1.464,Angola,18.985000000000007,1.946,8.84S,13.78E,Summer,1850-1899,1881,23.693624999999972,1.9772898443441755,-2.381352948060943,1
Mexico,1859-12-01,12.862,1.416,Mexico,10.273,1.487,20.09N,98.96W,Winter,1850-1899,1859,15.717422377622361,2.285341681739848,-2.3823231428035223,1
Dhaka,1853-01-01,15.710999999999999,2.895,Bangladesh,16.254,2.877,23.31N,90.00E,Winter,1850-1899,1853,25.49650177935943,3.8792347810678254,-2.382557978822636,1
Abidjan,1889-08-01,22.917,1.4069999999999998,Côte D'Ivoire,22.819000000000003,1.25,5.63N,3.23W,Summer,1850-1899,1889,26.163737197523968,1.4037149934407556,-2.382775145348714,1
Rangoon,1893-12-01,17.506999999999998,0.8240000000000001,Burma,22.327,1.237,16.87N,95.44E,Winter,1850-1899,1893,26.7657128227961,1.8628121863915033,-2.382802117799343,1
Kinshasa,1896-06-01,22.745,0.604,Congo (Democratic Republic Of The),21.115,1.021,4.02S,15.27E,Summer,1850-1899,1896,23.87144177881803,1.155259797078266,-2.385992991177629,1
Ibadan,1889-08-01,24.516,1.181,Nigeria,22.879,1.635,7.23N,4.05E,Summer,1850-1899,1889,26.37310517141197,1.4635332652808781,-2.3874449965039837,1
Bombay,1814-01-01,15.45,2.818,India,22.785,3.014,18.48N,72.68E,Winter,1800-1849,1814,26.631452153110118,1.6088910655520077,-2.390747413213092,1
Luanda,1940-07-01,17.886,0.429,Angola,18.965999999999998,1.04,8.84S,13.78E,Summer,1900-1949,1940,23.693624999999972,1.9772898443441755,-2.3909620602780297,1
Singapore,1887-12-01,24.748,0.324,Singapore,24.748,0.381,0.80N,103.66E,Winter,1850-1899,1887,26.523102826510698,0.7423962997429765,-2.3910448194923,1
Kinshasa,1905-07-01,22.808000000000003,0.8540000000000001,Congo (Democratic Republic Of The),21.109,0.914,4.02S,15.27E,Summer,1900-1949,1905,23.87144177881803,1.155259797078266,-2.391186628154499,1
Santo Domingo,1852-01-01,22.079,2.18,Dominican Republic,22.822,2.294,18.48N,69.30W,Winter,1850-1899,1852,25.976776619845918,1.3191865802064948,-2.3914559677768215,1
Mexico,1845-12-01,13.265,1.812,Mexico,10.252,2.001,20.09N,98.96W,Winter,1800-1849,1845,15.717422377622361,2.285341681739848,-2.391512140741026,1
Kinshasa,1898-08-01,22.305999999999997,0.92,Congo (Democratic Republic Of The),21.108,0.985,4.02S,15.27E,Summer,1850-1899,1898,23.87144177881803,1.155259797078266,-2.392052234317312,1
Bangkok,1950-12-01,21.47,0.233,Thailand,23.071,0.331,13.66N,99.91E,Winter,1950-1999,1950,27.164733303650955,1.7112234411641587,-2.3922844937572587,1
Mashhad,2008-01-01,1.1130000000000004,0.369,Iran,-8.384,0.7809999999999999,36.17N,59.67E,Winter,2000+,2008,12.593995752713525,8.768714588035229,-2.392368407262071,1
Bombay,1850-01-01,15.898,1.358,India,22.78,1.432,18.48N,72.68E,Winter,1850-1899,1850,26.631452153110118,1.6088910655520077,-2.3938551438152778,1
Bogotá,1890-11-01,23.636,0.86,Colombia,18.264,1.185,4.02N,74.73W,Autumn,1850-1899,1890,20.002264618434126,0.725749869395096,-2.3951290819837823,1
Bombay,1799-02-01,17.976,2.2030000000000003,India,22.776,2.366,18.48N,72.68E,Winter,Pre-1800,1799,26.631452153110118,1.6088910655520077,-2.3963413282970274,1
Bogotá,1893-12-01,23.493000000000002,0.629,Colombia,18.263,0.902,4.02N,74.73W,Winter,1850-1899,1893,20.002264618434126,0.725749869395096,-2.396506967178348,1
Dhaka,1820-01-01,15.707,4.135,Bangladesh,16.198,4.273,23.31N,90.00E,Winter,1800-1849,1820,25.49650177935943,3.8792347810678254,-2.3969938155689197,1
Rio De Janeiro,1836-09-01,23.565,1.579,Brazil,19.347,2.372,23.31S,42.82W,Autumn,1800-1849,1836,23.788915553435086,1.8528177099687193,-2.3973840111394855,1
Bombay,1820-02-01,17.539,1.719,India,22.773000000000003,1.648,18.48N,72.68E,Winter,1800-1849,1820,26.631452153110118,1.6088910655520077,-2.3982059666583373,1
Bombay,1906-02-01,18.395,0.388,India,22.771,0.613,18.48N,72.68E,Winter,1900-1949,1906,26.631452153110118,1.6088910655520077,-2.3994490588992132,1
Brasília,1875-07-01,22.75,1.111,Brazil,18.624000000000002,1.873,15.27S,47.50W,Summer,1850-1899,1875,21.727594942748073,1.29338785325707,-2.399585657877065,1
Cali,1890-11-01,23.636,0.86,Colombia,20.082,1.225,4.02N,76.34W,Autumn,1850-1899,1890,21.797027204030183,0.7145867350297902,-2.400026644713304,1
Ho Chi Minh City,1903-12-01,18.316000000000006,0.616,Vietnam,24.331999999999997,0.77,10.45N,107.18E,Winter,1900-1949,1903,27.193983566940545,1.1924610325051177,-2.4000646469160536,1
Belo Horizonte,1956-06-01,22.659,0.294,Brazil,16.415,0.705,20.09S,44.36W,Summer,1950-1999,1956,21.071396469465675,1.9392794852659099,-2.40109613124031,1
Brasília,1858-07-01,22.399,0.915,Brazil,18.621,1.256,15.27S,47.50W,Summer,1850-1899,1858,21.727594942748073,1.29338785325707,-2.401905147728813,1
Bombay,1862-01-01,15.332,1.307,India,22.767,1.5630000000000002,18.48N,72.68E,Winter,1850-1899,1862,26.631452153110118,1.6088910655520077,-2.401935243380963,1
Kinshasa,1892-07-01,22.6,0.517,Congo (Democratic Republic Of The),21.093000000000004,0.612,4.02S,15.27E,Summer,1850-1899,1892,23.87144177881803,1.155259797078266,-2.405036326759491,1
Bangkok,1848-01-01,21.019,1.5719999999999998,Thailand,23.049,1.912,13.66N,99.91E,Winter,1800-1849,1848,27.164733303650955,1.7112234411641587,-2.405140792631376,1
Manila,1871-12-01,24.119,0.973,Philippines,23.320999999999998,1.452,15.27N,120.83E,Winter,1850-1899,1871,26.48771164021164,1.316208504306938,-2.405934644738603,1
Bombay,1899-01-01,15.345,0.622,India,22.759,0.797,18.48N,72.68E,Winter,1850-1899,1899,26.631452153110118,1.6088910655520077,-2.4069076123444604,1
Cali,1825-10-01,23.436,1.304,Colombia,20.077,1.585,4.02N,76.34W,Autumn,1800-1849,1825,21.797027204030183,0.7145867350297902,-2.407023695952704,1
Bogotá,1917-12-01,23.394000000000002,0.368,Colombia,18.255,0.518,4.02N,74.73W,Winter,1900-1949,1917,20.002264618434126,0.725749869395096,-2.407530048734905,1
Rangoon,1817-12-01,16.916999999999998,2.216,Burma,22.279,2.4730000000000003,16.87N,95.44E,Winter,1800-1849,1817,26.7657128227961,1.8628121863915033,-2.4085696108137538,1
Belo Horizonte,1897-07-01,22.197,0.8290000000000001,Brazil,16.398999999999994,0.916,20.09S,44.36W,Summer,1850-1899,1897,21.071396469465675,1.9392794852659099,-2.4093466181461785,1
Bombay,1818-02-01,18.023,1.706,India,22.755,2.157,18.48N,72.68E,Winter,1800-1849,1818,26.631452153110118,1.6088910655520077,-2.40939379682621,1
Singapore,1918-02-01,24.732000000000006,0.883,Singapore,24.732000000000006,0.888,0.80N,103.66E,Winter,1900-1949,1918,26.523102826510698,0.7423962997429765,-2.4125966510484838,1
Kano,1925-01-01,22.572000000000006,1.196,Nigeria,18.730999999999998,3.131,12.05N,8.22E,Winter,1900-1949,1925,26.14053689715283,3.0692316203702887,-2.4141341591739844,1
Brasília,1894-07-01,22.613000000000003,0.579,Brazil,18.603,1.031,15.27S,47.50W,Summer,1850-1899,1894,21.727594942748073,1.29338785325707,-2.4158220868392806,1
Bangkok,1858-12-01,21.504,1.29,Thailand,23.03,1.659,13.66N,99.91E,Winter,1850-1899,1858,27.164733303650955,1.7112234411641587,-2.416243959840839,1
Umm Durman,1992-01-01,20.645,0.561,Sudan,20.045,1.283,15.27N,32.50E,Winter,1950-1999,1992,29.099991258741223,3.745608496838044,-2.417495385966055,1
Ibadan,1890-07-01,24.511000000000006,1.876,Nigeria,22.835,2.372,7.23N,4.05E,Summer,1850-1899,1890,26.37310517141197,1.4635332652808781,-2.417509226025652,1
Singapore,1840-12-01,24.728,1.3,Singapore,24.728,1.571,0.80N,103.66E,Winter,1800-1849,1840,26.523102826510698,0.7423962997429765,-2.417984608937538,1
Singapore,1879-01-01,24.728,1.803,Singapore,24.728,1.833,0.80N,103.66E,Winter,1850-1899,1879,26.523102826510698,0.7423962997429765,-2.417984608937538,1
Paris,1956-02-01,1.6020000000000003,0.488,France,-3.876,0.752,49.03N,2.45E,Winter,1950-1999,1956,10.402644346178128,5.904354503273548,-2.418324363528922,1
Kano,1905-01-01,23.532000000000004,1.726,Nigeria,18.717,3.775,12.05N,8.22E,Winter,1900-1949,1905,26.14053689715283,3.0692316203702887,-2.418695561417817,1
Calcutta,1813-01-01,14.479,2.782,India,15.819,2.8,23.31N,88.25E,Winter,1800-1849,1813,26.046089712918633,4.228135310671929,-2.4188179803766396,1
Rangoon,1862-01-01,16.825,1.222,Burma,22.259,1.569,16.87N,95.44E,Winter,1850-1899,1862,26.7657128227961,1.8628121863915033,-2.419306066236424,1
Bogotá,1883-11-01,23.441999999999997,0.6629999999999999,Colombia,18.244,0.883,4.02N,74.73W,Autumn,1850-1899,1883,20.002264618434126,0.725749869395096,-2.4226867858751646,1
Kinshasa,1880-06-01,22.394000000000002,1.172,Congo (Democratic Republic Of The),21.072,1.851,4.02S,15.27E,Summer,1850-1899,1880,23.87144177881803,1.155259797078266,-2.4232140561785487,1
Manila,1892-12-01,24.285,0.512,Philippines,23.298,0.885,15.27N,120.83E,Winter,1850-1899,1892,26.48771164021164,1.316208504306938,-2.4234090797728234,1
Bombay,1925-02-01,18.131,0.449,India,22.730999999999998,0.556,18.48N,72.68E,Winter,1900-1949,1925,26.631452153110118,1.6088910655520077,-2.4243109037167048,1
Brasília,1912-07-01,22.339000000000002,0.564,Brazil,18.592,1.376,15.27S,47.50W,Summer,1900-1949,1912,21.727594942748073,1.29338785325707,-2.4243268829623474,1
Lagos,1896-08-01,24.503,0.8440000000000001,Nigeria,24.447000000000006,0.8440000000000001,5.63N,3.23E,Summer,1850-1899,1896,26.578698431144726,0.8791503828306382,-2.4247255904970424,1
Belo Horizonte,1923-07-01,22.171,0.413,Brazil,16.366999999999994,0.726,20.09S,44.36W,Summer,1900-1949,1923,21.071396469465675,1.9392794852659099,-2.4258475919579094,1
Saint Petersburg,1814-01-01,-28.414,4.56,Russia,-17.427,6.778,60.27N,29.19E,Winter,1800-1849,1814,4.009562577962576,8.834361114671651,-2.426498339802053,1
Rangoon,1940-01-01,17.240000000000002,0.5329999999999999,Burma,22.244,0.65,16.87N,95.44E,Winter,1900-1949,1940,26.7657128227961,1.8628121863915033,-2.4273584078034274,1
Singapore,1855-10-01,24.72,1.737,Singapore,24.72,1.797,0.80N,103.66E,Autumn,1850-1899,1855,26.523102826510698,0.7423962997429765,-2.428760524715637,1
Santo Domingo,1844-12-01,22.326,1.361,Dominican Republic,22.772,1.686,18.48N,69.30W,Winter,1800-1849,1844,25.976776619845918,1.3191865802064948,-2.4293581119846364,1
Ho Chi Minh City,1887-02-01,18.137,1.339,Vietnam,24.297,1.239,10.45N,107.18E,Winter,1850-1899,1887,27.193983566940545,1.1924610325051177,-2.4294157108468126,1
Kinshasa,1908-07-01,22.133000000000003,0.513,Congo (Democratic Republic Of The),21.064,0.6559999999999999,4.02S,15.27E,Summer,1900-1949,1908,23.87144177881803,1.155259797078266,-2.4301389054810447,1
Belo Horizonte,1921-06-01,21.796999999999997,0.812,Brazil,16.358,2.332,20.09S,44.36W,Summer,1900-1949,1921,21.071396469465675,1.9392794852659099,-2.430488490842455,1
Kano,1989-01-01,22.476999999999997,0.219,Nigeria,18.68,0.254,12.05N,8.22E,Winter,1950-1999,1989,26.14053689715283,3.0692316203702887,-2.430750695919375,1
Lagos,1886-12-01,23.006,1.095,Nigeria,24.441,0.784,5.63N,3.23E,Winter,1850-1899,1886,26.578698431144726,0.8791503828306382,-2.431550361454531,1
Abidjan,1894-08-01,23.076,1.108,Côte D'Ivoire,22.75,1.461,5.63N,3.23W,Summer,1850-1899,1894,26.163737197523968,1.4037149934407556,-2.431930422824857,1
Ho Chi Minh City,1864-02-01,18.194000000000003,2.274,Vietnam,24.293000000000003,2.338,10.45N,107.18E,Winter,1850-1899,1864,27.193983566940545,1.1924610325051177,-2.432770118153184,1
Brasília,1843-07-01,22.655,1.005,Brazil,18.581,1.597,15.27S,47.50W,Summer,1800-1849,1843,21.727594942748073,1.29338785325707,-2.4328316790854116,1
Lagos,1889-10-01,25.258000000000003,1.885,Nigeria,24.439,2.307,5.63N,3.23E,Autumn,1850-1899,1889,26.578698431144726,0.8791503828306382,-2.433825285107023,1
Singapore,1872-01-01,24.715999999999998,1.734,Singapore,24.715999999999998,1.765,0.80N,103.66E,Winter,1850-1899,1872,26.523102826510698,0.7423962997429765,-2.4341484826046864,1
Brasília,1945-06-01,22.683000000000003,0.454,Brazil,18.579,0.36,15.27S,47.50W,Summer,1900-1949,1945,21.727594942748073,1.29338785325707,-2.434378005653241,1
Saint Petersburg,1942-01-01,-25.05,0.238,Russia,-17.529,0.7659999999999999,60.27N,29.19E,Winter,1900-1949,1942,4.009562577962576,8.834361114671651,-2.4380441662264,1
Cali,1884-04-01,23.177,1.024,Colombia,20.054000000000002,1.354,4.02N,76.34W,Spring,1850-1899,1884,21.797027204030183,0.7145867350297902,-2.43921013165395,1
Cali,1883-11-01,23.441999999999997,0.6629999999999999,Colombia,20.054,0.89,4.02N,76.34W,Autumn,1850-1899,1883,21.797027204030183,0.7145867350297902,-2.439210131653955,1
Belo Horizonte,1917-06-01,22.166,0.4970000000000001,Brazil,16.34,0.564,20.09S,44.36W,Summer,1900-1949,1917,21.071396469465675,1.9392794852659099,-2.4397702886115544,1
Manila,1901-02-01,23.776,0.857,Philippines,23.276,1.086,15.27N,120.83E,Winter,1900-1949,1901,26.48771164021164,1.316208504306938,-2.4401237567620764,1
Brasília,1886-07-01,22.555999999999997,0.851,Brazil,18.57,1.277,15.27S,47.50W,Summer,1850-1899,1886,21.727594942748073,1.29338785325707,-2.4413364752084763,1
Cali,1860-12-01,23.206,0.8390000000000001,Colombia,20.051,1.238,4.02N,76.34W,Winter,1850-1899,1860,21.797027204030183,0.7145867350297902,-2.443408362397596,1
Jiddah,1992-02-01,15.242,0.295,Saudi Arabia,19.602999999999998,0.493,21.70N,38.94E,Winter,1950-1999,1992,27.69206601731603,3.310181275854513,-2.443692759765208,1
Bangkok,1819-12-01,21.185,1.665,Thailand,22.979,1.957,13.66N,99.91E,Winter,1800-1849,1819,27.164733303650955,1.7112234411641587,-2.4460471981399277,1
Lagos,1879-08-01,24.205,1.216,Nigeria,24.428,1.186,5.63N,3.23E,Summer,1850-1899,1879,26.578698431144726,0.8791503828306382,-2.446337365195735,1
Kinshasa,1932-07-01,22.274,0.353,Congo (Democratic Republic Of The),21.044,0.504,4.02S,15.27E,Summer,1900-1949,1932,23.87144177881803,1.155259797078266,-2.4474510287372864,1
Abidjan,1904-08-01,23.213,1.004,Côte D'Ivoire,22.728,1.425,5.63N,3.23W,Summer,1900-1949,1904,26.163737197523968,1.4037149934407556,-2.447603119991162,1
Addis Abeba,1907-12-01,20.075,1.6130000000000002,Ethiopia,14.528,2.293,8.84N,38.11E,Winter,1900-1949,1907,17.525072662298964,1.2233385447027414,-2.4499127206256883,1
Singapore,1876-01-01,24.704,0.8740000000000001,Singapore,24.704,0.933,0.80N,103.66E,Winter,1850-1899,1876,26.523102826510698,0.7423962997429765,-2.4503123562718256,1
Surabaya,1884-07-01,24.595,0.5710000000000001,Indonesia,25.038,0.7959999999999999,7.23S,112.70E,Summer,1850-1899,1884,26.809904204363992,0.7222059652253093,-2.453461048069859,1
São Paulo,1894-06-01,21.91,0.675,Brazil,13.536,1.402,23.31S,46.31W,Summer,1850-1899,1894,19.699367843511446,2.5120828714300134,-2.453489060256569,1
Umm Durman,1989-01-01,19.406,0.625,Sudan,19.899,1.484,15.27N,32.50E,Winter,1950-1999,1989,29.099991258741223,3.745608496838044,-2.4564743663168445,1
Lagos,1887-07-01,24.541999999999998,0.912,Nigeria,24.416,0.6920000000000001,5.63N,3.23E,Summer,1850-1899,1887,26.578698431144726,0.8791503828306382,-2.459986907110696,1
Cali,1889-12-01,23.452,1.11,Colombia,20.039,1.382,4.02N,76.34W,Winter,1850-1899,1889,21.797027204030183,0.7145867350297902,-2.460201285372155,1
Kinshasa,1976-07-01,22.79,0.354,Congo (Democratic Republic Of The),21.029,0.491,4.02S,15.27E,Summer,1950-1999,1976,23.87144177881803,1.155259797078266,-2.460435121179468,1
Bangkok,1816-12-01,21.182,1.643,Thailand,22.951,1.968,13.66N,99.91E,Winter,1800-1849,1816,27.164733303650955,1.7112234411641587,-2.4624097603433475,1
Durban,1884-07-01,8.527000000000001,2.154,South Africa,15.507,2.721,29.74S,31.38E,Summer,1850-1899,1884,20.35129204484785,1.9672889176472226,-2.462420238020441,1
Bangalore,1819-01-01,14.385000000000002,2.081,India,20.257,2.954,12.05N,77.26E,Winter,1800-1849,1819,24.85589593301432,1.86683919647516,-2.463466559785998,1
Brasília,1835-06-01,21.975,1.47,Brazil,18.54,1.773,15.27S,47.50W,Summer,1800-1849,1835,21.727594942748073,1.29338785325707,-2.4645313737259267,1
Surabaya,1893-02-01,24.664,0.6459999999999999,Indonesia,25.03,0.784,7.23S,112.70E,Winter,1850-1899,1893,26.809904204363992,0.7222059652253093,-2.4645382204904767,1
Jakarta,1855-10-01,24.526999999999997,1.122,Indonesia,24.912,1.539,5.63S,106.55E,Autumn,1850-1899,1855,26.50820968600322,0.6476391669901195,-2.464658975802142,1
Bogotá,1889-12-01,23.452,1.11,Colombia,18.213,1.341,4.02N,74.73W,Winter,1850-1899,1889,20.002264618434126,0.725749869395096,-2.465401226906807,1
Cali,1917-12-01,23.394000000000002,0.368,Colombia,20.035,0.532,4.02N,76.34W,Winter,1900-1949,1917,21.797027204030183,0.7145867350297902,-2.465798926363678,1
Luanda,1890-07-01,17.245,1.122,Angola,18.815,0.6559999999999999,8.84S,13.78E,Summer,1850-1899,1890,23.693624999999972,1.9772898443441755,-2.4673292152664175,1
Ibadan,1890-09-01,24.159000000000002,1.231,Nigeria,22.76,1.383,7.23N,4.05E,Autumn,1850-1899,1890,26.37310517141197,1.4635332652808781,-2.4687550718012212,1
Rio De Janeiro,1835-09-01,22.838,1.234,Brazil,19.212,1.311,23.31S,42.82W,Autumn,1800-1849,1835,23.788915553435086,1.8528177099687193,-2.470246008989388,1
Cali,1893-12-01,23.493000000000002,0.629,Colombia,20.031,0.926,4.02N,76.34W,Winter,1850-1899,1893,21.797027204030183,0.7145867350297902,-2.471396567355201,1
Brasília,1882-07-01,22.371,0.8,Brazil,18.529,1.139,15.27S,47.50W,Summer,1850-1899,1882,21.727594942748073,1.29338785325707,-2.4730361698489913,1
Santo Domingo,1839-03-01,22.171999999999997,1.075,Dominican Republic,22.71,1.472,18.48N,69.30W,Spring,1800-1849,1839,25.976776619845918,1.3191865802064948,-2.476356770802324,1
Brasília,1861-07-01,22.614,1.127,Brazil,18.524,1.814,15.27S,47.50W,Summer,1850-1899,1861,21.727594942748073,1.29338785325707,-2.4769019862685653,1
Ho Chi Minh City,1920-01-01,18.383,0.515,Vietnam,24.24,0.541,10.45N,107.18E,Winter,1900-1949,1920,27.193983566940545,1.1924610325051177,-2.4772160149626266,1
Singapore,1887-01-01,24.684,1.157,Singapore,24.684,1.182,0.80N,103.66E,Winter,1850-1899,1887,26.523102826510698,0.7423962997429765,-2.4772521457170633,1
Bangkok,1976-01-01,21.215999999999998,0.218,Thailand,22.925,0.237,13.66N,99.91E,Winter,1950-1999,1976,27.164733303650955,1.7112234411641587,-2.4776035681036666,1
Santo Domingo,1845-02-01,22.105,2.351,Dominican Republic,22.706999999999997,2.492,18.48N,69.30W,Winter,1800-1849,1845,25.976776619845918,1.3191865802064948,-2.478630899454796,1
Abidjan,1888-07-01,23.278,0.8190000000000001,Côte D'Ivoire,22.682,1.0590000000000002,5.63N,3.23W,Summer,1850-1899,1888,26.163737197523968,1.4037149934407556,-2.480373304975258,1
Bangkok,1870-12-01,21.213,0.8390000000000001,Thailand,22.92,0.964,13.66N,99.91E,Winter,1850-1899,1870,27.164733303650955,1.7112234411641587,-2.4805254542114197,1
Bogotá,1908-11-01,23.538,0.384,Colombia,18.202,0.485,4.02N,74.73W,Autumn,1900-1949,1908,20.002264618434126,0.725749869395096,-2.4805579640470667,1
Mogadishu,1890-08-01,25.96,2.017,Somalia,24.584,1.905,2.41N,45.80E,Summer,1850-1899,1890,27.151963668850545,1.0348068808055226,-2.481587353624447,1
Manila,1886-01-01,23.386000000000006,0.968,Philippines,23.217,1.161,15.27N,120.83E,Winter,1850-1899,1886,26.48771164021164,1.316208504306938,-2.4849494814150774,1
Bangkok,1940-01-01,21.335,0.365,Thailand,22.912,0.469,13.66N,99.91E,Winter,1900-1949,1940,27.164733303650955,1.7112234411641587,-2.485200471983827,1
Belo Horizonte,1892-07-01,22.366999999999997,0.941,Brazil,16.250999999999998,1.619,20.09S,44.36W,Summer,1850-1899,1892,21.071396469465675,1.9392794852659099,-2.4856636220254322,1
Brasília,1981-07-01,22.819000000000003,0.444,Brazil,18.51,0.408,15.27S,47.50W,Summer,1950-1999,1981,21.727594942748073,1.29338785325707,-2.487726272243375,1
Jakarta,1888-01-01,24.241,0.8270000000000001,Indonesia,24.897,0.995,5.63S,106.55E,Winter,1850-1899,1888,26.50820968600322,0.6476391669901195,-2.4878200209713413,1
Singapore,1904-01-01,24.676,0.8029999999999999,Singapore,24.676,0.8370000000000001,0.80N,103.66E,Winter,1900-1949,1904,26.523102826510698,0.7423962997429765,-2.4880280614951626,1
Rangoon,1848-01-01,16.779,1.365,Burma,22.129,1.5930000000000002,16.87N,95.44E,Winter,1800-1849,1848,26.7657128227961,1.8628121863915033,-2.4890930264837827,1
Rio De Janeiro,1863-09-01,24.019000000000002,1.124,Brazil,19.177,3.193,23.31S,42.82W,Autumn,1850-1899,1863,23.788915553435086,1.8528177099687193,-2.489136156580103,1
Mexico,1852-01-01,12.709000000000001,2.3,Mexico,10.028,2.309,20.09N,98.96W,Winter,1850-1899,1852,15.717422377622361,2.285341681739848,-2.4895281187410716,1
Ho Chi Minh City,1839-12-01,17.916,1.682,Vietnam,24.224,1.863,10.45N,107.18E,Winter,1800-1849,1839,27.193983566940545,1.1924610325051177,-2.4906336441881165,1
Ho Chi Minh City,1918-02-01,18.634,0.52,Vietnam,24.224,0.561,10.45N,107.18E,Winter,1900-1949,1918,27.193983566940545,1.1924610325051177,-2.4906336441881165,1
Bangkok,1903-12-01,20.993000000000002,0.767,Thailand,22.891,1.134,13.66N,99.91E,Winter,1900-1949,1903,27.164733303650955,1.7112234411641587,-2.497472393636393,1
Bangkok,1893-12-01,21.443,1.274,Thailand,22.891,1.442,13.66N,99.91E,Winter,1850-1899,1893,27.164733303650955,1.7112234411641587,-2.497472393636393,1
Kano,1983-01-01,22.295,0.391,Nigeria,18.474,1.127,12.05N,8.22E,Winter,1950-1999,1983,26.14053689715283,3.0692316203702887,-2.4978684717929167,1
Ho Chi Minh City,1875-01-01,17.463,0.935,Vietnam,24.215,1.028,10.45N,107.18E,Winter,1850-1899,1875,27.193983566940545,1.1924610325051177,-2.4981810606274553,1
Manila,1875-12-01,23.953000000000003,0.8340000000000001,Philippines,23.198,1.234,15.27N,120.83E,Winter,1850-1899,1875,26.48771164021164,1.316208504306938,-2.4993848842694324,1
Luanda,1879-07-01,17.438000000000002,1.279,Angola,18.745,1.42,8.84S,13.78E,Summer,1850-1899,1879,23.693624999999972,1.9772898443441755,-2.502731207645141,1
Bangkok,1904-12-01,21.216,0.506,Thailand,22.882,0.871,13.66N,99.91E,Winter,1900-1949,1904,27.164733303650955,1.7112234411641587,-2.502731788630348,1
Ho Chi Minh City,1893-01-01,17.77,1.199,Vietnam,24.206999999999997,1.355,10.45N,107.18E,Winter,1850-1899,1893,27.193983566940545,1.1924610325051177,-2.5048898752402033,1
Berlin,1848-01-01,-7.943,1.703,Germany,-9.276,1.796,52.24N,13.14E,Winter,1800-1849,1848,8.916233733417537,7.25593231206241,-2.507222084083447,1
Bangkok,1875-12-01,21.059,1.103,Thailand,22.874000000000002,1.223,13.66N,99.91E,Winter,1850-1899,1875,27.164733303650955,1.7112234411641587,-2.507406806402753,1
Abidjan,1896-08-01,23.285999999999998,1.054,Côte D'Ivoire,22.644000000000002,1.558,5.63N,3.23W,Summer,1850-1899,1896,26.163737197523968,1.4037149934407556,-2.5074443273534204,1
Belo Horizonte,1904-06-01,22.471999999999998,0.8109999999999999,Brazil,16.205,1.757,20.09S,44.36W,Summer,1900-1949,1904,21.071396469465675,1.9392794852659099,-2.5093837718797953,1
Bogotá,1875-11-01,23.516,0.937,Colombia,18.181,1.248,4.02N,74.73W,Autumn,1850-1899,1875,20.002264618434126,0.725749869395096,-2.50949355313302,1
Bangkok,1819-01-01,20.865,2.0340000000000003,Thailand,22.868000000000002,2.28,13.66N,99.91E,Winter,1800-1849,1819,27.164733303650955,1.7112234411641587,-2.510913069732058,1
Luanda,1954-07-01,17.371000000000002,0.37,Angola,18.727,0.54,8.84S,13.78E,Summer,1950-1999,1954,23.693624999999972,1.9772898443441755,-2.511834577113956,1
Brasília,1889-06-01,22.464,0.913,Brazil,18.474,1.589,15.27S,47.50W,Summer,1850-1899,1889,21.727594942748073,1.29338785325707,-2.5155601504643155,1
Abidjan,1891-07-01,23.331999999999997,0.5539999999999999,Côte D'Ivoire,22.630000000000006,0.905,5.63N,3.23W,Summer,1850-1899,1891,26.163737197523968,1.4037149934407556,-2.5174178619137937,1
Ho Chi Minh City,1875-12-01,17.820999999999998,1.129,Vietnam,24.191,1.401,10.45N,107.18E,Winter,1850-1899,1875,27.193983566940545,1.1924610325051177,-2.518307504465693,1
Singapore,1877-01-01,24.651999999999997,2.102,Singapore,24.651999999999997,2.127,0.80N,103.66E,Winter,1850-1899,1877,26.523102826510698,0.7423962997429765,-2.52035580882945,1
Surabaya,1839-12-01,23.73,1.342,Indonesia,24.989,1.589,7.23S,112.70E,Winter,1800-1849,1839,26.809904204363992,0.7222059652253093,-2.521308729146147,1
Bombay,1862-02-01,17.901,1.325,India,22.573,1.492,18.48N,72.68E,Winter,1850-1899,1862,26.631452153110118,1.6088910655520077,-2.5225151907457883,1
Bangkok,1869-12-01,21.246,1.4380000000000002,Thailand,22.848000000000003,1.7519999999999998,13.66N,99.91E,Winter,1850-1899,1869,27.164733303650955,1.7112234411641587,-2.522600614163072,1
Bogotá,1884-04-01,23.177,1.024,Colombia,18.169,1.2819999999999998,4.02N,74.73W,Spring,1850-1899,1884,20.002264618434126,0.725749869395096,-2.52602817546785,1
Bogotá,1862-11-01,23.423000000000002,1.009,Colombia,18.168,1.275,4.02N,74.73W,Autumn,1850-1899,1862,20.002264618434126,0.725749869395096,-2.5274060606624213,1
Singapore,1893-01-01,24.646,1.105,Singapore,24.646,1.131,0.80N,103.66E,Winter,1850-1899,1893,26.523102826510698,0.7423962997429765,-2.528437745663017,1
Bombay,1884-01-01,16.230999999999998,0.527,India,22.561999999999998,0.772,18.48N,72.68E,Winter,1850-1899,1884,26.631452153110118,1.6088910655520077,-2.5293521980705997,1
Kinshasa,1907-07-01,22.041,0.514,Congo (Democratic Republic Of The),20.948,0.6559999999999999,4.02S,15.27E,Summer,1900-1949,1907,23.87144177881803,1.155259797078266,-2.5305492203672477,1
Nairobi,1928-07-01,21.591,0.634,Kenya,13.42,0.36,0.80S,36.16E,Summer,1900-1949,1928,16.08139511323004,1.051538853334252,-2.5309527125804308,1
Mexico,1870-12-01,12.918,1.898,Mexico,9.933,1.985,20.09N,98.96W,Winter,1850-1899,1870,15.717422377622361,2.285341681739848,-2.5310973951250197,1
Dhaka,1838-01-01,15.15,2.22,Bangladesh,15.667000000000002,2.462,23.31N,90.00E,Winter,1800-1849,1838,25.49650177935943,3.8792347810678254,-2.533876481859572,1
Bombay,1950-02-01,18.305,0.14800000000000002,India,22.553,0.35700000000000004,18.48N,72.68E,Winter,1950-1999,1950,26.631452153110118,1.6088910655520077,-2.534946113154533,1
Bombay,1861-01-01,15.27,1.3630000000000002,India,22.551,1.6880000000000002,18.48N,72.68E,Winter,1850-1899,1861,26.631452153110118,1.6088910655520077,-2.536189205395409,1
Brasília,1911-07-01,22.505,0.391,Brazil,18.445,0.536,15.27S,47.50W,Summer,1900-1949,1911,21.727594942748073,1.29338785325707,-2.5379818856978504,1
Ho Chi Minh City,1898-12-01,18.384,0.722,Vietnam,24.166,0.911,10.45N,107.18E,Winter,1850-1899,1898,27.193983566940545,1.1924610325051177,-2.5392725501305216,1
Bangkok,1934-12-01,21.597,0.307,Thailand,22.816,0.295,13.66N,99.91E,Winter,1900-1949,1934,27.164733303650955,1.7112234411641587,-2.541300685252698,1
Ho Chi Minh City,1965-01-01,18.659000000000002,0.228,Vietnam,24.163,0.39,10.45N,107.18E,Winter,1950-1999,1965,27.193983566940545,1.1924610325051177,-2.541788355610301,1
Kinshasa,1890-06-01,22.261,0.773,Congo (Democratic Republic Of The),20.932,1.028,4.02S,15.27E,Summer,1850-1899,1890,23.87144177881803,1.155259797078266,-2.544398918972243,1
Bangkok,1999-12-01,21.198,0.127,Thailand,22.809,0.196,13.66N,99.91E,Winter,1950-1999,1999,27.164733303650955,1.7112234411641587,-2.5453913258035517,1
Mexico,1838-01-01,12.481,2.352,Mexico,9.896,2.569,20.09N,98.96W,Winter,1800-1849,1838,15.717422377622361,2.285341681739848,-2.547287534348241,1
Singapore,1839-12-01,24.631,2.475,Singapore,24.631,2.514,0.80N,103.66E,Winter,1800-1849,1839,26.523102826510698,0.7423962997429765,-2.5486425877469467,1
Rio De Janeiro,1842-09-01,23.581,1.078,Brazil,19.065,2.573,23.31S,42.82W,Autumn,1800-1849,1842,23.788915553435086,1.8528177099687193,-2.5495846288703907,1
Kinshasa,1906-07-01,22.264,0.5539999999999999,Congo (Democratic Republic Of The),20.926,0.625,4.02S,15.27E,Summer,1900-1949,1906,23.87144177881803,1.155259797078266,-2.5495925559491153,1
Calcutta,1819-01-01,14.385000000000002,2.081,India,15.253000000000002,2.77,23.31N,88.25E,Winter,1800-1849,1819,26.046089712918633,4.228135310671929,-2.5526831380435193,1
Cali,1875-11-01,23.516,0.937,Colombia,19.971,1.305,4.02N,76.34W,Autumn,1850-1899,1875,21.797027204030183,0.7145867350297902,-2.5553611822280162,1
Kinshasa,1992-07-01,22.913,0.384,Congo (Democratic Republic Of The),20.918000000000003,0.281,4.02S,15.27E,Summer,1950-1999,1992,23.87144177881803,1.155259797078266,-2.556517405251608,1
Kinshasa,1887-06-01,22.1,1.125,Congo (Democratic Republic Of The),20.918000000000003,1.808,4.02S,15.27E,Summer,1850-1899,1887,23.87144177881803,1.155259797078266,-2.556517405251608,1
Singapore,1855-12-01,24.625,1.992,Singapore,24.625,2.068,0.80N,103.66E,Winter,1850-1899,1855,26.523102826510698,0.7423962997429765,-2.5567245245805186,1
Saint Petersburg,1987-01-01,-28.230999999999998,0.238,Russia,-18.589,0.324,60.27N,29.19E,Winter,1950-1999,1987,4.009562577962576,8.834361114671651,-2.558030205538242,1
Berlin,1956-02-01,-9.298,0.305,Germany,-9.646,0.486,52.24N,13.14E,Winter,1950-1999,1956,8.916233733417537,7.25593231206241,-2.5582148420209623,1
Mexico,1839-12-01,12.918,1.489,Mexico,9.871,1.735,20.09N,98.96W,Winter,1800-1849,1839,15.717422377622361,2.285341681739848,-2.5582268176071747,1
Kinshasa,1887-07-01,22.499,0.767,Congo (Democratic Republic Of The),20.914,1.178,4.02S,15.27E,Summer,1850-1899,1887,23.87144177881803,1.155259797078266,-2.5599798299028578,1
Brasília,1899-06-01,22.288,0.71,Brazil,18.416,1.019,15.27S,47.50W,Summer,1850-1899,1899,21.727594942748073,1.29338785325707,-2.560403620931385,1
Bangkok,1924-12-01,21.671,0.722,Thailand,22.781,0.965,13.66N,99.91E,Winter,1900-1949,1924,27.164733303650955,1.7112234411641587,-2.5617538880069737,1
Berlin,1940-01-01,-9.094,0.206,Germany,-9.689,0.24,52.24N,13.14E,Winter,1900-1949,1940,8.916233733417537,7.25593231206241,-2.56414102740289,1
Saint Petersburg,1871-02-01,-27.006999999999998,1.964,Russia,-18.644000000000002,1.771,60.27N,29.19E,Winter,1850-1899,1871,4.009562577962576,8.834361114671651,-2.564255896257253,1
Ho Chi Minh City,1872-02-01,18.035999999999998,1.926,Vietnam,24.136,1.608,10.45N,107.18E,Winter,1850-1899,1872,27.193983566940545,1.1924610325051177,-2.5644306049283183,1
Brasília,1886-06-01,22.171,0.779,Brazil,18.406,1.356,15.27S,47.50W,Summer,1850-1899,1886,21.727594942748073,1.29338785325707,-2.5681352537705364,1
Brasília,1890-06-01,22.164,0.632,Brazil,18.403,1.043,15.27S,47.50W,Summer,1850-1899,1890,21.727594942748073,1.29338785325707,-2.5704547436222813,1
Ibadan,1898-08-01,24.146,1.178,Nigeria,22.611,1.709,7.23N,4.05E,Summer,1850-1899,1898,26.37310517141197,1.4635332652808781,-2.5705634854086874,1
Cali,1828-09-01,22.918000000000006,0.951,Colombia,19.96,1.242,4.02N,76.34W,Autumn,1800-1849,1828,21.797027204030183,0.7145867350297902,-2.570754694954698,1
Salvador,1858-09-01,23.77,1.59,Brazil,21.21,2.6860000000000004,13.66S,38.81W,Autumn,1850-1899,1858,24.65697137404586,1.3404275594524262,-2.5715461829611814,1
Bombay,1819-02-01,17.616,2.845,India,22.49,2.942,18.48N,72.68E,Winter,1800-1849,1819,26.631452153110118,1.6088910655520077,-2.5741035187420813,1
Nairobi,1922-07-01,21.283,0.537,Kenya,13.374,0.906,0.80S,36.16E,Summer,1900-1949,1922,16.08139511323004,1.051538853334252,-2.5746981242256033,1
Ho Chi Minh City,1876-12-01,18.219,1.136,Vietnam,24.122,1.379,10.45N,107.18E,Winter,1850-1899,1876,27.193983566940545,1.1924610325051177,-2.5761710305006225,1
Surabaya,1841-01-01,24.103,1.616,Indonesia,24.949,1.887,7.23S,112.70E,Winter,1800-1849,1841,26.809904204363992,0.7222059652253093,-2.5766945912492387,1
Bangkok,1820-12-01,20.941999999999997,1.487,Thailand,22.749000000000002,1.869,13.66N,99.91E,Winter,1800-1849,1820,27.164733303650955,1.7112234411641587,-2.580453959096595,1
Berlin,1823-01-01,-7.629,2.211,Germany,-9.809,3.19,52.24N,13.14E,Winter,1800-1849,1823,8.916233733417537,7.25593231206241,-2.580679219166409,1
Bogotá,1860-12-01,23.206,0.8390000000000001,Colombia,18.129,1.197,4.02N,74.73W,Winter,1850-1899,1860,20.002264618434126,0.725749869395096,-2.5811435832506153,1
Berlin,1838-01-01,-8.762,3.034,Germany,-9.813,3.067,52.24N,13.14E,Winter,1800-1849,1838,8.916233733417537,7.25593231206241,-2.5812304922251927,1
Cali,1862-11-01,23.423000000000002,1.009,Colombia,19.95,1.311,4.02N,76.34W,Autumn,1850-1899,1862,21.797027204030183,0.7145867350297902,-2.584748797433503,1
Kinshasa,1884-07-01,22.166999999999998,0.653,Congo (Democratic Republic Of The),20.885,0.8740000000000001,4.02S,15.27E,Summer,1850-1899,1884,23.87144177881803,1.155259797078266,-2.585082408624409,1
Singapore,1875-01-01,24.603,0.648,Singapore,24.603,0.728,0.80N,103.66E,Winter,1850-1899,1875,26.523102826510698,0.7423962997429765,-2.586358292970279,1
Singapore,1844-11-01,24.603,0.909,Singapore,24.603,1.249,0.80N,103.66E,Autumn,1800-1849,1844,26.523102826510698,0.7423962997429765,-2.586358292970279,1
Abidjan,1887-08-01,22.89,0.665,Côte D'Ivoire,22.528000000000002,0.836,5.63N,3.23W,Summer,1850-1899,1887,26.163737197523968,1.4037149934407556,-2.5900821851393965,1
Dhaka,1813-01-01,14.901000000000002,2.53,Bangladesh,15.447,2.745,23.31N,90.00E,Winter,1800-1849,1813,25.49650177935943,3.8792347810678254,-2.5905886976485437,1
Ibadan,1888-08-01,23.961,0.939,Nigeria,22.573,0.938,7.23N,4.05E,Summer,1850-1899,1888,26.37310517141197,1.4635332652808781,-2.5965280472683094,1
Brasília,1968-06-01,23.16,0.35,Brazil,18.368,0.5720000000000001,15.27S,47.50W,Summer,1950-1999,1968,21.727594942748073,1.29338785325707,-2.597515458559306,1
Bombay,1885-02-01,17.399,0.546,India,22.436,0.7440000000000001,18.48N,72.68E,Winter,1850-1899,1885,26.631452153110118,1.6088910655520077,-2.6076670092456915,1
Santo Domingo,1887-01-01,22.124000000000002,1.396,Dominican Republic,22.534000000000002,1.31,18.48N,69.30W,Winter,1850-1899,1887,25.976776619845918,1.3191865802064948,-2.6097723184138295,1
Jakarta,1839-11-01,24.127,1.38,Indonesia,24.815,1.6869999999999998,5.63S,106.55E,Autumn,1800-1849,1839,26.50820968600322,0.6476391669901195,-2.614433734562953,1
Nairobi,1927-07-01,21.633000000000003,1.399,Kenya,13.33,1.503,0.80S,36.16E,Summer,1900-1949,1927,16.08139511323004,1.051538853334252,-2.6165415614514216,1
Abidjan,1892-08-01,23.024,0.481,Côte D'Ivoire,22.488000000000003,0.67,5.63N,3.23W,Summer,1850-1899,1892,26.163737197523968,1.4037149934407556,-2.618577998169043,1
Abidjan,1888-08-01,22.951,0.993,Côte D'Ivoire,22.486,1.219,5.63N,3.23W,Summer,1850-1899,1888,26.163737197523968,1.4037149934407556,-2.620002788820527,1
Bangkok,1963-01-01,20.633000000000006,0.379,Thailand,22.681,0.316,13.66N,99.91E,Winter,1950-1999,1963,27.164733303650955,1.7112234411641587,-2.620191610162046,1
Ho Chi Minh City,1892-12-01,17.901000000000003,1.368,Vietnam,24.066999999999997,1.127,10.45N,107.18E,Winter,1850-1899,1892,27.193983566940545,1.1924610325051177,-2.622294130963251,1
Bogotá,1852-11-01,23.394000000000002,1.143,Colombia,18.098,1.4069999999999998,4.02N,74.73W,Autumn,1850-1899,1852,20.002264618434126,0.725749869395096,-2.6238580242822622,1
Singapore,1870-01-01,24.575000000000006,1.221,Singapore,24.575000000000006,1.265,0.80N,103.66E,Winter,1850-1899,1870,26.523102826510698,0.7423962997429765,-2.6240739981936065,1
Berlin,1929-02-01,-9.099,0.505,Germany,-10.125,0.884,52.24N,13.14E,Winter,1900-1949,1929,8.916233733417537,7.25593231206241,-2.6242297908103414,1
Jakarta,1855-12-01,24.076999999999998,1.564,Indonesia,24.807,1.908,5.63S,106.55E,Winter,1850-1899,1855,26.50820968600322,0.6476391669901195,-2.6267862919865297,1
Bangkok,1849-12-01,20.941999999999997,1.592,Thailand,22.659000000000002,1.973,13.66N,99.91E,Winter,1800-1849,1849,27.164733303650955,1.7112234411641587,-2.6330479090361614,1
Singapore,1884-01-01,24.568,1.5759999999999998,Singapore,24.568,1.592,0.80N,103.66E,Winter,1850-1899,1884,26.523102826510698,0.7423962997429765,-2.633502924499447,1
Kinshasa,1895-07-01,22.56,0.55,Congo (Democratic Republic Of The),20.829,1.048,4.02S,15.27E,Summer,1850-1899,1895,23.87144177881803,1.155259797078266,-2.633556353741887,1
Bombay,1893-02-01,16.57,0.613,India,22.389,0.58,18.48N,72.68E,Winter,1850-1899,1893,26.631452153110118,1.6088910655520077,-2.6368796769062426,1
Kinshasa,1898-07-01,22.414,0.6,Congo (Democratic Republic Of The),20.825,0.92,4.02S,15.27E,Summer,1850-1899,1898,23.87144177881803,1.155259797078266,-2.6370187783931365,1
Manila,1886-12-01,23.719,1.142,Philippines,23.015,1.289,15.27N,120.83E,Winter,1850-1899,1886,26.48771164021164,1.316208504306938,-2.6384206064982294,1
Bangkok,1876-12-01,20.954,1.171,Thailand,22.648000000000003,1.296,13.66N,99.91E,Winter,1850-1899,1876,27.164733303650955,1.7112234411641587,-2.639476058473219,1
Kinshasa,1911-07-01,22.615,0.916,Congo (Democratic Republic Of The),20.822,0.523,4.02S,15.27E,Summer,1900-1949,1911,23.87144177881803,1.155259797078266,-2.639615596881573,1
Surabaya,1914-08-01,24.793000000000003,0.37,Indonesia,24.903000000000002,0.493,7.23S,112.70E,Summer,1900-1949,1914,26.809904204363992,0.7222059652253093,-2.6403883326677944,1
Nairobi,1906-07-01,21.712,0.461,Kenya,13.304,0.613,0.80S,36.16E,Summer,1900-1949,1906,16.08139511323004,1.051538853334252,-2.6412672289030406,1
Ho Chi Minh City,1963-01-01,17.028,0.371,Vietnam,24.043000000000003,0.752,10.45N,107.18E,Winter,1950-1999,1963,27.193983566940545,1.1924610325051177,-2.642420574801483,1
Bangkok,1822-12-01,20.823,1.933,Thailand,22.632,2.22,13.66N,99.91E,Winter,1800-1849,1822,27.164733303650955,1.7112234411641587,-2.6488260940180317,1
Belo Horizonte,1837-06-01,21.866,1.405,Brazil,15.932,2.568,20.09S,44.36W,Summer,1800-1849,1837,21.071396469465675,1.9392794852659099,-2.6501577047111247,1
Cali,1909-11-01,23.761999999999997,0.477,Colombia,19.903,0.568,4.02N,76.34W,Autumn,1900-1949,1909,21.797027204030183,0.7145867350297902,-2.650521079083877,1
Mexico,1876-12-01,13.191,1.114,Mexico,9.655,1.426,20.09N,98.96W,Winter,1850-1899,1876,15.717422377622361,2.285341681739848,-2.652742224964362,1
Singapore,1869-12-01,24.553,0.996,Singapore,24.553,1.028,0.80N,103.66E,Winter,1850-1899,1869,26.523102826510698,0.7423962997429765,-2.6537077665833766,1
Belo Horizonte,1894-06-01,21.91,0.675,Brazil,15.92,1.171,20.09S,44.36W,Summer,1850-1899,1894,21.071396469465675,1.9392794852659099,-2.656345569890524,1
Bangkok,1975-12-01,20.787,0.154,Thailand,22.618000000000002,0.289,13.66N,99.91E,Winter,1950-1999,1975,27.164733303650955,1.7112234411641587,-2.6570073751197416,1
Cali,1908-11-01,23.538,0.384,Colombia,19.897000000000002,0.517,4.02N,76.34W,Autumn,1900-1949,1908,21.797027204030183,0.7145867350297902,-2.6589175405711543,1
Dhaka,1819-01-01,14.788,2.492,Bangladesh,15.148,2.6630000000000003,23.31N,90.00E,Winter,1800-1849,1819,25.49650177935943,3.8792347810678254,-2.667665754561736,1
Cali,1861-01-01,22.948,1.091,Colombia,19.885,1.457,4.02N,76.34W,Winter,1850-1899,1861,21.797027204030183,0.7145867350297902,-2.6757104635457183,1
Cali,1862-12-01,23.149,1.203,Colombia,19.884,1.4409999999999998,4.02N,76.34W,Winter,1850-1899,1862,21.797027204030183,0.7145867350297902,-2.6771098737936003,1
Surabaya,1914-07-01,24.959,0.423,Indonesia,24.871,0.597,7.23S,112.70E,Summer,1900-1949,1914,26.809904204363992,0.7222059652253093,-2.6846970223502735,1
Lagos,1888-07-01,24.531,1.036,Nigeria,24.215999999999998,0.607,5.63N,3.23E,Summer,1850-1899,1888,26.578698431144726,0.8791503828306382,-2.687479272360034,1
Bangkok,1835-12-01,20.763,1.4480000000000002,Thailand,22.558000000000003,1.814,13.66N,99.91E,Winter,1800-1849,1835,27.164733303650955,1.7112234411641587,-2.692070008412785,1
Kinshasa,1967-07-01,22.576,0.397,Congo (Democratic Republic Of The),20.76,0.731,4.02S,15.27E,Summer,1950-1999,1967,23.87144177881803,1.155259797078266,-2.693283178975921,1
Brasília,1904-07-01,22.774,0.99,Brazil,18.243,2.092,15.27S,47.50W,Summer,1900-1949,1904,21.727594942748073,1.29338785325707,-2.6941608690486802,1
Kinshasa,1888-07-01,22.51,0.647,Congo (Democratic Republic Of The),20.756,0.784,4.02S,15.27E,Summer,1850-1899,1888,23.87144177881803,1.155259797078266,-2.6967456036271704,1
Bogotá,1890-01-01,23.265,1.092,Colombia,18.045,1.4509999999999998,4.02N,74.73W,Winter,1850-1899,1890,20.002264618434126,0.725749869395096,-2.6968859395944236,1
Abidjan,1891-08-01,22.898000000000003,0.59,Côte D'Ivoire,22.377,0.715,5.63N,3.23W,Summer,1850-1899,1891,26.163737197523968,1.4037149934407556,-2.6976538793263165,1
Cali,1852-11-01,23.394000000000002,1.143,Colombia,19.868,1.436,4.02N,76.34W,Autumn,1850-1899,1852,21.797027204030183,0.7145867350297902,-2.699500437759687,1
Ho Chi Minh City,1902-02-01,18.230999999999998,0.386,Vietnam,23.968000000000004,0.503,10.45N,107.18E,Winter,1900-1949,1902,27.193983566940545,1.1924610325051177,-2.7053157117959716,1
Abidjan,1890-08-01,22.785999999999998,0.757,Côte D'Ivoire,22.363000000000003,0.942,5.63N,3.23W,Summer,1850-1899,1890,26.163737197523968,1.4037149934407556,-2.70762741388669,1
Kinshasa,1940-07-01,22.476,0.382,Congo (Democratic Republic Of The),20.738000000000003,0.669,4.02S,15.27E,Summer,1900-1949,1940,23.87144177881803,1.155259797078266,-2.7123265145577857,1
Singapore,1847-12-01,24.507,1.435,Singapore,24.507,1.6869999999999998,0.80N,103.66E,Winter,1800-1849,1847,26.523102826510698,0.7423962997429765,-2.715669282307424,1
Cali,1890-01-01,23.265,1.092,Colombia,19.854000000000006,1.4980000000000002,4.02N,76.34W,Winter,1850-1899,1890,21.797027204030183,0.7145867350297902,-2.7190921812300006,1
Singapore,1844-12-01,24.504,0.942,Singapore,24.504,1.287,0.80N,103.66E,Winter,1800-1849,1844,26.523102826510698,0.7423962997429765,-2.7197102507242104,1
Lagos,1889-08-01,24.516,1.181,Nigeria,24.186,1.651,5.63N,3.23E,Summer,1850-1899,1889,26.578698431144726,0.8791503828306382,-2.7216031271474312,1
Brasília,1942-07-01,22.261999999999997,0.307,Brazil,18.205,0.624,15.27S,47.50W,Summer,1900-1949,1942,21.727594942748073,1.29338785325707,-2.7235410738374504,1
Bombay,1820-01-01,14.902,4.208,India,22.249,4.312,18.48N,72.68E,Winter,1800-1849,1820,26.631452153110118,1.6088910655520077,-2.723896133767458,1
Kinshasa,1954-07-01,22.488000000000003,0.153,Congo (Democratic Republic Of The),20.724,0.319,4.02S,15.27E,Summer,1950-1999,1954,23.87144177881803,1.155259797078266,-2.7244450008371577,1
Salvador,1835-09-01,22.838,1.234,Brazil,21.005,1.328,13.66S,38.81W,Autumn,1800-1849,1835,24.65697137404586,1.3404275594524262,-2.7244824595651522,1
Ibadan,1891-08-01,23.881,0.939,Nigeria,22.377,0.866,7.23N,4.05E,Summer,1850-1899,1891,26.37310517141197,1.4635332652808781,-2.7304505242284662,1
Bangkok,1915-12-01,21.42,0.78,Thailand,22.492,0.78,13.66N,99.91E,Winter,1900-1949,1915,27.164733303650955,1.7112234411641587,-2.730638905035135,1
Lagos,1890-07-01,24.511000000000006,1.876,Nigeria,24.176,2.194,5.63N,3.23E,Summer,1850-1899,1890,26.578698431144726,0.8791503828306382,-2.7329777454099,1
Kinshasa,1881-07-01,22.326,0.981,Congo (Democratic Republic Of The),20.713,1.464,4.02S,15.27E,Summer,1850-1899,1881,23.87144177881803,1.155259797078266,-2.73396666862809,1
Bogotá,1862-12-01,23.149,1.203,Colombia,18.017,1.43,4.02N,74.73W,Winter,1850-1899,1862,20.002264618434126,0.725749869395096,-2.735466725042363,1
Ibadan,1887-08-01,23.655,1.09,Nigeria,22.36,1.154,7.23N,4.05E,Summer,1850-1899,1887,26.37310517141197,1.4635332652808781,-2.7420662492709282,1
Kinshasa,1943-07-01,22.546999999999997,0.272,Congo (Democratic Republic Of The),20.701,0.606,4.02S,15.27E,Summer,1900-1949,1943,23.87144177881803,1.155259797078266,-2.7443539425818355,1
Singapore,1876-12-01,24.478,1.399,Singapore,24.478,1.426,0.80N,103.66E,Winter,1850-1899,1876,26.523102826510698,0.7423962997429765,-2.75473197700302,1
Bogotá,1861-01-01,22.948,1.091,Colombia,18.002000000000006,1.4409999999999998,4.02N,74.73W,Winter,1850-1899,1861,20.002264618434126,0.725749869395096,-2.7561350029608915,1
Kinshasa,1923-07-01,22.357,0.63,Congo (Democratic Republic Of The),20.683000000000003,0.51,4.02S,15.27E,Summer,1900-1949,1923,23.87144177881803,1.155259797078266,-2.759934853512451,1
Brasília,1926-07-01,22.748,0.539,Brazil,18.152,1.13,15.27S,47.50W,Summer,1900-1949,1926,21.727594942748073,1.29338785325707,-2.764518727884943,1
Santo Domingo,1839-12-01,21.86,1.642,Dominican Republic,22.329,1.924,18.48N,69.30W,Winter,1800-1849,1839,25.976776619845918,1.3191865802064948,-2.7651711096658698,1
Lagos,1891-07-01,24.658,0.76,Nigeria,24.145,0.555,5.63N,3.23E,Summer,1850-1899,1891,26.578698431144726,0.8791503828306382,-2.7682390620235453,1
Brasília,1897-07-01,22.197,0.8290000000000001,Brazil,18.138,1.09,15.27S,47.50W,Summer,1850-1899,1897,21.727594942748073,1.29338785325707,-2.7753430138597524,1
Kinshasa,1891-07-01,22.363000000000003,0.738,Congo (Democratic Republic Of The),20.658,0.907,4.02S,15.27E,Summer,1850-1899,1891,23.87144177881803,1.155259797078266,-2.781575007582755,1
Singapore,1871-12-01,24.458000000000002,1.238,Singapore,24.458000000000002,1.269,0.80N,103.66E,Winter,1850-1899,1871,26.523102826510698,0.7423962997429765,-2.781671766448258,1
Manila,1918-01-01,23.450000000000006,0.3720000000000001,Philippines,22.825,0.282,15.27N,120.83E,Winter,1900-1949,1918,26.48771164021164,1.316208504306938,-2.78277463504179,1
Cali,1858-12-01,23.1,0.923,Colombia,19.808,1.247,4.02N,76.34W,Winter,1850-1899,1858,21.797027204030183,0.7145867350297902,-2.7834650526325024,1
Singapore,1874-12-01,24.45,1.507,Singapore,24.45,1.533,0.80N,103.66E,Winter,1850-1899,1874,26.523102826510698,0.7423962997429765,-2.792447682226357,1
Singapore,1871-01-01,24.447000000000006,1.278,Singapore,24.447000000000006,1.321,0.80N,103.66E,Winter,1850-1899,1871,26.523102826510698,0.7423962997429765,-2.7964886506431332,1
Bombay,1838-01-01,14.552,2.209,India,22.125999999999998,2.344,18.48N,72.68E,Winter,1800-1849,1838,26.631452153110118,1.6088910655520077,-2.8003463065812397,1
Manila,1886-02-01,22.984,1.416,Philippines,22.794,2.108,15.27N,120.83E,Winter,1850-1899,1886,26.48771164021164,1.316208504306938,-2.8063271344357386,1
Ho Chi Minh City,1862-01-01,17.253999999999998,1.307,Vietnam,23.847,1.617,10.45N,107.18E,Winter,1850-1899,1862,27.193983566940545,1.1924610325051177,-2.8067865328137502,1
Kinshasa,1904-07-01,22.259,0.607,Congo (Democratic Republic Of The),20.624000000000002,0.534,4.02S,15.27E,Summer,1900-1949,1904,23.87144177881803,1.155259797078266,-2.8110056171183655,1
Brasília,1917-06-01,22.166,0.4970000000000001,Brazil,18.090999999999998,0.727,15.27S,47.50W,Summer,1900-1949,1917,21.727594942748073,1.29338785325707,-2.8116816882037603,1
Brasília,1892-07-01,22.366999999999997,0.941,Brazil,18.076,1.676,15.27S,47.50W,Summer,1850-1899,1892,21.727594942748073,1.29338785325707,-2.8232791374624826,1
Singapore,1858-12-01,24.424,1.003,Singapore,24.424,1.32,0.80N,103.66E,Winter,1850-1899,1858,26.523102826510698,0.7423962997429765,-2.827469408505167,1
Umm Durman,1983-01-01,19.031,0.358,Sudan,18.508,0.883,15.27N,32.50E,Winter,1950-1999,1983,29.099991258741223,3.745608496838044,-2.827842596919229,1
Manila,1862-01-01,23.154000000000003,0.978,Philippines,22.753,1.321,15.27N,120.83E,Winter,1850-1899,1862,26.48771164021164,1.316208504306938,-2.837477214279349,1
Bangkok,1892-12-01,20.798000000000002,1.212,Thailand,22.307,1.4880000000000002,13.66N,99.91E,Winter,1850-1899,1892,27.164733303650955,1.7112234411641587,-2.8387486910220225,1
Kinshasa,1882-07-01,22.023000000000003,0.665,Congo (Democratic Republic Of The),20.585,0.757,4.02S,15.27E,Summer,1850-1899,1882,23.87144177881803,1.155259797078266,-2.8447642574680385,1
Santo Domingo,1838-01-01,21.884,1.969,Dominican Republic,22.224,2.173,18.48N,69.30W,Winter,1800-1849,1838,25.976776619845918,1.3191865802064948,-2.84476561250228,1
Bombay,1844-02-01,17.971,1.624,India,22.053,3.15,18.48N,72.68E,Winter,1800-1849,1844,26.631452153110118,1.6088910655520077,-2.845719173373157,1
Singapore,1841-01-01,24.409,2.273,Singapore,24.409,2.329,0.80N,103.66E,Winter,1800-1849,1841,26.523102826510698,0.7423962997429765,-2.8476742505890966,1
Bogotá,1858-12-01,23.1,0.923,Colombia,17.932000000000002,1.215,4.02N,74.73W,Winter,1850-1899,1858,20.002264618434126,0.725749869395096,-2.8525869665807377,1
Rio De Janeiro,1858-09-01,23.77,1.59,Brazil,18.483,5.277,23.31S,42.82W,Autumn,1850-1899,1858,23.788915553435086,1.8528177099687193,-2.8637007973788546,1
Kinshasa,1958-07-01,22.607,0.28,Congo (Democratic Republic Of The),20.561999999999998,0.369,4.02S,15.27E,Summer,1950-1999,1958,23.87144177881803,1.155259797078266,-2.8646731992127195,1
Bangkok,1918-01-01,20.534000000000002,0.927,Thailand,22.253,1.278,13.66N,99.91E,Winter,1900-1949,1918,27.164733303650955,1.7112234411641587,-2.8703050609857614,1
Singapore,1845-12-01,24.388,1.5590000000000002,Singapore,24.388,1.7919999999999998,0.80N,103.66E,Winter,1800-1849,1845,26.523102826510698,0.7423962997429765,-2.8759610295065934,1
Bombay,1813-01-01,14.479,2.782,India,22.003,3.062,18.48N,72.68E,Winter,1800-1849,1813,26.631452153110118,1.6088910655520077,-2.87679647939502,1
Mexico,1856-01-01,12.064,2.244,Mexico,9.127,2.842,20.09N,98.96W,Winter,1850-1899,1856,15.717422377622361,2.285341681739848,-2.8837798873930405,1
Brasília,1904-06-01,22.471999999999998,0.8109999999999999,Brazil,17.994,1.956,15.27S,47.50W,Summer,1900-1949,1904,21.727594942748073,1.29338785325707,-2.8866785267435127,1
Bombay,1819-01-01,14.385000000000002,2.081,India,21.976999999999997,2.438,18.48N,72.68E,Winter,1800-1849,1819,26.631452153110118,1.6088910655520077,-2.8929566785263905,1
Lagos,1892-08-01,24.5,0.614,Nigeria,24.034,0.479,5.63N,3.23E,Summer,1850-1899,1892,26.578698431144726,0.8791503828306382,-2.894497324736927,1
Rangoon,1819-01-01,16.095,2.022,Burma,21.368000000000002,2.141,16.87N,95.44E,Winter,1800-1849,1819,26.7657128227961,1.8628121863915033,-2.8976151553164,1
Brasília,1837-06-01,21.866,1.405,Brazil,17.977999999999998,2.021,15.27S,47.50W,Summer,1800-1849,1837,21.727594942748073,1.29338785325707,-2.899049139286154,1
Brasília,1907-07-01,22.238000000000003,0.494,Brazil,17.953999999999994,0.955,15.27S,47.50W,Summer,1900-1949,1907,21.727594942748073,1.29338785325707,-2.9176050581001176,1
Jakarta,1872-01-01,24.457,1.305,Indonesia,24.615,1.253,5.63S,106.55E,Winter,1850-1899,1872,26.50820968600322,0.6476391669901195,-2.923247670152266,1
Jakarta,1841-01-01,24.103,1.616,Indonesia,24.61,1.981,5.63S,106.55E,Winter,1800-1849,1841,26.50820968600322,0.6476391669901195,-2.9309680185419973,1
Surabaya,1893-01-01,24.273000000000003,0.778,Indonesia,24.684,0.945,7.23S,112.70E,Winter,1850-1899,1893,26.809904204363992,0.7222059652253093,-2.943625927682229,1
Surabaya,1888-01-01,24.241,0.8270000000000001,Indonesia,24.683000000000003,1.075,7.23S,112.70E,Winter,1850-1899,1888,26.809904204363992,0.7222059652253093,-2.945010574234803,1
Singapore,1861-01-01,24.33,1.169,Singapore,24.33,1.551,0.80N,103.66E,Winter,1850-1899,1861,26.523102826510698,0.7423962997429765,-2.9540864188977896,1
Bombay,1905-02-01,16.043,0.499,India,21.858,0.471,18.48N,72.68E,Winter,1900-1949,1905,26.631452153110118,1.6088910655520077,-2.9669206668584205,1
Kinshasa,1858-07-01,21.796,0.957,Congo (Democratic Republic Of The),20.443,1.3769999999999998,4.02S,15.27E,Summer,1850-1899,1858,23.87144177881803,1.155259797078266,-2.967680332587356,1
Surabaya,1923-08-01,24.745,0.433,Indonesia,24.662,0.377,7.23S,112.70E,Summer,1900-1949,1923,26.809904204363992,0.7222059652253093,-2.974088151838933,1
Brasília,1894-06-01,21.91,0.675,Brazil,17.855999999999998,1.198,15.27S,47.50W,Summer,1850-1899,1894,21.727594942748073,1.29338785325707,-2.993375059923783,1
Brasília,1921-07-01,21.865,0.444,Brazil,17.851,0.569,15.27S,47.50W,Summer,1900-1949,1921,21.727594942748073,1.29338785325707,-2.9972408763433576,1
Lagos,1898-08-01,24.146,1.178,Nigeria,23.914,1.658,5.63N,3.23E,Summer,1850-1899,1898,26.578698431144726,0.8791503828306382,-3.0309927438865247,1
Singapore,1870-12-01,24.271,1.0490000000000002,Singapore,24.271,1.085,0.80N,103.66E,Winter,1850-1899,1870,26.523102826510698,0.7423962997429765,-3.03355879776124,1
Kinshasa,1879-07-01,22.175,0.96,Congo (Democratic Republic Of The),20.362000000000002,1.196,4.02S,15.27E,Summer,1850-1899,1879,23.87144177881803,1.155259797078266,-3.037794431775135,1
Kinshasa,1890-07-01,22.261999999999997,0.71,Congo (Democratic Republic Of The),20.355,0.674,4.02S,15.27E,Summer,1850-1899,1890,23.87144177881803,1.155259797078266,-3.0438536749148213,1
Lagos,1889-09-01,24.706,1.324,Nigeria,23.901,1.749,5.63N,3.23E,Autumn,1850-1899,1889,26.578698431144726,0.8791503828306382,-3.0457797476277335,1
Ibadan,1890-08-01,23.398000000000003,1.093,Nigeria,21.904,1.192,7.23N,4.05E,Summer,1850-1899,1890,26.37310517141197,1.4635332652808781,-3.0536409915863927,1
Brasília,1923-07-01,22.171,0.413,Brazil,17.77,0.759,15.27S,47.50W,Summer,1900-1949,1923,21.727594942748073,1.29338785325707,-3.0598671023404718,1
Bangkok,1817-12-01,20.1,2.116,Thailand,21.927,2.4,13.66N,99.91E,Winter,1800-1849,1817,27.164733303650955,1.7112234411641587,-3.0608120352113013,1
Bangkok,1939-12-01,20.27,0.359,Thailand,21.894000000000002,0.335,13.66N,99.91E,Winter,1900-1949,1939,27.164733303650955,1.7112234411641587,-3.0800964835224747,1
Jakarta,1839-12-01,23.73,1.342,Indonesia,24.493,1.7719999999999998,5.63S,106.55E,Winter,1800-1849,1839,26.50820968600322,0.6476391669901195,-3.111624170861744,1
Singapore,1875-12-01,24.184,1.429,Singapore,24.184,1.455,0.80N,103.66E,Winter,1850-1899,1875,26.523102826510698,0.7423962997429765,-3.1507468818480273,1
Lagos,1888-08-01,23.961,0.939,Nigeria,23.804,1.036,5.63N,3.23E,Summer,1850-1899,1888,26.578698431144726,0.8791503828306382,-3.1561135447736626,1
Lagos,1890-09-01,24.159000000000002,1.231,Nigeria,23.738000000000003,1.368,5.63N,3.23E,Autumn,1850-1899,1890,26.578698431144726,0.8791503828306382,-3.2311860253059375,1
Singapore,1918-01-01,24.123,0.453,Singapore,24.123,0.464,0.80N,103.66E,Winter,1900-1949,1918,26.523102826510698,0.7423962997429765,-3.232913239656005,1
Singapore,1860-12-01,24.031999999999996,0.789,Singapore,24.031999999999996,1.165,0.80N,103.66E,Winter,1850-1899,1860,26.523102826510698,0.7423962997429765,-3.3554892816318467,1
Lagos,1887-08-01,23.655,1.09,Nigeria,23.601999999999997,1.122,5.63N,3.23E,Summer,1850-1899,1887,26.578698431144726,0.8791503828306382,-3.3858808336754924,1
Lagos,1891-08-01,23.881,0.939,Nigeria,23.588,0.86,5.63N,3.23E,Summer,1850-1899,1891,26.578698431144726,0.8791503828306382,-3.401805299242941,1
Bombay,1816-02-01,16.250999999999998,1.912,India,21.01,2.0380000000000003,18.48N,72.68E,Winter,1800-1849,1816,26.631452153110118,1.6088910655520077,-3.4939917769892057,1
Brasília,1921-06-01,21.796999999999997,0.812,Brazil,17.208000000000002,2.459,15.27S,47.50W,Summer,1900-1949,1921,21.727594942748073,1.29338785325707,-3.494384867900696,1
Ho Chi Minh City,1918-01-01,16.561999999999998,0.584,Vietnam,22.986,0.511,10.45N,107.18E,Winter,1900-1949,1918,27.193983566940545,1.1924610325051177,-3.5288227055104926,1
Lagos,1890-08-01,23.398000000000003,1.093,Nigeria,23.233,1.233,5.63N,3.23E,Summer,1850-1899,1890,26.578698431144726,0.8791503828306382,-3.8056042475605105,1
